[s000005] train open_sky day hfov 10 bin 64+ (217.5 px @ 60 m) negatives ['bird']
Blender 4.2.23 LTS (hash d0cbe84903e8 built 2026-07-21 01:34:46)
Fra:1 Mem:10.47M (Peak 10.47M) | Time:00:00.04 | Mem:0.00M, Peak:0.00M | Scene, ViewLayer | Synchronizing object | calib_plane
Fra:1 Mem:10.47M (Peak 10.47M) | Time:00:00.05 | Mem:0.00M, Peak:0.00M | Scene, ViewLayer | Initializing
Fra:1 Mem:10.31M (Peak 10.47M) | Time:00:00.10 | Mem:0.00M, Peak:0.00M | Scene, ViewLayer | Waiting for render to start
Fra:1 Mem:10.31M (Peak 10.47M) | Time:00:00.11 | Mem:0.00M, Peak:0.00M | Scene, ViewLayer | Loading render kernels (may take a few minutes the first time)
Fra:1 Mem:10.31M (Peak 10.47M) | Time:00:00.11 | Mem:0.00M, Peak:0.00M | Scene, ViewLayer | Updating Scene
Fra:1 Mem:10.31M (Peak 10.47M) | Time:00:00.11 | Mem:0.00M, Peak:0.00M | Scene, ViewLayer | Updating Shaders
Fra:1 Mem:10.39M (Peak 10.47M) | Time:00:00.14 | Mem:0.00M, Peak:0.00M | Scene, ViewLayer | Updating Procedurals
Fra:1 Mem:10.39M (Peak 10.47M) | Time:00:00.14 | Mem:0.00M, Peak:0.00M | Scene, ViewLayer | Updating Background
Fra:1 Mem:10.39M (Peak 10.47M) | Time:00:00.14 | Mem:0.00M, Peak:0.00M | Scene, ViewLayer | Updating Camera
Fra:1 Mem:10.39M (Peak 10.47M) | Time:00:00.14 | Mem:0.00M, Peak:0.00M | Scene, ViewLayer | Updating Meshes Flags
Fra:1 Mem:10.39M (Peak 10.47M) | Time:00:00.14 | Mem:0.00M, Peak:0.00M | Scene, ViewLayer | Updating Objects
Fra:1 Mem:10.39M (Peak 10.47M) | Time:00:00.15 | Mem:0.00M, Peak:0.00M | Scene, ViewLayer | Updating Objects | Copying Transformations to device
Fra:1 Mem:10.39M (Peak 10.47M) | Time:00:00.15 | Mem:0.00M, Peak:0.00M | Scene, ViewLayer | Updating Objects | Applying Static Transformations
Fra:1 Mem:10.39M (Peak 10.47M) | Time:00:00.15 | Mem:0.00M, Peak:0.00M | Scene, ViewLayer | Updating Particle Systems
Fra:1 Mem:10.39M (Peak 10.47M) | Time:00:00.15 | Mem:0.00M, Peak:0.00M | Scene, ViewLayer | Updating Particle Systems | Copying Particles to device
Fra:1 Mem:10.39M (Peak 10.47M) | Time:00:00.15 | Mem:0.00M, Peak:0.00M | Scene, ViewLayer | Updating Meshes
Fra:1 Mem:10.39M (Peak 10.47M) | Time:00:00.15 | Mem:0.00M, Peak:0.00M | Scene, ViewLayer | Updating Mesh | Computing attributes
Fra:1 Mem:10.39M (Peak 10.47M) | Time:00:00.15 | Mem:0.00M, Peak:0.00M | Scene, ViewLayer | Updating Mesh | Copying Attributes to device
Fra:1 Mem:10.39M (Peak 10.47M) | Time:00:00.15 | Mem:0.00M, Peak:0.00M | Scene, ViewLayer | Updating Scene BVH | Building
Fra:1 Mem:10.39M (Peak 10.47M) | Time:00:00.15 | Mem:0.00M, Peak:0.00M | Scene, ViewLayer | Updating Scene BVH | Building BVH
Fra:1 Mem:10.39M (Peak 10.47M) | Time:00:00.16 | Mem:0.00M, Peak:0.00M | Scene, ViewLayer | Updating Scene BVH | Building BVH 0%
Fra:1 Mem:10.39M (Peak 10.47M) | Time:00:00.16 | Mem:0.00M, Peak:0.00M | Scene, ViewLayer | Updating Scene BVH | Copying BVH to device
Fra:1 Mem:10.39M (Peak 10.47M) | Time:00:00.16 | Mem:0.00M, Peak:0.00M | Scene, ViewLayer | Updating Mesh | Computing normals
Fra:1 Mem:10.39M (Peak 10.47M) | Time:00:00.16 | Mem:0.00M, Peak:0.00M | Scene, ViewLayer | Updating Mesh | Copying Mesh to device
Fra:1 Mem:10.39M (Peak 10.47M) | Time:00:00.16 | Mem:0.00M, Peak:0.00M | Scene, ViewLayer | Updating Objects Flags
Fra:1 Mem:10.39M (Peak 10.47M) | Time:00:00.16 | Mem:0.00M, Peak:0.00M | Scene, ViewLayer | Updating Primitive Offsets
Fra:1 Mem:10.39M (Peak 10.47M) | Time:00:00.16 | Mem:0.00M, Peak:0.00M | Scene, ViewLayer | Updating Images
Fra:1 Mem:10.39M (Peak 10.47M) | Time:00:00.16 | Mem:0.00M, Peak:0.00M | Scene, ViewLayer | Updating Images | Loading sky_nishita
Fra:1 Mem:11.40M (Peak 11.40M) | Time:00:01.23 | Mem:1.00M, Peak:1.00M | Scene, ViewLayer | Updating Camera Volume
Fra:1 Mem:11.40M (Peak 11.40M) | Time:00:01.23 | Mem:1.00M, Peak:1.00M | Scene, ViewLayer | Updating Lookup Tables
Fra:1 Mem:11.40M (Peak 11.40M) | Time:00:01.23 | Mem:1.08M, Peak:1.08M | Scene, ViewLayer | Updating Lights
Fra:1 Mem:11.40M (Peak 11.40M) | Time:00:01.23 | Mem:1.08M, Peak:1.08M | Scene, ViewLayer | Updating Lights | Importance map
Fra:1 Mem:12.41M (Peak 16.90M) | Time:00:01.29 | Mem:2.10M, Peak:4.60M | Scene, ViewLayer | Updating Lights | Computing tree
Fra:1 Mem:12.41M (Peak 16.90M) | Time:00:01.29 | Mem:2.10M, Peak:4.60M | Scene, ViewLayer | Updating Integrator
Fra:1 Mem:12.41M (Peak 16.90M) | Time:00:01.29 | Mem:2.10M, Peak:4.60M | Scene, ViewLayer | Updating Film
Fra:1 Mem:12.41M (Peak 16.90M) | Time:00:01.29 | Mem:2.02M, Peak:4.60M | Scene, ViewLayer | Updating Lookup Tables
Fra:1 Mem:12.41M (Peak 16.90M) | Time:00:01.29 | Mem:2.10M, Peak:4.60M | Scene, ViewLayer | Updating Baking
Fra:1 Mem:12.41M (Peak 16.90M) | Time:00:01.29 | Mem:2.10M, Peak:4.60M | Scene, ViewLayer | Updating Device | Writing constant memory
Fra:1 Mem:12.41M (Peak 16.90M) | Time:00:01.29 | Mem:2.10M, Peak:4.60M | Scene, ViewLayer | Sample 0/256
Fra:1 Mem:12.42M (Peak 16.90M) | Time:00:01.30 | Remaining:00:02.27 | Mem:2.11M, Peak:4.60M | Scene, ViewLayer | Sample 1/256
Fra:1 Mem:12.43M (Peak 16.90M) | Time:00:01.48 | Mem:2.11M, Peak:4.60M | Scene, ViewLayer | Sample 256/256
Fra:1 Mem:12.43M (Peak 16.90M) | Time:00:01.48 | Mem:2.11M, Peak:4.60M | Scene, ViewLayer | Finished
Saved: 'C:\Users\usman_pyywgw5\AppData\Local\Temp\fyp_calib_16540_1.exr'
Time: 00:01.50 (Saving: 00:00.01)

Fra:1 Mem:10.48M (Peak 10.48M) | Time:00:00.00 | Mem:0.00M, Peak:0.00M | Scene, ViewLayer | Synchronizing object | calib_plane
Fra:1 Mem:10.48M (Peak 10.48M) | Time:00:00.00 | Mem:0.00M, Peak:0.00M | Scene, ViewLayer | Initializing
Fra:1 Mem:10.32M (Peak 10.48M) | Time:00:00.03 | Mem:0.00M, Peak:0.00M | Scene, ViewLayer | Waiting for render to start
Fra:1 Mem:10.32M (Peak 10.48M) | Time:00:00.03 | Mem:0.00M, Peak:0.00M | Scene, ViewLayer | Loading render kernels (may take a few minutes the first time)
Fra:1 Mem:10.32M (Peak 10.48M) | Time:00:00.03 | Mem:0.00M, Peak:0.00M | Scene, ViewLayer | Updating Scene
Fra:1 Mem:10.32M (Peak 10.48M) | Time:00:00.03 | Mem:0.00M, Peak:0.00M | Scene, ViewLayer | Updating Shaders
Fra:1 Mem:10.40M (Peak 10.48M) | Time:00:00.03 | Mem:0.00M, Peak:0.00M | Scene, ViewLayer | Updating Procedurals
Fra:1 Mem:10.40M (Peak 10.48M) | Time:00:00.03 | Mem:0.00M, Peak:0.00M | Scene, ViewLayer | Updating Background
Fra:1 Mem:10.40M (Peak 10.48M) | Time:00:00.03 | Mem:0.00M, Peak:0.00M | Scene, ViewLayer | Updating Camera
Fra:1 Mem:10.40M (Peak 10.48M) | Time:00:00.03 | Mem:0.00M, Peak:0.00M | Scene, ViewLayer | Updating Meshes Flags
Fra:1 Mem:10.40M (Peak 10.48M) | Time:00:00.03 | Mem:0.00M, Peak:0.00M | Scene, ViewLayer | Updating Objects
Fra:1 Mem:10.40M (Peak 10.48M) | Time:00:00.03 | Mem:0.00M, Peak:0.00M | Scene, ViewLayer | Updating Objects | Copying Transformations to device
Fra:1 Mem:10.41M (Peak 10.48M) | Time:00:00.03 | Mem:0.00M, Peak:0.00M | Scene, ViewLayer | Updating Objects | Applying Static Transformations
Fra:1 Mem:10.41M (Peak 10.48M) | Time:00:00.03 | Mem:0.00M, Peak:0.00M | Scene, ViewLayer | Updating Particle Systems
Fra:1 Mem:10.41M (Peak 10.48M) | Time:00:00.03 | Mem:0.00M, Peak:0.00M | Scene, ViewLayer | Updating Particle Systems | Copying Particles to device
Fra:1 Mem:10.41M (Peak 10.48M) | Time:00:00.03 | Mem:0.00M, Peak:0.00M | Scene, ViewLayer | Updating Meshes
Fra:1 Mem:10.41M (Peak 10.48M) | Time:00:00.03 | Mem:0.00M, Peak:0.00M | Scene, ViewLayer | Updating Mesh | Computing attributes
Fra:1 Mem:10.41M (Peak 10.48M) | Time:00:00.03 | Mem:0.00M, Peak:0.00M | Scene, ViewLayer | Updating Mesh | Copying Attributes to device
Fra:1 Mem:10.41M (Peak 10.48M) | Time:00:00.03 | Mem:0.00M, Peak:0.00M | Scene, ViewLayer | Updating Scene BVH | Building
Fra:1 Mem:10.41M (Peak 10.48M) | Time:00:00.03 | Mem:0.00M, Peak:0.00M | Scene, ViewLayer | Updating Scene BVH | Building BVH
Fra:1 Mem:10.41M (Peak 10.48M) | Time:00:00.03 | Mem:0.00M, Peak:0.00M | Scene, ViewLayer | Updating Scene BVH | Building BVH 0%
Fra:1 Mem:10.41M (Peak 10.48M) | Time:00:00.03 | Mem:0.00M, Peak:0.00M | Scene, ViewLayer | Updating Scene BVH | Copying BVH to device
Fra:1 Mem:10.41M (Peak 10.48M) | Time:00:00.03 | Mem:0.00M, Peak:0.00M | Scene, ViewLayer | Updating Mesh | Computing normals
Fra:1 Mem:10.41M (Peak 10.48M) | Time:00:00.03 | Mem:0.00M, Peak:0.00M | Scene, ViewLayer | Updating Mesh | Copying Mesh to device
Fra:1 Mem:10.41M (Peak 10.48M) | Time:00:00.03 | Mem:0.00M, Peak:0.00M | Scene, ViewLayer | Updating Objects Flags
Fra:1 Mem:10.41M (Peak 10.48M) | Time:00:00.03 | Mem:0.00M, Peak:0.00M | Scene, ViewLayer | Updating Primitive Offsets
Fra:1 Mem:10.41M (Peak 10.48M) | Time:00:00.03 | Mem:0.00M, Peak:0.00M | Scene, ViewLayer | Updating Images
Fra:1 Mem:10.41M (Peak 10.48M) | Time:00:00.03 | Mem:0.00M, Peak:0.00M | Scene, ViewLayer | Updating Images | Loading sky_nishita
Fra:1 Mem:11.42M (Peak 11.42M) | Time:00:01.08 | Mem:1.00M, Peak:1.00M | Scene, ViewLayer | Updating Camera Volume
Fra:1 Mem:11.42M (Peak 11.42M) | Time:00:01.08 | Mem:1.00M, Peak:1.00M | Scene, ViewLayer | Updating Lookup Tables
Fra:1 Mem:11.42M (Peak 11.42M) | Time:00:01.08 | Mem:1.08M, Peak:1.08M | Scene, ViewLayer | Updating Lights
Fra:1 Mem:11.42M (Peak 11.42M) | Time:00:01.08 | Mem:1.08M, Peak:1.08M | Scene, ViewLayer | Updating Lights | Importance map
Fra:1 Mem:75.45M (Peak 363.42M) | Time:00:06.32 | Mem:65.13M, Peak:225.10M | Scene, ViewLayer | Updating Lights | Computing tree
Fra:1 Mem:75.45M (Peak 363.42M) | Time:00:06.35 | Mem:65.13M, Peak:225.10M | Scene, ViewLayer | Updating Integrator
Fra:1 Mem:75.45M (Peak 363.42M) | Time:00:06.35 | Mem:65.13M, Peak:225.10M | Scene, ViewLayer | Updating Film
Fra:1 Mem:75.45M (Peak 363.42M) | Time:00:06.36 | Mem:65.05M, Peak:225.10M | Scene, ViewLayer | Updating Lookup Tables
Fra:1 Mem:75.45M (Peak 363.42M) | Time:00:06.36 | Mem:65.13M, Peak:225.10M | Scene, ViewLayer | Updating Baking
Fra:1 Mem:75.45M (Peak 363.42M) | Time:00:06.36 | Mem:65.13M, Peak:225.10M | Scene, ViewLayer | Updating Device | Writing constant memory
Fra:1 Mem:75.45M (Peak 363.42M) | Time:00:06.36 | Mem:65.13M, Peak:225.10M | Scene, ViewLayer | Sample 0/256
Fra:1 Mem:75.47M (Peak 363.42M) | Time:00:06.40 | Remaining:00:10.68 | Mem:65.13M, Peak:225.10M | Scene, ViewLayer | Sample 1/256
Fra:1 Mem:75.47M (Peak 363.42M) | Time:00:06.57 | Mem:65.13M, Peak:225.10M | Scene, ViewLayer | Sample 256/256
Fra:1 Mem:75.47M (Peak 363.42M) | Time:00:06.57 | Mem:65.13M, Peak:225.10M | Scene, ViewLayer | Finished
Saved: 'C:\Users\usman_pyywgw5\AppData\Local\Temp\fyp_calib_16540_0.exr'
Time: 00:06.66 (Saving: 00:00.01)

Fra:1 Mem:14.14M (Peak 14.14M) | Time:00:00.02 | Mem:0.00M, Peak:0.00M | Scene, ViewLayer | Synchronizing object | ground
Fra:1 Mem:14.14M (Peak 14.14M) | Time:00:00.02 | Mem:0.00M, Peak:0.00M | Scene, ViewLayer | Initializing
Fra:1 Mem:14.14M (Peak 14.14M) | Time:00:00.11 | Mem:0.00M, Peak:0.00M | Scene, ViewLayer | Waiting for render to start
Fra:1 Mem:14.14M (Peak 14.14M) | Time:00:00.12 | Mem:0.00M, Peak:0.00M | Scene, ViewLayer | Loading render kernels (may take a few minutes the first time)
Fra:1 Mem:14.14M (Peak 14.14M) | Time:00:00.12 | Mem:0.00M, Peak:0.00M | Scene, ViewLayer | Updating Scene
Fra:1 Mem:14.14M (Peak 14.14M) | Time:00:00.12 | Mem:0.00M, Peak:0.00M | Scene, ViewLayer | Updating Shaders
Fra:1 Mem:14.23M (Peak 14.23M) | Time:00:00.12 | Mem:0.00M, Peak:0.00M | Scene, ViewLayer | Updating Procedurals
Fra:1 Mem:14.23M (Peak 14.23M) | Time:00:00.12 | Mem:0.00M, Peak:0.00M | Scene, ViewLayer | Updating Background
Fra:1 Mem:14.23M (Peak 14.23M) | Time:00:00.12 | Mem:0.00M, Peak:0.00M | Scene, ViewLayer | Updating Camera
Fra:1 Mem:14.23M (Peak 14.23M) | Time:00:00.12 | Mem:0.00M, Peak:0.00M | Scene, ViewLayer | Updating Meshes Flags
Fra:1 Mem:14.23M (Peak 14.23M) | Time:00:00.12 | Mem:0.00M, Peak:0.00M | Scene, ViewLayer | Updating Objects
Fra:1 Mem:14.23M (Peak 14.23M) | Time:00:00.12 | Mem:0.00M, Peak:0.00M | Scene, ViewLayer | Updating Objects | Copying Transformations to device
Fra:1 Mem:14.23M (Peak 14.23M) | Time:00:00.12 | Mem:0.00M, Peak:0.00M | Scene, ViewLayer | Updating Objects | Applying Static Transformations
Fra:1 Mem:14.23M (Peak 14.23M) | Time:00:00.12 | Mem:0.00M, Peak:0.00M | Scene, ViewLayer | Updating Particle Systems
Fra:1 Mem:14.23M (Peak 14.23M) | Time:00:00.12 | Mem:0.00M, Peak:0.00M | Scene, ViewLayer | Updating Particle Systems | Copying Particles to device
Fra:1 Mem:14.23M (Peak 14.23M) | Time:00:00.12 | Mem:0.00M, Peak:0.00M | Scene, ViewLayer | Updating Meshes
Fra:1 Mem:14.23M (Peak 14.23M) | Time:00:00.12 | Mem:0.00M, Peak:0.00M | Scene, ViewLayer | Updating Mesh | Computing attributes
Fra:1 Mem:14.23M (Peak 14.23M) | Time:00:00.12 | Mem:0.00M, Peak:0.00M | Scene, ViewLayer | Updating Mesh | Copying Attributes to device
Fra:1 Mem:14.23M (Peak 14.23M) | Time:00:00.12 | Mem:0.00M, Peak:0.00M | Scene, ViewLayer | Updating Scene BVH | Building
Fra:1 Mem:14.23M (Peak 14.23M) | Time:00:00.12 | Mem:0.00M, Peak:0.00M | Scene, ViewLayer | Updating Scene BVH | Building BVH
Fra:1 Mem:14.23M (Peak 14.23M) | Time:00:00.13 | Mem:0.00M, Peak:0.00M | Scene, ViewLayer | Updating Scene BVH | Building BVH 0%
Fra:1 Mem:14.23M (Peak 14.23M) | Time:00:00.13 | Mem:0.00M, Peak:0.00M | Scene, ViewLayer | Updating Scene BVH | Copying BVH to device
Fra:1 Mem:14.23M (Peak 14.23M) | Time:00:00.13 | Mem:0.00M, Peak:0.00M | Scene, ViewLayer | Updating Mesh | Computing normals
Fra:1 Mem:14.23M (Peak 14.23M) | Time:00:00.13 | Mem:0.00M, Peak:0.00M | Scene, ViewLayer | Updating Mesh | Copying Mesh to device
Fra:1 Mem:14.23M (Peak 14.23M) | Time:00:00.13 | Mem:0.00M, Peak:0.00M | Scene, ViewLayer | Updating Objects Flags
Fra:1 Mem:14.23M (Peak 14.23M) | Time:00:00.13 | Mem:0.00M, Peak:0.00M | Scene, ViewLayer | Updating Primitive Offsets
Fra:1 Mem:14.23M (Peak 14.23M) | Time:00:00.13 | Mem:0.00M, Peak:0.00M | Scene, ViewLayer | Updating Images
Fra:1 Mem:14.23M (Peak 14.23M) | Time:00:00.13 | Mem:0.00M, Peak:0.00M | Scene, ViewLayer | Updating Images | Loading sky_nishita
Fra:1 Mem:15.24M (Peak 15.24M) | Time:00:01.36 | Mem:1.00M, Peak:1.00M | Scene, ViewLayer | Updating Camera Volume
Fra:1 Mem:15.24M (Peak 15.24M) | Time:00:01.36 | Mem:1.00M, Peak:1.00M | Scene, ViewLayer | Updating Lookup Tables
Fra:1 Mem:15.24M (Peak 15.24M) | Time:00:01.36 | Mem:1.08M, Peak:1.08M | Scene, ViewLayer | Updating Lights
Fra:1 Mem:15.24M (Peak 15.24M) | Time:00:01.36 | Mem:1.08M, Peak:1.08M | Scene, ViewLayer | Updating Lights | Importance map
Fra:1 Mem:79.27M (Peak 367.24M) | Time:00:06.03 | Mem:65.13M, Peak:225.10M | Scene, ViewLayer | Updating Lights | Computing tree
Fra:1 Mem:79.27M (Peak 367.24M) | Time:00:06.03 | Mem:65.13M, Peak:225.10M | Scene, ViewLayer | Updating Integrator
Fra:1 Mem:79.27M (Peak 367.24M) | Time:00:06.03 | Mem:65.13M, Peak:225.10M | Scene, ViewLayer | Updating Film
Fra:1 Mem:79.27M (Peak 367.24M) | Time:00:06.03 | Mem:65.05M, Peak:225.10M | Scene, ViewLayer | Updating Lookup Tables
Fra:1 Mem:79.27M (Peak 367.24M) | Time:00:06.03 | Mem:65.13M, Peak:225.10M | Scene, ViewLayer | Updating Baking
Fra:1 Mem:79.27M (Peak 367.24M) | Time:00:06.03 | Mem:65.13M, Peak:225.10M | Scene, ViewLayer | Updating Device | Writing constant memory
Fra:1 Mem:79.27M (Peak 367.24M) | Time:00:06.03 | Mem:65.13M, Peak:225.10M | Scene, ViewLayer | Sample 0/256
Fra:1 Mem:144.29M (Peak 367.24M) | Time:00:07.63 | Remaining:06:46.25 | Mem:130.13M, Peak:225.10M | Scene, ViewLayer | Sample 1/256
Fra:1 Mem:144.29M (Peak 367.24M) | Time:00:23.16 | Remaining:04:00.77 | Mem:130.13M, Peak:225.10M | Scene, ViewLayer | Sample 17/256
Fra:1 Mem:144.29M (Peak 367.24M) | Time:00:35.93 | Remaining:03:29.29 | Mem:130.13M, Peak:225.10M | Scene, ViewLayer | Sample 32/256
Fra:1 Mem:184.29M (Peak 367.24M) | Time:00:36.29 | Remaining:03:31.75 | Mem:130.13M, Peak:225.10M | Scene, ViewLayer | Sample 0/256
Fra:1 Mem:184.29M (Peak 367.24M) | Time:00:36.29 | Remaining:03:31.75 | Mem:130.13M, Peak:225.10M | Scene, ViewLayer | Finished
Saved: 'C:\Users\usman_pyywgw5\Downloads\fyp\out\sim\tmp\s000005\rgb_bg.exr'
Time: 00:36.76 (Saving: 00:00.47)

    rgb background 1280x1024: 40.5s
Fra:1 Mem:145.03M (Peak 145.03M) | Time:00:00.02 | Mem:130.13M, Peak:130.13M | Scene, ViewLayer | Synchronizing object | neg0
Fra:1 Mem:145.04M (Peak 145.04M) | Time:00:00.02 | Mem:130.13M, Peak:130.13M | Scene, ViewLayer | Synchronizing object | KAL
Fra:1 Mem:147.26M (Peak 147.26M) | Time:00:00.04 | Mem:130.13M, Peak:130.13M | Scene, ViewLayer | Synchronizing object | ground
Fra:1 Mem:147.25M (Peak 147.26M) | Time:00:00.04 | Mem:130.13M, Peak:130.13M | Scene, ViewLayer | Initializing
Fra:1 Mem:147.25M (Peak 147.26M) | Time:00:00.04 | Mem:130.13M, Peak:130.13M | Scene, ViewLayer | Updating Images | Loading decal_atlas.png
Fra:1 Mem:163.25M (Peak 195.26M) | Time:00:00.37 | Mem:146.13M, Peak:146.13M | Scene, ViewLayer | Waiting for render to start
Fra:1 Mem:163.25M (Peak 195.26M) | Time:00:00.37 | Mem:146.13M, Peak:146.13M | Scene, ViewLayer | Loading render kernels (may take a few minutes the first time)
Fra:1 Mem:163.25M (Peak 195.26M) | Time:00:00.37 | Mem:146.13M, Peak:146.13M | Scene, ViewLayer | Updating Scene
Fra:1 Mem:163.25M (Peak 195.26M) | Time:00:00.37 | Mem:146.13M, Peak:146.13M | Scene, ViewLayer | Updating Shaders
Fra:1 Mem:163.26M (Peak 195.26M) | Time:00:00.37 | Mem:146.14M, Peak:146.14M | Scene, ViewLayer | Updating Procedurals
Fra:1 Mem:163.26M (Peak 195.26M) | Time:00:00.37 | Mem:146.14M, Peak:146.14M | Scene, ViewLayer | Updating Background
Fra:1 Mem:163.26M (Peak 195.26M) | Time:00:00.37 | Mem:146.14M, Peak:146.14M | Scene, ViewLayer | Updating Camera
Fra:1 Mem:163.26M (Peak 195.26M) | Time:00:00.37 | Mem:146.06M, Peak:146.14M | Scene, ViewLayer | Updating Meshes Flags
Fra:1 Mem:163.26M (Peak 195.26M) | Time:00:00.37 | Mem:146.06M, Peak:146.14M | Scene, ViewLayer | Updating Objects
Fra:1 Mem:163.26M (Peak 195.26M) | Time:00:00.37 | Mem:146.06M, Peak:146.14M | Scene, ViewLayer | Updating Objects | Copying Transformations to device
Fra:1 Mem:163.26M (Peak 195.26M) | Time:00:00.37 | Mem:146.06M, Peak:146.14M | Scene, ViewLayer | Updating Objects | Applying Static Transformations
Fra:1 Mem:163.26M (Peak 195.26M) | Time:00:00.37 | Mem:146.06M, Peak:146.14M | Scene, ViewLayer | Updating Particle Systems
Fra:1 Mem:163.26M (Peak 195.26M) | Time:00:00.37 | Mem:146.06M, Peak:146.14M | Scene, ViewLayer | Updating Meshes
Fra:1 Mem:163.30M (Peak 195.26M) | Time:00:00.37 | Mem:146.06M, Peak:146.14M | Scene, ViewLayer | Updating Mesh | Computing attributes
Fra:1 Mem:163.38M (Peak 195.26M) | Time:00:00.37 | Mem:146.06M, Peak:146.14M | Scene, ViewLayer | Updating Mesh | Copying Attributes to device
Fra:1 Mem:163.38M (Peak 195.26M) | Time:00:00.37 | Mem:146.14M, Peak:146.14M | Scene, ViewLayer | Updating Geometry BVH neg0 2/2 | Building BVH
Fra:1 Mem:163.38M (Peak 195.26M) | Time:00:00.37 | Mem:146.14M, Peak:146.14M | Scene, ViewLayer | Updating Geometry BVH neg0 2/2 | Building BVH 0%
Fra:1 Mem:163.38M (Peak 195.26M) | Time:00:00.37 | Mem:146.14M, Peak:146.14M | Scene, ViewLayer | Updating Geometry BVH KAL 1/2 | Building BVH
Fra:1 Mem:163.38M (Peak 195.26M) | Time:00:00.41 | Mem:146.31M, Peak:146.38M | Scene, ViewLayer | Updating Scene BVH | Building
Fra:1 Mem:163.38M (Peak 195.26M) | Time:00:00.41 | Mem:146.31M, Peak:146.38M | Scene, ViewLayer | Updating Scene BVH | Building BVH
Fra:1 Mem:163.38M (Peak 195.26M) | Time:00:00.45 | Mem:146.31M, Peak:146.38M | Scene, ViewLayer | Updating Scene BVH | Copying BVH to device
Fra:1 Mem:163.38M (Peak 195.26M) | Time:00:00.45 | Mem:146.31M, Peak:146.38M | Scene, ViewLayer | Updating Mesh | Computing normals
Fra:1 Mem:163.49M (Peak 195.26M) | Time:00:00.45 | Mem:146.31M, Peak:146.38M | Scene, ViewLayer | Updating Mesh | Copying Mesh to device
Fra:1 Mem:163.49M (Peak 195.26M) | Time:00:00.45 | Mem:146.42M, Peak:146.42M | Scene, ViewLayer | Updating Objects Flags
Fra:1 Mem:163.49M (Peak 195.26M) | Time:00:00.45 | Mem:146.42M, Peak:146.42M | Scene, ViewLayer | Updating Primitive Offsets
Fra:1 Mem:163.49M (Peak 195.26M) | Time:00:00.45 | Mem:146.42M, Peak:146.42M | Scene, ViewLayer | Updating Images
Fra:1 Mem:163.49M (Peak 195.26M) | Time:00:00.45 | Mem:146.42M, Peak:146.42M | Scene, ViewLayer | Updating Camera Volume
Fra:1 Mem:163.49M (Peak 195.26M) | Time:00:00.45 | Mem:146.42M, Peak:146.42M | Scene, ViewLayer | Updating Lookup Tables
Fra:1 Mem:163.49M (Peak 195.26M) | Time:00:00.45 | Mem:146.51M, Peak:146.51M | Scene, ViewLayer | Updating Lights
Fra:1 Mem:163.49M (Peak 195.26M) | Time:00:00.45 | Mem:146.51M, Peak:146.51M | Scene, ViewLayer | Updating Lights | Computing tree
Fra:1 Mem:163.49M (Peak 195.26M) | Time:00:00.45 | Mem:146.51M, Peak:146.51M | Scene, ViewLayer | Updating Integrator
Fra:1 Mem:163.49M (Peak 195.26M) | Time:00:00.45 | Mem:146.51M, Peak:146.51M | Scene, ViewLayer | Updating Film
Fra:1 Mem:163.49M (Peak 195.26M) | Time:00:00.45 | Mem:146.51M, Peak:146.51M | Scene, ViewLayer | Updating Lookup Tables
Fra:1 Mem:163.49M (Peak 195.26M) | Time:00:00.45 | Mem:146.51M, Peak:146.51M | Scene, ViewLayer | Updating Baking
Fra:1 Mem:163.49M (Peak 195.26M) | Time:00:00.45 | Mem:146.51M, Peak:146.51M | Scene, ViewLayer | Updating Device | Writing constant memory
Fra:1 Mem:163.49M (Peak 195.26M) | Time:00:00.45 | Mem:146.51M, Peak:146.51M | Scene, ViewLayer | Sample 0/256
Fra:1 Mem:106.04M (Peak 195.26M) | Time:00:01.54 | Remaining:04:39.95 | Mem:89.06M, Peak:146.51M | Scene, ViewLayer | Sample 1/256
Fra:1 Mem:106.04M (Peak 195.26M) | Time:00:17.19 | Remaining:01:57.20 | Mem:89.06M, Peak:146.51M | Scene, ViewLayer | Sample 32/256
Fra:1 Mem:106.04M (Peak 195.26M) | Time:00:24.21 | Remaining:01:42.97 | Mem:89.06M, Peak:146.51M | Scene, ViewLayer | Sample 48/256
Fra:1 Mem:106.04M (Peak 195.26M) | Time:00:30.97 | Remaining:01:31.55 | Mem:89.06M, Peak:146.51M | Scene, ViewLayer | Sample 64/256
Fra:1 Mem:106.04M (Peak 195.26M) | Time:00:38.06 | Remaining:01:22.75 | Mem:89.06M, Peak:146.51M | Scene, ViewLayer | Sample 80/256
Fra:1 Mem:106.04M (Peak 195.26M) | Time:00:44.80 | Remaining:01:13.91 | Mem:89.06M, Peak:146.51M | Scene, ViewLayer | Sample 96/256
Fra:1 Mem:106.04M (Peak 195.26M) | Time:00:50.54 | Remaining:01:04.40 | Mem:89.06M, Peak:146.51M | Scene, ViewLayer | Sample 112/256
Fra:1 Mem:106.04M (Peak 195.26M) | Time:00:56.37 | Remaining:00:55.92 | Mem:89.06M, Peak:146.51M | Scene, ViewLayer | Sample 128/256
Fra:1 Mem:106.04M (Peak 195.26M) | Time:01:01.72 | Remaining:00:47.65 | Mem:89.06M, Peak:146.51M | Scene, ViewLayer | Sample 144/256
Fra:1 Mem:106.04M (Peak 195.26M) | Time:01:06.75 | Remaining:00:39.78 | Mem:89.06M, Peak:146.51M | Scene, ViewLayer | Sample 160/256
Fra:1 Mem:106.04M (Peak 195.26M) | Time:01:11.02 | Remaining:00:32.07 | Mem:89.06M, Peak:146.51M | Scene, ViewLayer | Sample 176/256
Fra:1 Mem:106.04M (Peak 195.26M) | Time:01:14.79 | Remaining:00:24.78 | Mem:89.06M, Peak:146.51M | Scene, ViewLayer | Sample 192/256
Fra:1 Mem:106.04M (Peak 195.26M) | Time:01:18.98 | Remaining:00:18.12 | Mem:89.06M, Peak:146.51M | Scene, ViewLayer | Sample 208/256
Fra:1 Mem:106.04M (Peak 195.26M) | Time:01:24.43 | Remaining:00:11.99 | Mem:89.06M, Peak:146.51M | Scene, ViewLayer | Sample 224/256
Fra:1 Mem:106.04M (Peak 195.26M) | Time:01:28.21 | Remaining:00:05.85 | Mem:89.06M, Peak:146.51M | Scene, ViewLayer | Sample 240/256
Fra:1 Mem:110.70M (Peak 195.26M) | Time:01:32.15 | Mem:89.06M, Peak:146.51M | Scene, ViewLayer | Sample 256/256
Fra:1 Mem:110.70M (Peak 195.26M) | Time:01:32.15 | Mem:89.06M, Peak:146.51M | Scene, ViewLayer | Finished
Saved: 'C:\Users\usman_pyywgw5\Downloads\fyp\out\sim\tmp\s000005\rgb_target.exr'
Time: 01:32.19 (Saving: 00:00.04)

    rgb target  crop 238x160 px @2x: 92.5s
Fra:1 Mem:106.05M (Peak 106.05M) | Time:00:00.00 | Mem:89.06M, Peak:89.06M | Scene, ViewLayer | Synchronizing object | ground
Fra:1 Mem:106.05M (Peak 106.05M) | Time:00:00.00 | Mem:89.06M, Peak:89.06M | Scene, ViewLayer | Initializing
Fra:1 Mem:106.04M (Peak 106.05M) | Time:00:00.00 | Mem:89.06M, Peak:89.06M | Scene, ViewLayer | Waiting for render to start
Fra:1 Mem:106.04M (Peak 106.05M) | Time:00:00.00 | Mem:89.06M, Peak:89.06M | Scene, ViewLayer | Updating Scene
Fra:1 Mem:106.04M (Peak 106.05M) | Time:00:00.00 | Mem:89.06M, Peak:89.06M | Scene, ViewLayer | Updating Shaders
Fra:1 Mem:106.04M (Peak 106.05M) | Time:00:00.00 | Mem:89.06M, Peak:89.06M | Scene, ViewLayer | Updating Background
Fra:1 Mem:106.04M (Peak 106.05M) | Time:00:00.00 | Mem:89.06M, Peak:89.06M | Scene, ViewLayer | Updating Camera
Fra:1 Mem:106.04M (Peak 106.05M) | Time:00:00.00 | Mem:89.06M, Peak:89.06M | Scene, ViewLayer | Updating Meshes Flags
Fra:1 Mem:106.04M (Peak 106.05M) | Time:00:00.00 | Mem:89.06M, Peak:89.06M | Scene, ViewLayer | Updating Objects
Fra:1 Mem:106.04M (Peak 106.05M) | Time:00:00.00 | Mem:89.06M, Peak:89.06M | Scene, ViewLayer | Updating Objects | Copying Transformations to device
Fra:1 Mem:106.04M (Peak 106.05M) | Time:00:00.00 | Mem:89.06M, Peak:89.06M | Scene, ViewLayer | Updating Objects | Applying Static Transformations
Fra:1 Mem:106.04M (Peak 106.05M) | Time:00:00.00 | Mem:89.06M, Peak:89.06M | Scene, ViewLayer | Updating Particle Systems
Fra:1 Mem:106.04M (Peak 106.05M) | Time:00:00.00 | Mem:89.06M, Peak:89.06M | Scene, ViewLayer | Updating Meshes
Fra:1 Mem:105.86M (Peak 106.05M) | Time:00:00.00 | Mem:88.87M, Peak:89.06M | Scene, ViewLayer | Updating Mesh | Computing attributes
Fra:1 Mem:105.94M (Peak 106.05M) | Time:00:00.00 | Mem:88.87M, Peak:89.06M | Scene, ViewLayer | Updating Mesh | Copying Attributes to device
Fra:1 Mem:105.94M (Peak 106.05M) | Time:00:00.00 | Mem:88.95M, Peak:89.06M | Scene, ViewLayer | Updating Scene BVH | Building
Fra:1 Mem:105.94M (Peak 106.05M) | Time:00:00.00 | Mem:88.95M, Peak:89.06M | Scene, ViewLayer | Updating Scene BVH | Building BVH
Fra:1 Mem:105.94M (Peak 106.05M) | Time:00:00.00 | Mem:88.95M, Peak:89.06M | Scene, ViewLayer | Updating Scene BVH | Building BVH 0%
Fra:1 Mem:105.94M (Peak 106.05M) | Time:00:00.00 | Mem:88.95M, Peak:89.06M | Scene, ViewLayer | Updating Scene BVH | Copying BVH to device
Fra:1 Mem:105.94M (Peak 106.05M) | Time:00:00.00 | Mem:88.95M, Peak:89.06M | Scene, ViewLayer | Updating Mesh | Computing normals
Fra:1 Mem:106.04M (Peak 106.05M) | Time:00:00.00 | Mem:88.95M, Peak:89.06M | Scene, ViewLayer | Updating Mesh | Copying Mesh to device
Fra:1 Mem:106.04M (Peak 106.05M) | Time:00:00.00 | Mem:89.06M, Peak:89.06M | Scene, ViewLayer | Updating Objects Flags
Fra:1 Mem:106.04M (Peak 106.05M) | Time:00:00.00 | Mem:89.06M, Peak:89.06M | Scene, ViewLayer | Updating Primitive Offsets
Fra:1 Mem:106.04M (Peak 106.05M) | Time:00:00.00 | Mem:89.06M, Peak:89.06M | Scene, ViewLayer | Updating Images
Fra:1 Mem:106.04M (Peak 106.05M) | Time:00:00.00 | Mem:89.06M, Peak:89.06M | Scene, ViewLayer | Updating Camera Volume
Fra:1 Mem:106.04M (Peak 106.05M) | Time:00:00.00 | Mem:89.06M, Peak:89.06M | Scene, ViewLayer | Updating Lookup Tables
Fra:1 Mem:106.04M (Peak 106.05M) | Time:00:00.00 | Mem:89.06M, Peak:89.06M | Scene, ViewLayer | Updating Lights
Fra:1 Mem:106.04M (Peak 106.05M) | Time:00:00.00 | Mem:89.06M, Peak:89.06M | Scene, ViewLayer | Updating Lights | Computing tree
Fra:1 Mem:106.04M (Peak 106.05M) | Time:00:00.00 | Mem:89.06M, Peak:89.06M | Scene, ViewLayer | Updating Integrator
Fra:1 Mem:106.04M (Peak 106.05M) | Time:00:00.00 | Mem:89.06M, Peak:89.06M | Scene, ViewLayer | Updating Film
Fra:1 Mem:106.04M (Peak 106.05M) | Time:00:00.00 | Mem:89.06M, Peak:89.06M | Scene, ViewLayer | Updating Lookup Tables
Fra:1 Mem:106.04M (Peak 106.05M) | Time:00:00.00 | Mem:89.06M, Peak:89.06M | Scene, ViewLayer | Updating Baking
Fra:1 Mem:106.04M (Peak 106.05M) | Time:00:00.00 | Mem:89.06M, Peak:89.06M | Scene, ViewLayer | Updating Device | Writing constant memory
Fra:1 Mem:106.04M (Peak 106.05M) | Time:00:00.00 | Mem:89.06M, Peak:89.06M | Scene, ViewLayer | Sample 0/256
Fra:1 Mem:98.69M (Peak 106.05M) | Time:00:00.01 | Remaining:00:01.85 | Mem:81.71M, Peak:89.06M | Scene, ViewLayer | Sample 1/256
Fra:1 Mem:98.69M (Peak 106.05M) | Time:00:00.30 | Remaining:00:02.11 | Mem:81.71M, Peak:89.06M | Scene, ViewLayer | Sample 32/256
Fra:1 Mem:98.69M (Peak 106.05M) | Time:00:00.32 | Remaining:00:01.39 | Mem:81.71M, Peak:89.06M | Scene, ViewLayer | Sample 48/256
Fra:1 Mem:98.69M (Peak 106.05M) | Time:00:00.34 | Remaining:00:01.00 | Mem:81.71M, Peak:89.06M | Scene, ViewLayer | Sample 64/256
Fra:1 Mem:98.69M (Peak 106.05M) | Time:00:00.36 | Remaining:00:00.80 | Mem:81.71M, Peak:89.06M | Scene, ViewLayer | Sample 80/256
Fra:1 Mem:98.69M (Peak 106.05M) | Time:00:00.39 | Remaining:00:00.64 | Mem:81.71M, Peak:89.06M | Scene, ViewLayer | Sample 96/256
Fra:1 Mem:98.69M (Peak 106.05M) | Time:00:00.43 | Remaining:00:00.55 | Mem:81.71M, Peak:89.06M | Scene, ViewLayer | Sample 112/256
Fra:1 Mem:98.69M (Peak 106.05M) | Time:00:00.45 | Remaining:00:00.45 | Mem:81.71M, Peak:89.06M | Scene, ViewLayer | Sample 128/256
Fra:1 Mem:98.69M (Peak 106.05M) | Time:00:00.48 | Remaining:00:00.37 | Mem:81.71M, Peak:89.06M | Scene, ViewLayer | Sample 144/256
Fra:1 Mem:98.69M (Peak 106.05M) | Time:00:00.50 | Remaining:00:00.29 | Mem:81.71M, Peak:89.06M | Scene, ViewLayer | Sample 160/256
Fra:1 Mem:98.69M (Peak 106.05M) | Time:00:00.51 | Remaining:00:00.23 | Mem:81.71M, Peak:89.06M | Scene, ViewLayer | Sample 176/256
Fra:1 Mem:98.69M (Peak 106.05M) | Time:00:00.55 | Remaining:00:00.18 | Mem:81.71M, Peak:89.06M | Scene, ViewLayer | Sample 192/256
Fra:1 Mem:98.69M (Peak 106.05M) | Time:00:00.58 | Remaining:00:00.13 | Mem:81.71M, Peak:89.06M | Scene, ViewLayer | Sample 208/256
Fra:1 Mem:98.69M (Peak 106.05M) | Time:00:00.59 | Remaining:00:00.08 | Mem:81.71M, Peak:89.06M | Scene, ViewLayer | Sample 224/256
Fra:1 Mem:98.69M (Peak 106.05M) | Time:00:00.62 | Remaining:00:00.04 | Mem:81.71M, Peak:89.06M | Scene, ViewLayer | Sample 240/256
Fra:1 Mem:98.82M (Peak 106.05M) | Time:00:00.63 | Mem:81.71M, Peak:89.06M | Scene, ViewLayer | Sample 256/256
Fra:1 Mem:98.82M (Peak 106.05M) | Time:00:00.63 | Mem:81.71M, Peak:89.06M | Scene, ViewLayer | Finished
Saved: 'C:\Users\usman_pyywgw5\Downloads\fyp\out\sim\tmp\s000005\rgb_neg0.exr'
Time: 00:00.63 (Saving: 00:00.00)

    rgb neg0    crop 16x16 px @4x: 0.7s
Fra:1 Mem:97.99M (Peak 98.64M) | Time:00:00.00 | Mem:81.71M, Peak:81.71M | Scene, ViewLayer | Synchronizing object | ground
Fra:1 Mem:97.99M (Peak 98.64M) | Time:00:00.00 | Mem:81.71M, Peak:81.71M | Scene, ViewLayer | Initializing
Fra:1 Mem:97.76M (Peak 98.64M) | Time:00:00.00 | Mem:81.71M, Peak:81.71M | Scene, ViewLayer | Updating Images | Loading lwir_sky_lut
Fra:1 Mem:97.79M (Peak 98.64M) | Time:00:00.00 | Mem:81.74M, Peak:81.74M | Scene, ViewLayer | Waiting for render to start
Fra:1 Mem:97.79M (Peak 98.64M) | Time:00:00.00 | Mem:81.74M, Peak:81.74M | Scene, ViewLayer | Loading render kernels (may take a few minutes the first time)
Fra:1 Mem:97.79M (Peak 98.64M) | Time:00:00.00 | Mem:81.74M, Peak:81.74M | Scene, ViewLayer | Updating Scene
Fra:1 Mem:97.79M (Peak 98.64M) | Time:00:00.00 | Mem:81.74M, Peak:81.74M | Scene, ViewLayer | Updating Shaders
Fra:1 Mem:97.78M (Peak 98.64M) | Time:00:00.00 | Mem:81.73M, Peak:81.74M | Scene, ViewLayer | Updating Background
Fra:1 Mem:97.78M (Peak 98.64M) | Time:00:00.00 | Mem:81.73M, Peak:81.74M | Scene, ViewLayer | Updating Camera
Fra:1 Mem:97.78M (Peak 98.64M) | Time:00:00.00 | Mem:81.73M, Peak:81.74M | Scene, ViewLayer | Updating Meshes Flags
Fra:1 Mem:97.78M (Peak 98.64M) | Time:00:00.00 | Mem:81.56M, Peak:81.74M | Scene, ViewLayer | Updating Objects
Fra:1 Mem:97.78M (Peak 98.64M) | Time:00:00.00 | Mem:81.55M, Peak:81.74M | Scene, ViewLayer | Updating Objects | Copying Transformations to device
Fra:1 Mem:97.78M (Peak 98.64M) | Time:00:00.00 | Mem:81.56M, Peak:81.74M | Scene, ViewLayer | Updating Objects | Applying Static Transformations
Fra:1 Mem:97.78M (Peak 98.64M) | Time:00:00.00 | Mem:81.56M, Peak:81.74M | Scene, ViewLayer | Updating Particle Systems
Fra:1 Mem:97.78M (Peak 98.64M) | Time:00:00.00 | Mem:81.56M, Peak:81.74M | Scene, ViewLayer | Updating Meshes
Fra:1 Mem:97.59M (Peak 98.64M) | Time:00:00.00 | Mem:81.37M, Peak:81.74M | Scene, ViewLayer | Updating Mesh | Computing attributes
Fra:1 Mem:97.59M (Peak 98.64M) | Time:00:00.00 | Mem:81.37M, Peak:81.74M | Scene, ViewLayer | Updating Mesh | Copying Attributes to device
Fra:1 Mem:97.59M (Peak 98.64M) | Time:00:00.00 | Mem:81.37M, Peak:81.74M | Scene, ViewLayer | Updating Scene BVH | Building
Fra:1 Mem:97.59M (Peak 98.64M) | Time:00:00.00 | Mem:81.37M, Peak:81.74M | Scene, ViewLayer | Updating Scene BVH | Building BVH
Fra:1 Mem:97.59M (Peak 98.64M) | Time:00:00.00 | Mem:81.37M, Peak:81.74M | Scene, ViewLayer | Updating Scene BVH | Building BVH 0%
Fra:1 Mem:97.59M (Peak 98.64M) | Time:00:00.00 | Mem:81.37M, Peak:81.74M | Scene, ViewLayer | Updating Scene BVH | Copying BVH to device
Fra:1 Mem:97.59M (Peak 98.64M) | Time:00:00.00 | Mem:81.37M, Peak:81.74M | Scene, ViewLayer | Updating Mesh | Computing normals
Fra:1 Mem:97.59M (Peak 98.64M) | Time:00:00.00 | Mem:81.37M, Peak:81.74M | Scene, ViewLayer | Updating Mesh | Copying Mesh to device
Fra:1 Mem:97.59M (Peak 98.64M) | Time:00:00.00 | Mem:81.37M, Peak:81.74M | Scene, ViewLayer | Updating Objects Flags
Fra:1 Mem:97.59M (Peak 98.64M) | Time:00:00.00 | Mem:81.37M, Peak:81.74M | Scene, ViewLayer | Updating Primitive Offsets
Fra:1 Mem:97.59M (Peak 98.64M) | Time:00:00.00 | Mem:81.37M, Peak:81.74M | Scene, ViewLayer | Updating Images
Fra:1 Mem:96.59M (Peak 98.64M) | Time:00:00.00 | Mem:80.37M, Peak:81.74M | Scene, ViewLayer | Updating Camera Volume
Fra:1 Mem:96.59M (Peak 98.64M) | Time:00:00.00 | Mem:80.37M, Peak:81.74M | Scene, ViewLayer | Updating Lookup Tables
Fra:1 Mem:96.59M (Peak 98.64M) | Time:00:00.00 | Mem:80.37M, Peak:81.74M | Scene, ViewLayer | Updating Lights
Fra:1 Mem:32.56M (Peak 98.64M) | Time:00:00.01 | Mem:16.34M, Peak:81.74M | Scene, ViewLayer | Updating Lights | Importance map
Fra:1 Mem:96.59M (Peak 384.56M) | Time:00:03.34 | Mem:80.37M, Peak:240.34M | Scene, ViewLayer | Updating Lights | Computing tree
Fra:1 Mem:96.59M (Peak 384.56M) | Time:00:03.34 | Mem:80.37M, Peak:240.34M | Scene, ViewLayer | Updating Integrator
Fra:1 Mem:96.59M (Peak 384.56M) | Time:00:03.34 | Mem:80.37M, Peak:240.34M | Scene, ViewLayer | Updating Film
Fra:1 Mem:96.59M (Peak 384.56M) | Time:00:03.34 | Mem:80.28M, Peak:240.34M | Scene, ViewLayer | Updating Lookup Tables
Fra:1 Mem:96.59M (Peak 384.56M) | Time:00:03.34 | Mem:80.37M, Peak:240.34M | Scene, ViewLayer | Updating Baking
Fra:1 Mem:96.59M (Peak 384.56M) | Time:00:03.34 | Mem:80.37M, Peak:240.34M | Scene, ViewLayer | Updating Device | Writing constant memory
Fra:1 Mem:96.59M (Peak 384.56M) | Time:00:03.34 | Mem:80.37M, Peak:240.34M | Scene, ViewLayer | Sample 0/4
Fra:1 Mem:161.39M (Peak 384.56M) | Time:00:04.27 | Remaining:00:02.78 | Mem:145.16M, Peak:240.34M | Scene, ViewLayer | Sample 1/4
Fra:1 Mem:201.39M (Peak 384.56M) | Time:00:06.93 | Mem:145.16M, Peak:240.34M | Scene, ViewLayer | Sample 4/4
Fra:1 Mem:201.39M (Peak 384.56M) | Time:00:06.93 | Mem:145.16M, Peak:240.34M | Scene, ViewLayer | Finished
Saved: 'C:\Users\usman_pyywgw5\Downloads\fyp\out\sim\tmp\s000005\lwir_bg.exr'
Time: 00:07.18 (Saving: 00:00.24)

    lwir background 1280x1024: 9.0s
Fra:1 Mem:162.11M (Peak 162.11M) | Time:00:00.02 | Mem:145.16M, Peak:145.16M | Scene, ViewLayer | Synchronizing object | neg0
Fra:1 Mem:162.12M (Peak 162.12M) | Time:00:00.02 | Mem:145.16M, Peak:145.16M | Scene, ViewLayer | Synchronizing object | KAL
Fra:1 Mem:162.12M (Peak 162.12M) | Time:00:00.02 | Mem:145.16M, Peak:145.16M | Scene, ViewLayer | Synchronizing object | ground
Fra:1 Mem:162.21M (Peak 162.21M) | Time:00:00.05 | Mem:145.16M, Peak:145.16M | Scene, ViewLayer | Initializing
Fra:1 Mem:162.21M (Peak 162.21M) | Time:00:00.05 | Mem:145.16M, Peak:145.16M | Scene, ViewLayer | Waiting for render to start
Fra:1 Mem:162.21M (Peak 162.21M) | Time:00:00.05 | Mem:145.16M, Peak:145.16M | Scene, ViewLayer | Loading render kernels (may take a few minutes the first time)
Fra:1 Mem:162.21M (Peak 162.21M) | Time:00:00.05 | Mem:145.16M, Peak:145.16M | Scene, ViewLayer | Updating Scene
Fra:1 Mem:162.21M (Peak 162.21M) | Time:00:00.05 | Mem:145.16M, Peak:145.16M | Scene, ViewLayer | Updating Shaders
Fra:1 Mem:162.21M (Peak 162.21M) | Time:00:00.05 | Mem:145.17M, Peak:145.17M | Scene, ViewLayer | Updating Background
Fra:1 Mem:162.21M (Peak 162.21M) | Time:00:00.05 | Mem:145.17M, Peak:145.17M | Scene, ViewLayer | Updating Camera
Fra:1 Mem:162.21M (Peak 162.21M) | Time:00:00.05 | Mem:145.08M, Peak:145.17M | Scene, ViewLayer | Updating Meshes Flags
Fra:1 Mem:162.21M (Peak 162.21M) | Time:00:00.05 | Mem:145.08M, Peak:145.17M | Scene, ViewLayer | Updating Objects
Fra:1 Mem:162.21M (Peak 162.21M) | Time:00:00.05 | Mem:145.08M, Peak:145.17M | Scene, ViewLayer | Updating Objects | Copying Transformations to device
Fra:1 Mem:162.21M (Peak 162.21M) | Time:00:00.05 | Mem:145.08M, Peak:145.17M | Scene, ViewLayer | Updating Objects | Applying Static Transformations
Fra:1 Mem:162.21M (Peak 162.21M) | Time:00:00.05 | Mem:145.08M, Peak:145.17M | Scene, ViewLayer | Updating Particle Systems
Fra:1 Mem:162.21M (Peak 162.21M) | Time:00:00.05 | Mem:145.08M, Peak:145.17M | Scene, ViewLayer | Updating Meshes
Fra:1 Mem:162.25M (Peak 162.25M) | Time:00:00.05 | Mem:145.08M, Peak:145.17M | Scene, ViewLayer | Updating Mesh | Computing attributes
Fra:1 Mem:162.26M (Peak 162.26M) | Time:00:00.05 | Mem:145.08M, Peak:145.17M | Scene, ViewLayer | Updating Mesh | Copying Attributes to device
Fra:1 Mem:162.25M (Peak 162.26M) | Time:00:00.05 | Mem:145.08M, Peak:145.17M | Scene, ViewLayer | Updating Geometry BVH neg0 2/2 | Building BVH
Fra:1 Mem:162.25M (Peak 162.26M) | Time:00:00.05 | Mem:145.09M, Peak:145.17M | Scene, ViewLayer | Updating Geometry BVH neg0 2/2 | Building BVH 0%
Fra:1 Mem:162.25M (Peak 162.26M) | Time:00:00.05 | Mem:145.10M, Peak:145.17M | Scene, ViewLayer | Updating Geometry BVH KAL 1/2 | Building BVH
Fra:1 Mem:162.25M (Peak 162.26M) | Time:00:00.06 | Mem:145.26M, Peak:145.33M | Scene, ViewLayer | Updating Scene BVH | Building
Fra:1 Mem:162.25M (Peak 162.26M) | Time:00:00.06 | Mem:145.26M, Peak:145.33M | Scene, ViewLayer | Updating Scene BVH | Building BVH
Fra:1 Mem:162.25M (Peak 162.26M) | Time:00:00.06 | Mem:145.26M, Peak:145.33M | Scene, ViewLayer | Updating Scene BVH | Copying BVH to device
Fra:1 Mem:162.25M (Peak 162.26M) | Time:00:00.06 | Mem:145.26M, Peak:145.33M | Scene, ViewLayer | Updating Mesh | Computing normals
Fra:1 Mem:162.36M (Peak 162.36M) | Time:00:00.06 | Mem:145.26M, Peak:145.33M | Scene, ViewLayer | Updating Mesh | Copying Mesh to device
Fra:1 Mem:162.36M (Peak 162.36M) | Time:00:00.06 | Mem:145.37M, Peak:145.37M | Scene, ViewLayer | Updating Objects Flags
Fra:1 Mem:162.36M (Peak 162.36M) | Time:00:00.06 | Mem:145.37M, Peak:145.37M | Scene, ViewLayer | Updating Primitive Offsets
Fra:1 Mem:162.36M (Peak 162.36M) | Time:00:00.06 | Mem:145.37M, Peak:145.37M | Scene, ViewLayer | Updating Images
Fra:1 Mem:162.36M (Peak 162.36M) | Time:00:00.06 | Mem:145.37M, Peak:145.37M | Scene, ViewLayer | Updating Camera Volume
Fra:1 Mem:162.36M (Peak 162.36M) | Time:00:00.06 | Mem:145.37M, Peak:145.37M | Scene, ViewLayer | Updating Lookup Tables
Fra:1 Mem:162.36M (Peak 162.36M) | Time:00:00.06 | Mem:145.45M, Peak:145.45M | Scene, ViewLayer | Updating Lights
Fra:1 Mem:162.36M (Peak 162.36M) | Time:00:00.06 | Mem:145.45M, Peak:145.45M | Scene, ViewLayer | Updating Lights | Computing tree
Fra:1 Mem:162.77M (Peak 162.77M) | Time:00:00.14 | Mem:145.87M, Peak:145.87M | Scene, ViewLayer | Updating Integrator
Fra:1 Mem:162.77M (Peak 162.77M) | Time:00:00.14 | Mem:145.87M, Peak:145.87M | Scene, ViewLayer | Updating Film
Fra:1 Mem:162.77M (Peak 162.77M) | Time:00:00.14 | Mem:145.87M, Peak:145.87M | Scene, ViewLayer | Updating Lookup Tables
Fra:1 Mem:162.77M (Peak 162.77M) | Time:00:00.14 | Mem:145.87M, Peak:145.87M | Scene, ViewLayer | Updating Baking
Fra:1 Mem:162.77M (Peak 162.77M) | Time:00:00.14 | Mem:145.87M, Peak:145.87M | Scene, ViewLayer | Updating Device | Writing constant memory
Fra:1 Mem:162.78M (Peak 162.78M) | Time:00:00.14 | Mem:145.87M, Peak:145.87M | Scene, ViewLayer | Sample 0/256
Fra:1 Mem:105.33M (Peak 162.78M) | Time:00:00.46 | Remaining:01:15.85 | Mem:88.42M, Peak:145.87M | Scene, ViewLayer | Sample 1/256
Fra:1 Mem:105.33M (Peak 162.78M) | Time:00:06.06 | Remaining:00:41.41 | Mem:88.42M, Peak:145.87M | Scene, ViewLayer | Sample 32/256
Fra:1 Mem:105.33M (Peak 162.78M) | Time:00:06.61 | Remaining:00:28.03 | Mem:88.42M, Peak:145.87M | Scene, ViewLayer | Sample 48/256
Fra:1 Mem:105.33M (Peak 162.78M) | Time:00:07.51 | Remaining:00:22.10 | Mem:88.42M, Peak:145.87M | Scene, ViewLayer | Sample 64/256
Fra:1 Mem:105.33M (Peak 162.78M) | Time:00:08.68 | Remaining:00:18.79 | Mem:88.42M, Peak:145.87M | Scene, ViewLayer | Sample 80/256
Fra:1 Mem:105.33M (Peak 162.78M) | Time:00:10.12 | Remaining:00:16.62 | Mem:88.42M, Peak:145.87M | Scene, ViewLayer | Sample 96/256
Fra:1 Mem:105.33M (Peak 162.78M) | Time:00:10.63 | Remaining:00:13.49 | Mem:88.42M, Peak:145.87M | Scene, ViewLayer | Sample 112/256
Fra:1 Mem:105.33M (Peak 162.78M) | Time:00:11.53 | Remaining:00:11.39 | Mem:88.42M, Peak:145.87M | Scene, ViewLayer | Sample 128/256
Fra:1 Mem:105.33M (Peak 162.78M) | Time:00:12.41 | Remaining:00:09.54 | Mem:88.42M, Peak:145.87M | Scene, ViewLayer | Sample 144/256
Fra:1 Mem:105.33M (Peak 162.78M) | Time:00:13.41 | Remaining:00:07.96 | Mem:88.42M, Peak:145.87M | Scene, ViewLayer | Sample 160/256
Fra:1 Mem:105.33M (Peak 162.78M) | Time:00:14.06 | Remaining:00:06.32 | Mem:88.42M, Peak:145.87M | Scene, ViewLayer | Sample 176/256
Fra:1 Mem:105.33M (Peak 162.78M) | Time:00:14.72 | Remaining:00:04.85 | Mem:88.42M, Peak:145.87M | Scene, ViewLayer | Sample 192/256
Fra:1 Mem:105.33M (Peak 162.78M) | Time:00:15.38 | Remaining:00:03.51 | Mem:88.42M, Peak:145.87M | Scene, ViewLayer | Sample 208/256
Fra:1 Mem:105.33M (Peak 162.78M) | Time:00:15.97 | Remaining:00:02.26 | Mem:88.42M, Peak:145.87M | Scene, ViewLayer | Sample 224/256
Fra:1 Mem:105.33M (Peak 162.78M) | Time:00:16.52 | Remaining:00:01.09 | Mem:88.42M, Peak:145.87M | Scene, ViewLayer | Sample 240/256
Fra:1 Mem:109.98M (Peak 162.78M) | Time:00:17.17 | Mem:88.42M, Peak:145.87M | Scene, ViewLayer | Sample 256/256
Fra:1 Mem:109.98M (Peak 162.78M) | Time:00:17.17 | Mem:88.42M, Peak:145.87M | Scene, ViewLayer | Finished
Saved: 'C:\Users\usman_pyywgw5\Downloads\fyp\out\sim\tmp\s000005\lwir_target.exr'
Time: 00:17.20 (Saving: 00:00.03)

    lwir target  crop 238x160 px @2x: 17.4s
Fra:1 Mem:105.33M (Peak 105.33M) | Time:00:00.00 | Mem:88.42M, Peak:88.42M | Scene, ViewLayer | Synchronizing object | ground
Fra:1 Mem:105.33M (Peak 105.33M) | Time:00:00.00 | Mem:88.42M, Peak:88.42M | Scene, ViewLayer | Initializing
Fra:1 Mem:105.33M (Peak 105.33M) | Time:00:00.00 | Mem:88.42M, Peak:88.42M | Scene, ViewLayer | Waiting for render to start
Fra:1 Mem:105.33M (Peak 105.33M) | Time:00:00.00 | Mem:88.42M, Peak:88.42M | Scene, ViewLayer | Updating Scene
Fra:1 Mem:105.33M (Peak 105.33M) | Time:00:00.00 | Mem:88.42M, Peak:88.42M | Scene, ViewLayer | Updating Shaders
Fra:1 Mem:105.33M (Peak 105.33M) | Time:00:00.00 | Mem:88.42M, Peak:88.42M | Scene, ViewLayer | Updating Background
Fra:1 Mem:105.33M (Peak 105.33M) | Time:00:00.00 | Mem:88.42M, Peak:88.42M | Scene, ViewLayer | Updating Camera
Fra:1 Mem:105.33M (Peak 105.33M) | Time:00:00.00 | Mem:88.42M, Peak:88.42M | Scene, ViewLayer | Updating Meshes Flags
Fra:1 Mem:105.33M (Peak 105.33M) | Time:00:00.00 | Mem:88.42M, Peak:88.42M | Scene, ViewLayer | Updating Objects
Fra:1 Mem:105.33M (Peak 105.33M) | Time:00:00.00 | Mem:88.42M, Peak:88.42M | Scene, ViewLayer | Updating Objects | Copying Transformations to device
Fra:1 Mem:105.33M (Peak 105.33M) | Time:00:00.00 | Mem:88.42M, Peak:88.42M | Scene, ViewLayer | Updating Objects | Applying Static Transformations
Fra:1 Mem:105.33M (Peak 105.33M) | Time:00:00.00 | Mem:88.42M, Peak:88.42M | Scene, ViewLayer | Updating Particle Systems
Fra:1 Mem:105.33M (Peak 105.33M) | Time:00:00.00 | Mem:88.42M, Peak:88.42M | Scene, ViewLayer | Updating Meshes
Fra:1 Mem:105.22M (Peak 105.33M) | Time:00:00.00 | Mem:88.31M, Peak:88.42M | Scene, ViewLayer | Updating Mesh | Computing attributes
Fra:1 Mem:105.22M (Peak 105.33M) | Time:00:00.00 | Mem:88.31M, Peak:88.42M | Scene, ViewLayer | Updating Mesh | Copying Attributes to device
Fra:1 Mem:105.22M (Peak 105.33M) | Time:00:00.00 | Mem:88.31M, Peak:88.42M | Scene, ViewLayer | Updating Scene BVH | Building
Fra:1 Mem:105.22M (Peak 105.33M) | Time:00:00.00 | Mem:88.31M, Peak:88.42M | Scene, ViewLayer | Updating Scene BVH | Building BVH
Fra:1 Mem:105.22M (Peak 105.33M) | Time:00:00.00 | Mem:88.31M, Peak:88.42M | Scene, ViewLayer | Updating Scene BVH | Building BVH 0%
Fra:1 Mem:105.22M (Peak 105.33M) | Time:00:00.00 | Mem:88.31M, Peak:88.42M | Scene, ViewLayer | Updating Scene BVH | Copying BVH to device
Fra:1 Mem:105.22M (Peak 105.33M) | Time:00:00.00 | Mem:88.31M, Peak:88.42M | Scene, ViewLayer | Updating Mesh | Computing normals
Fra:1 Mem:105.33M (Peak 105.33M) | Time:00:00.00 | Mem:88.31M, Peak:88.42M | Scene, ViewLayer | Updating Mesh | Copying Mesh to device
Fra:1 Mem:105.33M (Peak 105.33M) | Time:00:00.00 | Mem:88.42M, Peak:88.42M | Scene, ViewLayer | Updating Objects Flags
Fra:1 Mem:105.33M (Peak 105.33M) | Time:00:00.00 | Mem:88.42M, Peak:88.42M | Scene, ViewLayer | Updating Primitive Offsets
Fra:1 Mem:105.33M (Peak 105.33M) | Time:00:00.00 | Mem:88.42M, Peak:88.42M | Scene, ViewLayer | Updating Images
Fra:1 Mem:105.33M (Peak 105.33M) | Time:00:00.00 | Mem:88.42M, Peak:88.42M | Scene, ViewLayer | Updating Camera Volume
Fra:1 Mem:105.33M (Peak 105.33M) | Time:00:00.00 | Mem:88.42M, Peak:88.42M | Scene, ViewLayer | Updating Lookup Tables
Fra:1 Mem:105.33M (Peak 105.33M) | Time:00:00.00 | Mem:88.42M, Peak:88.42M | Scene, ViewLayer | Updating Lights
Fra:1 Mem:104.92M (Peak 105.33M) | Time:00:00.00 | Mem:88.01M, Peak:88.42M | Scene, ViewLayer | Updating Lights | Computing tree
Fra:1 Mem:105.33M (Peak 105.33M) | Time:00:00.03 | Mem:88.42M, Peak:88.42M | Scene, ViewLayer | Updating Integrator
Fra:1 Mem:105.33M (Peak 105.33M) | Time:00:00.03 | Mem:88.42M, Peak:88.42M | Scene, ViewLayer | Updating Film
Fra:1 Mem:105.33M (Peak 105.33M) | Time:00:00.03 | Mem:88.42M, Peak:88.42M | Scene, ViewLayer | Updating Lookup Tables
Fra:1 Mem:105.33M (Peak 105.33M) | Time:00:00.03 | Mem:88.42M, Peak:88.42M | Scene, ViewLayer | Updating Baking
Fra:1 Mem:105.33M (Peak 105.33M) | Time:00:00.03 | Mem:88.42M, Peak:88.42M | Scene, ViewLayer | Updating Device | Writing constant memory
Fra:1 Mem:105.33M (Peak 105.33M) | Time:00:00.03 | Mem:88.42M, Peak:88.42M | Scene, ViewLayer | Sample 0/256
Fra:1 Mem:97.98M (Peak 105.33M) | Time:00:00.04 | Remaining:00:03.07 | Mem:81.07M, Peak:88.42M | Scene, ViewLayer | Sample 1/256
Fra:1 Mem:97.98M (Peak 105.33M) | Time:00:00.28 | Remaining:00:01.71 | Mem:81.07M, Peak:88.42M | Scene, ViewLayer | Sample 32/256
Fra:1 Mem:97.98M (Peak 105.33M) | Time:00:00.28 | Remaining:00:01.06 | Mem:81.07M, Peak:88.42M | Scene, ViewLayer | Sample 48/256
Fra:1 Mem:97.98M (Peak 105.33M) | Time:00:00.28 | Remaining:00:00.74 | Mem:81.07M, Peak:88.42M | Scene, ViewLayer | Sample 64/256
Fra:1 Mem:97.98M (Peak 105.33M) | Time:00:00.28 | Remaining:00:00.54 | Mem:81.07M, Peak:88.42M | Scene, ViewLayer | Sample 80/256
Fra:1 Mem:97.98M (Peak 105.33M) | Time:00:00.28 | Remaining:00:00.41 | Mem:81.07M, Peak:88.42M | Scene, ViewLayer | Sample 96/256
Fra:1 Mem:97.98M (Peak 105.33M) | Time:00:00.28 | Remaining:00:00.32 | Mem:81.07M, Peak:88.42M | Scene, ViewLayer | Sample 112/256
Fra:1 Mem:97.98M (Peak 105.33M) | Time:00:00.28 | Remaining:00:00.25 | Mem:81.07M, Peak:88.42M | Scene, ViewLayer | Sample 128/256
Fra:1 Mem:97.98M (Peak 105.33M) | Time:00:00.28 | Remaining:00:00.19 | Mem:81.07M, Peak:88.42M | Scene, ViewLayer | Sample 144/256
Fra:1 Mem:97.98M (Peak 105.33M) | Time:00:00.30 | Remaining:00:00.16 | Mem:81.07M, Peak:88.42M | Scene, ViewLayer | Sample 160/256
Fra:1 Mem:97.98M (Peak 105.33M) | Time:00:00.30 | Remaining:00:00.12 | Mem:81.07M, Peak:88.42M | Scene, ViewLayer | Sample 176/256
Fra:1 Mem:97.98M (Peak 105.33M) | Time:00:00.31 | Remaining:00:00.09 | Mem:81.07M, Peak:88.42M | Scene, ViewLayer | Sample 192/256
Fra:1 Mem:97.98M (Peak 105.33M) | Time:00:00.31 | Remaining:00:00.06 | Mem:81.07M, Peak:88.42M | Scene, ViewLayer | Sample 208/256
Fra:1 Mem:97.98M (Peak 105.33M) | Time:00:00.31 | Remaining:00:00.03 | Mem:81.07M, Peak:88.42M | Scene, ViewLayer | Sample 224/256
Fra:1 Mem:97.98M (Peak 105.33M) | Time:00:00.31 | Remaining:00:00.01 | Mem:81.07M, Peak:88.42M | Scene, ViewLayer | Sample 240/256
Fra:1 Mem:98.11M (Peak 105.33M) | Time:00:00.31 | Mem:81.07M, Peak:88.42M | Scene, ViewLayer | Sample 256/256
Fra:1 Mem:98.11M (Peak 105.33M) | Time:00:00.31 | Mem:81.07M, Peak:88.42M | Scene, ViewLayer | Finished
Saved: 'C:\Users\usman_pyywgw5\Downloads\fyp\out\sim\tmp\s000005\lwir_neg0.exr'
Time: 00:00.31 (Saving: 00:00.00)

    lwir neg0    crop 16x16 px @4x: 0.3s
Fra:1 Mem:97.29M (Peak 97.93M) | Time:00:00.00 | Mem:81.07M, Peak:81.07M | Scene, ViewLayer | Synchronizing object | ground
Fra:1 Mem:97.29M (Peak 97.93M) | Time:00:00.00 | Mem:81.07M, Peak:81.07M | Scene, ViewLayer | Initializing
Fra:1 Mem:97.15M (Peak 97.93M) | Time:00:00.00 | Mem:81.07M, Peak:81.07M | Scene, ViewLayer | Waiting for render to start
Fra:1 Mem:97.15M (Peak 97.93M) | Time:00:00.00 | Mem:81.07M, Peak:81.07M | Scene, ViewLayer | Loading render kernels (may take a few minutes the first time)
Fra:1 Mem:97.15M (Peak 97.93M) | Time:00:00.00 | Mem:81.07M, Peak:81.07M | Scene, ViewLayer | Updating Scene
Fra:1 Mem:97.15M (Peak 97.93M) | Time:00:00.00 | Mem:81.07M, Peak:81.07M | Scene, ViewLayer | Updating Shaders
Fra:1 Mem:97.15M (Peak 97.93M) | Time:00:00.00 | Mem:81.07M, Peak:81.07M | Scene, ViewLayer | Updating Procedurals
Fra:1 Mem:97.15M (Peak 97.93M) | Time:00:00.00 | Mem:81.07M, Peak:81.07M | Scene, ViewLayer | Updating Background
Fra:1 Mem:97.15M (Peak 97.93M) | Time:00:00.00 | Mem:81.07M, Peak:81.07M | Scene, ViewLayer | Updating Camera
Fra:1 Mem:97.15M (Peak 97.93M) | Time:00:00.00 | Mem:81.07M, Peak:81.07M | Scene, ViewLayer | Updating Meshes Flags
Fra:1 Mem:97.15M (Peak 97.93M) | Time:00:00.00 | Mem:80.89M, Peak:81.07M | Scene, ViewLayer | Updating Objects
Fra:1 Mem:97.14M (Peak 97.93M) | Time:00:00.00 | Mem:80.89M, Peak:81.07M | Scene, ViewLayer | Updating Objects | Copying Transformations to device
Fra:1 Mem:97.14M (Peak 97.93M) | Time:00:00.00 | Mem:80.89M, Peak:81.07M | Scene, ViewLayer | Updating Objects | Applying Static Transformations
Fra:1 Mem:97.14M (Peak 97.93M) | Time:00:00.00 | Mem:80.89M, Peak:81.07M | Scene, ViewLayer | Updating Particle Systems
Fra:1 Mem:97.14M (Peak 97.93M) | Time:00:00.00 | Mem:80.89M, Peak:81.07M | Scene, ViewLayer | Updating Meshes
Fra:1 Mem:97.04M (Peak 97.93M) | Time:00:00.00 | Mem:80.78M, Peak:81.07M | Scene, ViewLayer | Updating Mesh | Computing attributes
Fra:1 Mem:97.04M (Peak 97.93M) | Time:00:00.00 | Mem:80.78M, Peak:81.07M | Scene, ViewLayer | Updating Mesh | Copying Attributes to device
Fra:1 Mem:97.04M (Peak 97.93M) | Time:00:00.00 | Mem:80.78M, Peak:81.07M | Scene, ViewLayer | Updating Scene BVH | Building
Fra:1 Mem:97.04M (Peak 97.93M) | Time:00:00.00 | Mem:80.78M, Peak:81.07M | Scene, ViewLayer | Updating Scene BVH | Building BVH
Fra:1 Mem:97.04M (Peak 97.93M) | Time:00:00.00 | Mem:80.78M, Peak:81.07M | Scene, ViewLayer | Updating Scene BVH | Building BVH 0%
Fra:1 Mem:97.04M (Peak 97.93M) | Time:00:00.00 | Mem:80.78M, Peak:81.07M | Scene, ViewLayer | Updating Scene BVH | Copying BVH to device
Fra:1 Mem:97.04M (Peak 97.93M) | Time:00:00.00 | Mem:80.78M, Peak:81.07M | Scene, ViewLayer | Updating Mesh | Computing normals
Fra:1 Mem:97.04M (Peak 97.93M) | Time:00:00.00 | Mem:80.78M, Peak:81.07M | Scene, ViewLayer | Updating Mesh | Copying Mesh to device
Fra:1 Mem:97.04M (Peak 97.93M) | Time:00:00.00 | Mem:80.78M, Peak:81.07M | Scene, ViewLayer | Updating Objects Flags
Fra:1 Mem:97.04M (Peak 97.93M) | Time:00:00.00 | Mem:80.78M, Peak:81.07M | Scene, ViewLayer | Updating Primitive Offsets
Fra:1 Mem:97.04M (Peak 97.93M) | Time:00:00.00 | Mem:80.78M, Peak:81.07M | Scene, ViewLayer | Updating Images
Fra:1 Mem:97.00M (Peak 97.93M) | Time:00:00.00 | Mem:80.75M, Peak:81.07M | Scene, ViewLayer | Updating Images | Loading sky_nishita
Fra:1 Mem:98.00M (Peak 98.00M) | Time:00:00.89 | Mem:81.75M, Peak:81.75M | Scene, ViewLayer | Updating Camera Volume
Fra:1 Mem:98.00M (Peak 98.00M) | Time:00:00.89 | Mem:81.75M, Peak:81.75M | Scene, ViewLayer | Updating Lookup Tables
Fra:1 Mem:98.00M (Peak 98.00M) | Time:00:00.89 | Mem:81.75M, Peak:81.75M | Scene, ViewLayer | Updating Lights
Fra:1 Mem:33.56M (Peak 98.00M) | Time:00:00.90 | Mem:17.31M, Peak:81.75M | Scene, ViewLayer | Updating Lights | Importance map
Fra:1 Mem:97.59M (Peak 385.56M) | Time:00:09.89 | Mem:81.34M, Peak:241.31M | Scene, ViewLayer | Updating Lights | Computing tree
Fra:1 Mem:97.59M (Peak 385.56M) | Time:00:09.89 | Mem:81.34M, Peak:241.31M | Scene, ViewLayer | Updating Integrator
Fra:1 Mem:97.59M (Peak 385.56M) | Time:00:09.89 | Mem:81.34M, Peak:241.31M | Scene, ViewLayer | Updating Film
Fra:1 Mem:97.59M (Peak 385.56M) | Time:00:09.89 | Mem:81.25M, Peak:241.31M | Scene, ViewLayer | Updating Lookup Tables
Fra:1 Mem:97.59M (Peak 385.56M) | Time:00:09.89 | Mem:81.34M, Peak:241.31M | Scene, ViewLayer | Updating Baking
Fra:1 Mem:97.59M (Peak 385.56M) | Time:00:09.89 | Mem:81.34M, Peak:241.31M | Scene, ViewLayer | Updating Device | Writing constant memory
Fra:1 Mem:97.59M (Peak 385.56M) | Time:00:09.89 | Mem:81.34M, Peak:241.31M | Scene, ViewLayer | Sample 0/256
Fra:1 Mem:162.39M (Peak 385.56M) | Time:00:12.64 | Remaining:11:41.74 | Mem:146.14M, Peak:241.31M | Scene, ViewLayer | Sample 1/256
Fra:1 Mem:162.39M (Peak 385.56M) | Time:00:20.67 | Remaining:04:56.00 | Mem:146.14M, Peak:241.31M | Scene, ViewLayer | Sample 9/256
Fra:1 Mem:162.39M (Peak 385.56M) | Time:00:41.13 | Remaining:03:38.72 | Mem:146.14M, Peak:241.31M | Scene, ViewLayer | Sample 32/256
Fra:1 Mem:202.39M (Peak 385.56M) | Time:00:41.34 | Remaining:03:40.19 | Mem:146.14M, Peak:241.31M | Scene, ViewLayer | Sample 0/256
Fra:1 Mem:202.39M (Peak 385.56M) | Time:00:41.34 | Remaining:03:40.19 | Mem:146.14M, Peak:241.31M | Scene, ViewLayer | Finished
Saved: 'C:\Users\usman_pyywgw5\Downloads\fyp\out\sim\tmp\s000005\swir_bg.exr'
Time: 00:41.61 (Saving: 00:00.26)

    swir background 1280x1024: 43.2s
Fra:1 Mem:163.12M (Peak 163.12M) | Time:00:00.00 | Mem:146.14M, Peak:146.14M | Scene, ViewLayer | Synchronizing object | neg0
Fra:1 Mem:163.13M (Peak 163.13M) | Time:00:00.00 | Mem:146.14M, Peak:146.14M | Scene, ViewLayer | Synchronizing object | KAL
Fra:1 Mem:163.25M (Peak 163.25M) | Time:00:00.00 | Mem:146.14M, Peak:146.14M | Scene, ViewLayer | Synchronizing object | ground
Fra:1 Mem:163.31M (Peak 163.31M) | Time:00:00.02 | Mem:146.14M, Peak:146.14M | Scene, ViewLayer | Initializing
Fra:1 Mem:163.30M (Peak 163.31M) | Time:00:00.02 | Mem:146.14M, Peak:146.14M | Scene, ViewLayer | Waiting for render to start
Fra:1 Mem:163.30M (Peak 163.31M) | Time:00:00.02 | Mem:146.14M, Peak:146.14M | Scene, ViewLayer | Loading render kernels (may take a few minutes the first time)
Fra:1 Mem:163.30M (Peak 163.31M) | Time:00:00.02 | Mem:146.14M, Peak:146.14M | Scene, ViewLayer | Updating Scene
Fra:1 Mem:163.30M (Peak 163.31M) | Time:00:00.02 | Mem:146.14M, Peak:146.14M | Scene, ViewLayer | Updating Shaders
Fra:1 Mem:163.31M (Peak 163.31M) | Time:00:00.02 | Mem:146.15M, Peak:146.15M | Scene, ViewLayer | Updating Procedurals
Fra:1 Mem:163.31M (Peak 163.31M) | Time:00:00.02 | Mem:146.15M, Peak:146.15M | Scene, ViewLayer | Updating Background
Fra:1 Mem:163.31M (Peak 163.31M) | Time:00:00.02 | Mem:146.15M, Peak:146.15M | Scene, ViewLayer | Updating Camera
Fra:1 Mem:163.32M (Peak 163.32M) | Time:00:00.02 | Mem:146.06M, Peak:146.15M | Scene, ViewLayer | Updating Meshes Flags
Fra:1 Mem:163.32M (Peak 163.32M) | Time:00:00.02 | Mem:146.06M, Peak:146.15M | Scene, ViewLayer | Updating Objects
Fra:1 Mem:163.31M (Peak 163.32M) | Time:00:00.02 | Mem:146.06M, Peak:146.15M | Scene, ViewLayer | Updating Objects | Copying Transformations to device
Fra:1 Mem:163.32M (Peak 163.32M) | Time:00:00.02 | Mem:146.06M, Peak:146.15M | Scene, ViewLayer | Updating Objects | Applying Static Transformations
Fra:1 Mem:163.32M (Peak 163.32M) | Time:00:00.02 | Mem:146.06M, Peak:146.15M | Scene, ViewLayer | Updating Particle Systems
Fra:1 Mem:163.32M (Peak 163.32M) | Time:00:00.02 | Mem:146.06M, Peak:146.15M | Scene, ViewLayer | Updating Meshes
Fra:1 Mem:163.36M (Peak 163.36M) | Time:00:00.02 | Mem:146.06M, Peak:146.15M | Scene, ViewLayer | Updating Mesh | Computing attributes
Fra:1 Mem:163.44M (Peak 163.44M) | Time:00:00.02 | Mem:146.06M, Peak:146.15M | Scene, ViewLayer | Updating Mesh | Copying Attributes to device
Fra:1 Mem:163.44M (Peak 163.44M) | Time:00:00.02 | Mem:146.14M, Peak:146.15M | Scene, ViewLayer | Updating Geometry BVH neg0 2/2 | Building BVH
Fra:1 Mem:163.44M (Peak 163.44M) | Time:00:00.02 | Mem:146.14M, Peak:146.15M | Scene, ViewLayer | Updating Geometry BVH neg0 2/2 | Building BVH 0%
Fra:1 Mem:163.44M (Peak 163.44M) | Time:00:00.02 | Mem:146.15M, Peak:146.15M | Scene, ViewLayer | Updating Geometry BVH KAL 1/2 | Building BVH
Fra:1 Mem:163.44M (Peak 163.44M) | Time:00:00.02 | Mem:146.31M, Peak:146.39M | Scene, ViewLayer | Updating Scene BVH | Building
Fra:1 Mem:163.44M (Peak 163.44M) | Time:00:00.02 | Mem:146.31M, Peak:146.39M | Scene, ViewLayer | Updating Scene BVH | Building BVH
Fra:1 Mem:163.44M (Peak 163.44M) | Time:00:00.02 | Mem:146.31M, Peak:146.39M | Scene, ViewLayer | Updating Scene BVH | Copying BVH to device
Fra:1 Mem:163.44M (Peak 163.44M) | Time:00:00.02 | Mem:146.31M, Peak:146.39M | Scene, ViewLayer | Updating Mesh | Computing normals
Fra:1 Mem:163.54M (Peak 163.54M) | Time:00:00.02 | Mem:146.31M, Peak:146.39M | Scene, ViewLayer | Updating Mesh | Copying Mesh to device
Fra:1 Mem:163.54M (Peak 163.54M) | Time:00:00.02 | Mem:146.42M, Peak:146.42M | Scene, ViewLayer | Updating Objects Flags
Fra:1 Mem:163.54M (Peak 163.54M) | Time:00:00.02 | Mem:146.42M, Peak:146.42M | Scene, ViewLayer | Updating Primitive Offsets
Fra:1 Mem:163.54M (Peak 163.54M) | Time:00:00.02 | Mem:146.42M, Peak:146.42M | Scene, ViewLayer | Updating Images
Fra:1 Mem:163.54M (Peak 163.54M) | Time:00:00.02 | Mem:146.42M, Peak:146.42M | Scene, ViewLayer | Updating Camera Volume
Fra:1 Mem:163.54M (Peak 163.54M) | Time:00:00.02 | Mem:146.42M, Peak:146.42M | Scene, ViewLayer | Updating Lookup Tables
Fra:1 Mem:163.54M (Peak 163.54M) | Time:00:00.02 | Mem:146.51M, Peak:146.51M | Scene, ViewLayer | Updating Lights
Fra:1 Mem:163.54M (Peak 163.54M) | Time:00:00.02 | Mem:146.51M, Peak:146.51M | Scene, ViewLayer | Updating Lights | Computing tree
Fra:1 Mem:163.54M (Peak 163.54M) | Time:00:00.02 | Mem:146.51M, Peak:146.51M | Scene, ViewLayer | Updating Integrator
Fra:1 Mem:163.54M (Peak 163.54M) | Time:00:00.02 | Mem:146.51M, Peak:146.51M | Scene, ViewLayer | Updating Film
Fra:1 Mem:163.54M (Peak 163.54M) | Time:00:00.02 | Mem:146.51M, Peak:146.51M | Scene, ViewLayer | Updating Lookup Tables
Fra:1 Mem:163.54M (Peak 163.54M) | Time:00:00.02 | Mem:146.51M, Peak:146.51M | Scene, ViewLayer | Updating Baking
Fra:1 Mem:163.54M (Peak 163.54M) | Time:00:00.02 | Mem:146.51M, Peak:146.51M | Scene, ViewLayer | Updating Device | Writing constant memory
Fra:1 Mem:163.54M (Peak 163.54M) | Time:00:00.02 | Mem:146.51M, Peak:146.51M | Scene, ViewLayer | Sample 0/256
Fra:1 Mem:106.10M (Peak 163.54M) | Time:00:00.87 | Remaining:03:37.08 | Mem:89.06M, Peak:146.51M | Scene, ViewLayer | Sample 1/256
Fra:1 Mem:106.10M (Peak 163.54M) | Time:00:15.80 | Remaining:01:50.46 | Mem:89.06M, Peak:146.51M | Scene, ViewLayer | Sample 32/256
Fra:1 Mem:106.10M (Peak 163.54M) | Time:00:22.00 | Remaining:01:35.23 | Mem:89.06M, Peak:146.51M | Scene, ViewLayer | Sample 48/256
Fra:1 Mem:106.10M (Peak 163.54M) | Time:00:27.50 | Remaining:01:22.42 | Mem:89.06M, Peak:146.51M | Scene, ViewLayer | Sample 64/256
Fra:1 Mem:106.10M (Peak 163.54M) | Time:00:33.86 | Remaining:01:14.44 | Mem:89.06M, Peak:146.51M | Scene, ViewLayer | Sample 80/256
Fra:1 Mem:106.10M (Peak 163.54M) | Time:00:39.41 | Remaining:01:05.65 | Mem:89.06M, Peak:146.51M | Scene, ViewLayer | Sample 96/256
Fra:1 Mem:106.10M (Peak 163.54M) | Time:00:44.61 | Remaining:00:57.32 | Mem:89.06M, Peak:146.51M | Scene, ViewLayer | Sample 112/256
Fra:1 Mem:106.10M (Peak 163.54M) | Time:00:49.44 | Remaining:00:49.41 | Mem:89.06M, Peak:146.51M | Scene, ViewLayer | Sample 128/256
Fra:1 Mem:106.10M (Peak 163.54M) | Time:00:53.81 | Remaining:00:41.83 | Mem:89.06M, Peak:146.51M | Scene, ViewLayer | Sample 144/256
Fra:1 Mem:106.10M (Peak 163.54M) | Time:00:56.73 | Remaining:00:34.02 | Mem:89.06M, Peak:146.51M | Scene, ViewLayer | Sample 160/256
Fra:1 Mem:106.10M (Peak 163.54M) | Time:00:59.37 | Remaining:00:26.97 | Mem:89.06M, Peak:146.51M | Scene, ViewLayer | Sample 176/256
Fra:1 Mem:106.10M (Peak 163.54M) | Time:01:01.89 | Remaining:00:20.62 | Mem:89.06M, Peak:146.51M | Scene, ViewLayer | Sample 192/256
Fra:1 Mem:106.10M (Peak 163.54M) | Time:01:03.69 | Remaining:00:14.69 | Mem:89.06M, Peak:146.51M | Scene, ViewLayer | Sample 208/256
Fra:1 Mem:106.10M (Peak 163.54M) | Time:01:05.68 | Remaining:00:09.38 | Mem:89.06M, Peak:146.51M | Scene, ViewLayer | Sample 224/256
Fra:1 Mem:106.10M (Peak 163.54M) | Time:01:08.25 | Remaining:00:04.54 | Mem:89.06M, Peak:146.51M | Scene, ViewLayer | Sample 240/256
Fra:1 Mem:110.75M (Peak 163.54M) | Time:01:11.26 | Mem:89.06M, Peak:146.51M | Scene, ViewLayer | Sample 256/256
Fra:1 Mem:110.75M (Peak 163.54M) | Time:01:11.26 | Mem:89.06M, Peak:146.51M | Scene, ViewLayer | Finished
Saved: 'C:\Users\usman_pyywgw5\Downloads\fyp\out\sim\tmp\s000005\swir_target.exr'
Time: 01:11.31 (Saving: 00:00.04)

    swir target  crop 238x160 px @2x: 71.6s
Fra:1 Mem:106.10M (Peak 106.10M) | Time:00:00.00 | Mem:89.06M, Peak:89.06M | Scene, ViewLayer | Synchronizing object | ground
Fra:1 Mem:106.10M (Peak 106.10M) | Time:00:00.00 | Mem:89.06M, Peak:89.06M | Scene, ViewLayer | Initializing
Fra:1 Mem:106.10M (Peak 106.10M) | Time:00:00.00 | Mem:89.06M, Peak:89.06M | Scene, ViewLayer | Waiting for render to start
Fra:1 Mem:106.10M (Peak 106.10M) | Time:00:00.00 | Mem:89.06M, Peak:89.06M | Scene, ViewLayer | Updating Scene
Fra:1 Mem:106.10M (Peak 106.10M) | Time:00:00.00 | Mem:89.06M, Peak:89.06M | Scene, ViewLayer | Updating Shaders
Fra:1 Mem:106.10M (Peak 106.10M) | Time:00:00.00 | Mem:89.06M, Peak:89.06M | Scene, ViewLayer | Updating Background
Fra:1 Mem:106.10M (Peak 106.10M) | Time:00:00.00 | Mem:89.06M, Peak:89.06M | Scene, ViewLayer | Updating Camera
Fra:1 Mem:106.10M (Peak 106.10M) | Time:00:00.00 | Mem:89.06M, Peak:89.06M | Scene, ViewLayer | Updating Meshes Flags
Fra:1 Mem:106.10M (Peak 106.10M) | Time:00:00.00 | Mem:89.06M, Peak:89.06M | Scene, ViewLayer | Updating Objects
Fra:1 Mem:106.10M (Peak 106.10M) | Time:00:00.00 | Mem:89.06M, Peak:89.06M | Scene, ViewLayer | Updating Objects | Copying Transformations to device
Fra:1 Mem:106.10M (Peak 106.10M) | Time:00:00.00 | Mem:89.06M, Peak:89.06M | Scene, ViewLayer | Updating Objects | Applying Static Transformations
Fra:1 Mem:106.10M (Peak 106.10M) | Time:00:00.00 | Mem:89.06M, Peak:89.06M | Scene, ViewLayer | Updating Particle Systems
Fra:1 Mem:106.10M (Peak 106.10M) | Time:00:00.00 | Mem:89.06M, Peak:89.06M | Scene, ViewLayer | Updating Meshes
Fra:1 Mem:105.91M (Peak 106.10M) | Time:00:00.00 | Mem:88.87M, Peak:89.06M | Scene, ViewLayer | Updating Mesh | Computing attributes
Fra:1 Mem:105.99M (Peak 106.10M) | Time:00:00.00 | Mem:88.87M, Peak:89.06M | Scene, ViewLayer | Updating Mesh | Copying Attributes to device
Fra:1 Mem:105.99M (Peak 106.10M) | Time:00:00.00 | Mem:88.95M, Peak:89.06M | Scene, ViewLayer | Updating Scene BVH | Building
Fra:1 Mem:105.99M (Peak 106.10M) | Time:00:00.00 | Mem:88.95M, Peak:89.06M | Scene, ViewLayer | Updating Scene BVH | Building BVH
Fra:1 Mem:105.99M (Peak 106.10M) | Time:00:00.00 | Mem:88.95M, Peak:89.06M | Scene, ViewLayer | Updating Scene BVH | Building BVH 0%
Fra:1 Mem:105.99M (Peak 106.10M) | Time:00:00.00 | Mem:88.95M, Peak:89.06M | Scene, ViewLayer | Updating Scene BVH | Copying BVH to device
Fra:1 Mem:105.99M (Peak 106.10M) | Time:00:00.00 | Mem:88.95M, Peak:89.06M | Scene, ViewLayer | Updating Mesh | Computing normals
Fra:1 Mem:106.10M (Peak 106.10M) | Time:00:00.00 | Mem:88.95M, Peak:89.06M | Scene, ViewLayer | Updating Mesh | Copying Mesh to device
Fra:1 Mem:106.10M (Peak 106.10M) | Time:00:00.00 | Mem:89.06M, Peak:89.06M | Scene, ViewLayer | Updating Objects Flags
Fra:1 Mem:106.10M (Peak 106.10M) | Time:00:00.00 | Mem:89.06M, Peak:89.06M | Scene, ViewLayer | Updating Primitive Offsets
Fra:1 Mem:106.10M (Peak 106.10M) | Time:00:00.00 | Mem:89.06M, Peak:89.06M | Scene, ViewLayer | Updating Images
Fra:1 Mem:106.10M (Peak 106.10M) | Time:00:00.00 | Mem:89.06M, Peak:89.06M | Scene, ViewLayer | Updating Camera Volume
Fra:1 Mem:106.10M (Peak 106.10M) | Time:00:00.00 | Mem:89.06M, Peak:89.06M | Scene, ViewLayer | Updating Lookup Tables
Fra:1 Mem:106.10M (Peak 106.10M) | Time:00:00.00 | Mem:89.06M, Peak:89.06M | Scene, ViewLayer | Updating Lights
Fra:1 Mem:106.10M (Peak 106.10M) | Time:00:00.00 | Mem:89.06M, Peak:89.06M | Scene, ViewLayer | Updating Lights | Computing tree
Fra:1 Mem:106.10M (Peak 106.10M) | Time:00:00.00 | Mem:89.06M, Peak:89.06M | Scene, ViewLayer | Updating Integrator
Fra:1 Mem:106.10M (Peak 106.10M) | Time:00:00.00 | Mem:89.06M, Peak:89.06M | Scene, ViewLayer | Updating Film
Fra:1 Mem:106.10M (Peak 106.10M) | Time:00:00.00 | Mem:89.06M, Peak:89.06M | Scene, ViewLayer | Updating Lookup Tables
Fra:1 Mem:106.10M (Peak 106.10M) | Time:00:00.00 | Mem:89.06M, Peak:89.06M | Scene, ViewLayer | Updating Baking
Fra:1 Mem:106.10M (Peak 106.10M) | Time:00:00.00 | Mem:89.06M, Peak:89.06M | Scene, ViewLayer | Updating Device | Writing constant memory
Fra:1 Mem:106.10M (Peak 106.10M) | Time:00:00.00 | Mem:89.06M, Peak:89.06M | Scene, ViewLayer | Sample 0/256
Fra:1 Mem:98.75M (Peak 106.10M) | Time:00:00.01 | Remaining:00:01.43 | Mem:81.71M, Peak:89.06M | Scene, ViewLayer | Sample 1/256
Fra:1 Mem:98.75M (Peak 106.10M) | Time:00:00.15 | Remaining:00:01.02 | Mem:81.71M, Peak:89.06M | Scene, ViewLayer | Sample 32/256
Fra:1 Mem:98.75M (Peak 106.10M) | Time:00:00.17 | Remaining:00:00.70 | Mem:81.71M, Peak:89.06M | Scene, ViewLayer | Sample 48/256
Fra:1 Mem:98.75M (Peak 106.10M) | Time:00:00.18 | Remaining:00:00.51 | Mem:81.71M, Peak:89.06M | Scene, ViewLayer | Sample 64/256
Fra:1 Mem:98.75M (Peak 106.10M) | Time:00:00.19 | Remaining:00:00.41 | Mem:81.71M, Peak:89.06M | Scene, ViewLayer | Sample 80/256
Fra:1 Mem:98.75M (Peak 106.10M) | Time:00:00.20 | Remaining:00:00.33 | Mem:81.71M, Peak:89.06M | Scene, ViewLayer | Sample 96/256
Fra:1 Mem:98.75M (Peak 106.10M) | Time:00:00.21 | Remaining:00:00.26 | Mem:81.71M, Peak:89.06M | Scene, ViewLayer | Sample 112/256
Fra:1 Mem:98.75M (Peak 106.10M) | Time:00:00.22 | Remaining:00:00.22 | Mem:81.71M, Peak:89.06M | Scene, ViewLayer | Sample 128/256
Fra:1 Mem:98.75M (Peak 106.10M) | Time:00:00.23 | Remaining:00:00.17 | Mem:81.71M, Peak:89.06M | Scene, ViewLayer | Sample 144/256
Fra:1 Mem:98.75M (Peak 106.10M) | Time:00:00.24 | Remaining:00:00.13 | Mem:81.71M, Peak:89.06M | Scene, ViewLayer | Sample 160/256
Fra:1 Mem:98.75M (Peak 106.10M) | Time:00:00.26 | Remaining:00:00.11 | Mem:81.71M, Peak:89.06M | Scene, ViewLayer | Sample 176/256
Fra:1 Mem:98.75M (Peak 106.10M) | Time:00:00.26 | Remaining:00:00.08 | Mem:81.71M, Peak:89.06M | Scene, ViewLayer | Sample 192/256
Fra:1 Mem:98.75M (Peak 106.10M) | Time:00:00.27 | Remaining:00:00.06 | Mem:81.71M, Peak:89.06M | Scene, ViewLayer | Sample 208/256
Fra:1 Mem:98.75M (Peak 106.10M) | Time:00:00.28 | Remaining:00:00.03 | Mem:81.71M, Peak:89.06M | Scene, ViewLayer | Sample 224/256
Fra:1 Mem:98.75M (Peak 106.10M) | Time:00:00.31 | Remaining:00:00.02 | Mem:81.71M, Peak:89.06M | Scene, ViewLayer | Sample 240/256
Fra:1 Mem:98.88M (Peak 106.10M) | Time:00:00.32 | Mem:81.71M, Peak:89.06M | Scene, ViewLayer | Sample 256/256
Fra:1 Mem:98.88M (Peak 106.10M) | Time:00:00.32 | Mem:81.71M, Peak:89.06M | Scene, ViewLayer | Finished
Saved: 'C:\Users\usman_pyywgw5\Downloads\fyp\out\sim\tmp\s000005\swir_neg0.exr'
Time: 00:00.32 (Saving: 00:00.00)

    swir neg0    crop 16x16 px @4x: 0.4s
[s000005] done in 294.1s  calibration 11.5, build 1.7, rgb 133.7, lwir 26.8, swir 115.2, write 2.0
[s000041] val open_sky night hfov 10 bin 64+ (177.9 px @ 69 m) negatives ['helicopter', 'bird', 'bird']
Fra:1 Mem:12.47M (Peak 12.47M) | Time:00:00.01 | Mem:0.00M, Peak:0.00M | Scene, ViewLayer | Synchronizing object | calib_plane
Fra:1 Mem:12.47M (Peak 12.47M) | Time:00:00.01 | Mem:0.00M, Peak:0.00M | Scene, ViewLayer | Initializing
Fra:1 Mem:12.31M (Peak 12.47M) | Time:00:00.01 | Mem:0.00M, Peak:0.00M | Scene, ViewLayer | Waiting for render to start
Fra:1 Mem:12.31M (Peak 12.47M) | Time:00:00.01 | Mem:0.00M, Peak:0.00M | Scene, ViewLayer | Loading render kernels (may take a few minutes the first time)
Fra:1 Mem:12.31M (Peak 12.47M) | Time:00:00.01 | Mem:0.00M, Peak:0.00M | Scene, ViewLayer | Updating Scene
Fra:1 Mem:12.31M (Peak 12.47M) | Time:00:00.01 | Mem:0.00M, Peak:0.00M | Scene, ViewLayer | Updating Shaders
Fra:1 Mem:12.39M (Peak 12.47M) | Time:00:00.01 | Mem:0.00M, Peak:0.00M | Scene, ViewLayer | Updating Procedurals
Fra:1 Mem:12.39M (Peak 12.47M) | Time:00:00.01 | Mem:0.00M, Peak:0.00M | Scene, ViewLayer | Updating Background
Fra:1 Mem:12.39M (Peak 12.47M) | Time:00:00.01 | Mem:0.00M, Peak:0.00M | Scene, ViewLayer | Updating Camera
Fra:1 Mem:12.39M (Peak 12.47M) | Time:00:00.01 | Mem:0.00M, Peak:0.00M | Scene, ViewLayer | Updating Meshes Flags
Fra:1 Mem:12.39M (Peak 12.47M) | Time:00:00.01 | Mem:0.00M, Peak:0.00M | Scene, ViewLayer | Updating Objects
Fra:1 Mem:12.39M (Peak 12.47M) | Time:00:00.01 | Mem:0.00M, Peak:0.00M | Scene, ViewLayer | Updating Objects | Copying Transformations to device
Fra:1 Mem:12.39M (Peak 12.47M) | Time:00:00.01 | Mem:0.00M, Peak:0.00M | Scene, ViewLayer | Updating Objects | Applying Static Transformations
Fra:1 Mem:12.39M (Peak 12.47M) | Time:00:00.01 | Mem:0.00M, Peak:0.00M | Scene, ViewLayer | Updating Particle Systems
Fra:1 Mem:12.39M (Peak 12.47M) | Time:00:00.01 | Mem:0.00M, Peak:0.00M | Scene, ViewLayer | Updating Particle Systems | Copying Particles to device
Fra:1 Mem:12.39M (Peak 12.47M) | Time:00:00.01 | Mem:0.00M, Peak:0.00M | Scene, ViewLayer | Updating Meshes
Fra:1 Mem:12.39M (Peak 12.47M) | Time:00:00.01 | Mem:0.00M, Peak:0.00M | Scene, ViewLayer | Updating Mesh | Computing attributes
Fra:1 Mem:12.39M (Peak 12.47M) | Time:00:00.01 | Mem:0.00M, Peak:0.00M | Scene, ViewLayer | Updating Mesh | Copying Attributes to device
Fra:1 Mem:12.39M (Peak 12.47M) | Time:00:00.01 | Mem:0.00M, Peak:0.00M | Scene, ViewLayer | Updating Scene BVH | Building
Fra:1 Mem:12.39M (Peak 12.47M) | Time:00:00.01 | Mem:0.00M, Peak:0.00M | Scene, ViewLayer | Updating Scene BVH | Building BVH
Fra:1 Mem:12.39M (Peak 12.47M) | Time:00:00.01 | Mem:0.00M, Peak:0.00M | Scene, ViewLayer | Updating Scene BVH | Building BVH 0%
Fra:1 Mem:12.39M (Peak 12.47M) | Time:00:00.01 | Mem:0.00M, Peak:0.00M | Scene, ViewLayer | Updating Scene BVH | Copying BVH to device
Fra:1 Mem:12.39M (Peak 12.47M) | Time:00:00.01 | Mem:0.00M, Peak:0.00M | Scene, ViewLayer | Updating Mesh | Computing normals
Fra:1 Mem:12.39M (Peak 12.47M) | Time:00:00.01 | Mem:0.00M, Peak:0.00M | Scene, ViewLayer | Updating Mesh | Copying Mesh to device
Fra:1 Mem:12.39M (Peak 12.47M) | Time:00:00.01 | Mem:0.00M, Peak:0.00M | Scene, ViewLayer | Updating Objects Flags
Fra:1 Mem:12.39M (Peak 12.47M) | Time:00:00.01 | Mem:0.00M, Peak:0.00M | Scene, ViewLayer | Updating Primitive Offsets
Fra:1 Mem:12.39M (Peak 12.47M) | Time:00:00.01 | Mem:0.00M, Peak:0.00M | Scene, ViewLayer | Updating Images
Fra:1 Mem:12.39M (Peak 12.47M) | Time:00:00.01 | Mem:0.00M, Peak:0.00M | Scene, ViewLayer | Updating Images | Loading sky_nishita
Fra:1 Mem:13.40M (Peak 13.40M) | Time:00:00.43 | Mem:1.00M, Peak:1.00M | Scene, ViewLayer | Updating Camera Volume
Fra:1 Mem:13.40M (Peak 13.40M) | Time:00:00.43 | Mem:1.00M, Peak:1.00M | Scene, ViewLayer | Updating Lookup Tables
Fra:1 Mem:13.40M (Peak 13.40M) | Time:00:00.43 | Mem:1.08M, Peak:1.08M | Scene, ViewLayer | Updating Lights
Fra:1 Mem:13.40M (Peak 13.40M) | Time:00:00.43 | Mem:1.08M, Peak:1.08M | Scene, ViewLayer | Updating Lights | Importance map
Fra:1 Mem:14.41M (Peak 18.90M) | Time:00:00.46 | Mem:2.10M, Peak:4.60M | Scene, ViewLayer | Updating Lights | Computing tree
Fra:1 Mem:14.41M (Peak 18.90M) | Time:00:00.46 | Mem:2.10M, Peak:4.60M | Scene, ViewLayer | Updating Integrator
Fra:1 Mem:14.41M (Peak 18.90M) | Time:00:00.46 | Mem:2.10M, Peak:4.60M | Scene, ViewLayer | Updating Film
Fra:1 Mem:14.41M (Peak 18.90M) | Time:00:00.46 | Mem:2.02M, Peak:4.60M | Scene, ViewLayer | Updating Lookup Tables
Fra:1 Mem:14.41M (Peak 18.90M) | Time:00:00.46 | Mem:2.10M, Peak:4.60M | Scene, ViewLayer | Updating Baking
Fra:1 Mem:14.41M (Peak 18.90M) | Time:00:00.46 | Mem:2.10M, Peak:4.60M | Scene, ViewLayer | Updating Device | Writing constant memory
Fra:1 Mem:14.41M (Peak 18.90M) | Time:00:00.47 | Mem:2.10M, Peak:4.60M | Scene, ViewLayer | Sample 0/256
Fra:1 Mem:14.43M (Peak 18.90M) | Time:00:00.47 | Remaining:00:00.27 | Mem:2.11M, Peak:4.60M | Scene, ViewLayer | Sample 1/256
Fra:1 Mem:14.43M (Peak 18.90M) | Time:00:00.51 | Mem:2.11M, Peak:4.60M | Scene, ViewLayer | Sample 256/256
Fra:1 Mem:14.43M (Peak 18.90M) | Time:00:00.51 | Mem:2.11M, Peak:4.60M | Scene, ViewLayer | Finished
Saved: 'C:\Users\usman_pyywgw5\AppData\Local\Temp\fyp_calib_16540_1.exr'
Time: 00:00.52 (Saving: 00:00.00)

Fra:1 Mem:12.48M (Peak 12.48M) | Time:00:00.00 | Mem:0.00M, Peak:0.00M | Scene, ViewLayer | Synchronizing object | calib_plane
Fra:1 Mem:12.48M (Peak 12.48M) | Time:00:00.00 | Mem:0.00M, Peak:0.00M | Scene, ViewLayer | Initializing
Fra:1 Mem:12.32M (Peak 12.48M) | Time:00:00.00 | Mem:0.00M, Peak:0.00M | Scene, ViewLayer | Waiting for render to start
Fra:1 Mem:12.32M (Peak 12.48M) | Time:00:00.00 | Mem:0.00M, Peak:0.00M | Scene, ViewLayer | Loading render kernels (may take a few minutes the first time)
Fra:1 Mem:12.32M (Peak 12.48M) | Time:00:00.00 | Mem:0.00M, Peak:0.00M | Scene, ViewLayer | Updating Scene
Fra:1 Mem:12.32M (Peak 12.48M) | Time:00:00.00 | Mem:0.00M, Peak:0.00M | Scene, ViewLayer | Updating Shaders
Fra:1 Mem:12.41M (Peak 12.48M) | Time:00:00.02 | Mem:0.00M, Peak:0.00M | Scene, ViewLayer | Updating Procedurals
Fra:1 Mem:12.41M (Peak 12.48M) | Time:00:00.02 | Mem:0.00M, Peak:0.00M | Scene, ViewLayer | Updating Background
Fra:1 Mem:12.41M (Peak 12.48M) | Time:00:00.02 | Mem:0.00M, Peak:0.00M | Scene, ViewLayer | Updating Camera
Fra:1 Mem:12.41M (Peak 12.48M) | Time:00:00.02 | Mem:0.00M, Peak:0.00M | Scene, ViewLayer | Updating Meshes Flags
Fra:1 Mem:12.41M (Peak 12.48M) | Time:00:00.02 | Mem:0.00M, Peak:0.00M | Scene, ViewLayer | Updating Objects
Fra:1 Mem:12.41M (Peak 12.48M) | Time:00:00.02 | Mem:0.00M, Peak:0.00M | Scene, ViewLayer | Updating Objects | Copying Transformations to device
Fra:1 Mem:12.41M (Peak 12.48M) | Time:00:00.02 | Mem:0.00M, Peak:0.00M | Scene, ViewLayer | Updating Objects | Applying Static Transformations
Fra:1 Mem:12.41M (Peak 12.48M) | Time:00:00.02 | Mem:0.00M, Peak:0.00M | Scene, ViewLayer | Updating Particle Systems
Fra:1 Mem:12.41M (Peak 12.48M) | Time:00:00.02 | Mem:0.00M, Peak:0.00M | Scene, ViewLayer | Updating Particle Systems | Copying Particles to device
Fra:1 Mem:12.41M (Peak 12.48M) | Time:00:00.02 | Mem:0.00M, Peak:0.00M | Scene, ViewLayer | Updating Meshes
Fra:1 Mem:12.41M (Peak 12.48M) | Time:00:00.02 | Mem:0.00M, Peak:0.00M | Scene, ViewLayer | Updating Mesh | Computing attributes
Fra:1 Mem:12.41M (Peak 12.48M) | Time:00:00.02 | Mem:0.00M, Peak:0.00M | Scene, ViewLayer | Updating Mesh | Copying Attributes to device
Fra:1 Mem:12.41M (Peak 12.48M) | Time:00:00.02 | Mem:0.00M, Peak:0.00M | Scene, ViewLayer | Updating Scene BVH | Building
Fra:1 Mem:12.41M (Peak 12.48M) | Time:00:00.02 | Mem:0.00M, Peak:0.00M | Scene, ViewLayer | Updating Scene BVH | Building BVH
Fra:1 Mem:12.41M (Peak 12.48M) | Time:00:00.02 | Mem:0.00M, Peak:0.00M | Scene, ViewLayer | Updating Scene BVH | Building BVH 0%
Fra:1 Mem:12.41M (Peak 12.48M) | Time:00:00.02 | Mem:0.00M, Peak:0.00M | Scene, ViewLayer | Updating Scene BVH | Copying BVH to device
Fra:1 Mem:12.41M (Peak 12.48M) | Time:00:00.02 | Mem:0.00M, Peak:0.00M | Scene, ViewLayer | Updating Mesh | Computing normals
Fra:1 Mem:12.41M (Peak 12.48M) | Time:00:00.02 | Mem:0.00M, Peak:0.00M | Scene, ViewLayer | Updating Mesh | Copying Mesh to device
Fra:1 Mem:12.41M (Peak 12.48M) | Time:00:00.02 | Mem:0.00M, Peak:0.00M | Scene, ViewLayer | Updating Objects Flags
Fra:1 Mem:12.41M (Peak 12.48M) | Time:00:00.02 | Mem:0.00M, Peak:0.00M | Scene, ViewLayer | Updating Primitive Offsets
Fra:1 Mem:12.41M (Peak 12.48M) | Time:00:00.02 | Mem:0.00M, Peak:0.00M | Scene, ViewLayer | Updating Images
Fra:1 Mem:12.41M (Peak 12.48M) | Time:00:00.02 | Mem:0.00M, Peak:0.00M | Scene, ViewLayer | Updating Images | Loading sky_nishita
Fra:1 Mem:13.42M (Peak 13.42M) | Time:00:00.52 | Mem:1.00M, Peak:1.00M | Scene, ViewLayer | Updating Camera Volume
Fra:1 Mem:13.42M (Peak 13.42M) | Time:00:00.52 | Mem:1.00M, Peak:1.00M | Scene, ViewLayer | Updating Lookup Tables
Fra:1 Mem:13.42M (Peak 13.42M) | Time:00:00.52 | Mem:1.08M, Peak:1.08M | Scene, ViewLayer | Updating Lights
Fra:1 Mem:13.42M (Peak 13.42M) | Time:00:00.52 | Mem:1.08M, Peak:1.08M | Scene, ViewLayer | Updating Lights | Importance map
Fra:1 Mem:77.45M (Peak 365.42M) | Time:00:02.86 | Mem:65.13M, Peak:225.10M | Scene, ViewLayer | Updating Lights | Computing tree
Fra:1 Mem:77.45M (Peak 365.42M) | Time:00:02.86 | Mem:65.13M, Peak:225.10M | Scene, ViewLayer | Updating Integrator
Fra:1 Mem:77.45M (Peak 365.42M) | Time:00:02.86 | Mem:65.13M, Peak:225.10M | Scene, ViewLayer | Updating Film
Fra:1 Mem:77.45M (Peak 365.42M) | Time:00:02.86 | Mem:65.05M, Peak:225.10M | Scene, ViewLayer | Updating Lookup Tables
Fra:1 Mem:77.45M (Peak 365.42M) | Time:00:02.86 | Mem:65.13M, Peak:225.10M | Scene, ViewLayer | Updating Baking
Fra:1 Mem:77.45M (Peak 365.42M) | Time:00:02.86 | Mem:65.13M, Peak:225.10M | Scene, ViewLayer | Updating Device | Writing constant memory
Fra:1 Mem:77.45M (Peak 365.42M) | Time:00:02.86 | Mem:65.13M, Peak:225.10M | Scene, ViewLayer | Sample 0/256
Fra:1 Mem:77.47M (Peak 365.42M) | Time:00:02.86 | Remaining:00:00.25 | Mem:65.13M, Peak:225.10M | Scene, ViewLayer | Sample 1/256
Fra:1 Mem:77.47M (Peak 365.42M) | Time:00:02.94 | Mem:65.13M, Peak:225.10M | Scene, ViewLayer | Sample 256/256
Fra:1 Mem:77.47M (Peak 365.42M) | Time:00:02.94 | Mem:65.13M, Peak:225.10M | Scene, ViewLayer | Finished
Saved: 'C:\Users\usman_pyywgw5\AppData\Local\Temp\fyp_calib_16540_0.exr'
Time: 00:02.95 (Saving: 00:00.00)

Fra:1 Mem:17.49M (Peak 17.49M) | Time:00:00.00 | Mem:0.00M, Peak:0.00M | Scene, ViewLayer | Synchronizing object | ground
Fra:1 Mem:17.49M (Peak 17.49M) | Time:00:00.00 | Mem:0.00M, Peak:0.00M | Scene, ViewLayer | Initializing
Fra:1 Mem:17.48M (Peak 17.49M) | Time:00:00.01 | Mem:0.00M, Peak:0.00M | Scene, ViewLayer | Waiting for render to start
Fra:1 Mem:17.49M (Peak 17.49M) | Time:00:00.01 | Mem:0.00M, Peak:0.00M | Scene, ViewLayer | Loading render kernels (may take a few minutes the first time)
Fra:1 Mem:17.49M (Peak 17.49M) | Time:00:00.01 | Mem:0.00M, Peak:0.00M | Scene, ViewLayer | Updating Scene
Fra:1 Mem:17.49M (Peak 17.49M) | Time:00:00.01 | Mem:0.00M, Peak:0.00M | Scene, ViewLayer | Updating Shaders
Fra:1 Mem:17.57M (Peak 17.57M) | Time:00:00.01 | Mem:0.00M, Peak:0.00M | Scene, ViewLayer | Updating Procedurals
Fra:1 Mem:17.57M (Peak 17.57M) | Time:00:00.01 | Mem:0.00M, Peak:0.00M | Scene, ViewLayer | Updating Background
Fra:1 Mem:17.57M (Peak 17.57M) | Time:00:00.01 | Mem:0.00M, Peak:0.00M | Scene, ViewLayer | Updating Camera
Fra:1 Mem:17.57M (Peak 17.57M) | Time:00:00.01 | Mem:0.00M, Peak:0.00M | Scene, ViewLayer | Updating Meshes Flags
Fra:1 Mem:17.57M (Peak 17.57M) | Time:00:00.01 | Mem:0.00M, Peak:0.00M | Scene, ViewLayer | Updating Objects
Fra:1 Mem:17.57M (Peak 17.57M) | Time:00:00.01 | Mem:0.00M, Peak:0.00M | Scene, ViewLayer | Updating Objects | Copying Transformations to device
Fra:1 Mem:17.57M (Peak 17.57M) | Time:00:00.01 | Mem:0.00M, Peak:0.00M | Scene, ViewLayer | Updating Objects | Applying Static Transformations
Fra:1 Mem:17.57M (Peak 17.57M) | Time:00:00.01 | Mem:0.00M, Peak:0.00M | Scene, ViewLayer | Updating Particle Systems
Fra:1 Mem:17.57M (Peak 17.57M) | Time:00:00.01 | Mem:0.00M, Peak:0.00M | Scene, ViewLayer | Updating Particle Systems | Copying Particles to device
Fra:1 Mem:17.57M (Peak 17.57M) | Time:00:00.01 | Mem:0.00M, Peak:0.00M | Scene, ViewLayer | Updating Meshes
Fra:1 Mem:17.57M (Peak 17.57M) | Time:00:00.01 | Mem:0.00M, Peak:0.00M | Scene, ViewLayer | Updating Mesh | Computing attributes
Fra:1 Mem:17.57M (Peak 17.57M) | Time:00:00.01 | Mem:0.00M, Peak:0.00M | Scene, ViewLayer | Updating Mesh | Copying Attributes to device
Fra:1 Mem:17.57M (Peak 17.57M) | Time:00:00.01 | Mem:0.00M, Peak:0.00M | Scene, ViewLayer | Updating Scene BVH | Building
Fra:1 Mem:17.57M (Peak 17.57M) | Time:00:00.01 | Mem:0.00M, Peak:0.00M | Scene, ViewLayer | Updating Scene BVH | Building BVH
Fra:1 Mem:17.57M (Peak 17.57M) | Time:00:00.01 | Mem:0.00M, Peak:0.00M | Scene, ViewLayer | Updating Scene BVH | Building BVH 0%
Fra:1 Mem:17.57M (Peak 17.57M) | Time:00:00.01 | Mem:0.00M, Peak:0.00M | Scene, ViewLayer | Updating Scene BVH | Copying BVH to device
Fra:1 Mem:17.57M (Peak 17.57M) | Time:00:00.01 | Mem:0.00M, Peak:0.00M | Scene, ViewLayer | Updating Mesh | Computing normals
Fra:1 Mem:17.57M (Peak 17.57M) | Time:00:00.01 | Mem:0.00M, Peak:0.00M | Scene, ViewLayer | Updating Mesh | Copying Mesh to device
Fra:1 Mem:17.57M (Peak 17.57M) | Time:00:00.01 | Mem:0.00M, Peak:0.00M | Scene, ViewLayer | Updating Objects Flags
Fra:1 Mem:17.57M (Peak 17.57M) | Time:00:00.01 | Mem:0.00M, Peak:0.00M | Scene, ViewLayer | Updating Primitive Offsets
Fra:1 Mem:17.57M (Peak 17.57M) | Time:00:00.01 | Mem:0.00M, Peak:0.00M | Scene, ViewLayer | Updating Images
Fra:1 Mem:17.57M (Peak 17.57M) | Time:00:00.01 | Mem:0.00M, Peak:0.00M | Scene, ViewLayer | Updating Images | Loading sky_nishita
Fra:1 Mem:18.58M (Peak 18.58M) | Time:00:00.58 | Mem:1.00M, Peak:1.00M | Scene, ViewLayer | Updating Camera Volume
Fra:1 Mem:18.58M (Peak 18.58M) | Time:00:00.58 | Mem:1.00M, Peak:1.00M | Scene, ViewLayer | Updating Lookup Tables
Fra:1 Mem:18.58M (Peak 18.58M) | Time:00:00.58 | Mem:1.09M, Peak:1.09M | Scene, ViewLayer | Updating Lights
Fra:1 Mem:18.58M (Peak 18.58M) | Time:00:00.58 | Mem:1.09M, Peak:1.09M | Scene, ViewLayer | Updating Lights | Importance map
Fra:1 Mem:82.61M (Peak 370.58M) | Time:00:08.50 | Mem:65.13M, Peak:225.10M | Scene, ViewLayer | Updating Lights | Computing tree
Fra:1 Mem:82.61M (Peak 370.58M) | Time:00:08.50 | Mem:65.13M, Peak:225.10M | Scene, ViewLayer | Updating Integrator
Fra:1 Mem:82.61M (Peak 370.58M) | Time:00:08.50 | Mem:65.13M, Peak:225.10M | Scene, ViewLayer | Updating Film
Fra:1 Mem:82.62M (Peak 370.58M) | Time:00:08.50 | Mem:65.05M, Peak:225.10M | Scene, ViewLayer | Updating Lookup Tables
Fra:1 Mem:82.62M (Peak 370.58M) | Time:00:08.50 | Mem:65.13M, Peak:225.10M | Scene, ViewLayer | Updating Baking
Fra:1 Mem:82.62M (Peak 370.58M) | Time:00:08.50 | Mem:65.13M, Peak:225.10M | Scene, ViewLayer | Updating Device | Writing constant memory
Fra:1 Mem:82.62M (Peak 370.58M) | Time:00:08.50 | Mem:65.13M, Peak:225.10M | Scene, ViewLayer | Sample 0/256
Fra:1 Mem:147.63M (Peak 370.58M) | Time:00:10.32 | Remaining:07:43.11 | Mem:130.13M, Peak:225.10M | Scene, ViewLayer | Sample 1/256
Fra:1 Mem:147.63M (Peak 370.58M) | Time:00:35.51 | Remaining:06:19.59 | Mem:130.13M, Peak:225.10M | Scene, ViewLayer | Sample 17/256
Fra:1 Mem:147.63M (Peak 370.58M) | Time:00:59.45 | Remaining:05:56.60 | Mem:130.13M, Peak:225.10M | Scene, ViewLayer | Sample 32/256
Fra:1 Mem:187.64M (Peak 370.58M) | Time:00:59.67 | Remaining:05:58.15 | Mem:130.13M, Peak:225.10M | Scene, ViewLayer | Sample 0/256
Fra:1 Mem:187.64M (Peak 370.58M) | Time:00:59.67 | Remaining:05:58.15 | Mem:130.13M, Peak:225.10M | Scene, ViewLayer | Finished
Saved: 'C:\Users\usman_pyywgw5\Downloads\fyp\out\sim\tmp\s000041\rgb_bg.exr'
Time: 00:59.99 (Saving: 00:00.32)

    rgb background 1280x1024: 62.8s
Fra:1 Mem:148.66M (Peak 148.66M) | Time:00:00.02 | Mem:130.13M, Peak:130.13M | Scene, ViewLayer | Synchronizing object | neg2
Fra:1 Mem:148.67M (Peak 148.67M) | Time:00:00.02 | Mem:130.13M, Peak:130.13M | Scene, ViewLayer | Synchronizing object | neg1
Fra:1 Mem:148.68M (Peak 148.68M) | Time:00:00.02 | Mem:130.13M, Peak:130.13M | Scene, ViewLayer | Synchronizing object | neg0
Fra:1 Mem:148.71M (Peak 148.71M) | Time:00:00.02 | Mem:130.13M, Peak:130.13M | Scene, ViewLayer | Synchronizing object | KAL
Fra:1 Mem:148.92M (Peak 148.92M) | Time:00:00.02 | Mem:130.13M, Peak:130.13M | Scene, ViewLayer | Synchronizing object | ground
Fra:1 Mem:148.92M (Peak 148.92M) | Time:00:00.02 | Mem:130.13M, Peak:130.13M | Scene, ViewLayer | Initializing
Fra:1 Mem:148.92M (Peak 148.92M) | Time:00:00.02 | Mem:130.13M, Peak:130.13M | Scene, ViewLayer | Updating Images | Loading decal_atlas.png
Fra:1 Mem:164.92M (Peak 196.93M) | Time:00:00.27 | Mem:146.13M, Peak:146.13M | Scene, ViewLayer | Waiting for render to start
Fra:1 Mem:164.92M (Peak 196.93M) | Time:00:00.27 | Mem:146.13M, Peak:146.13M | Scene, ViewLayer | Loading render kernels (may take a few minutes the first time)
Fra:1 Mem:164.92M (Peak 196.93M) | Time:00:00.27 | Mem:146.13M, Peak:146.13M | Scene, ViewLayer | Updating Scene
Fra:1 Mem:164.92M (Peak 196.93M) | Time:00:00.27 | Mem:146.13M, Peak:146.13M | Scene, ViewLayer | Updating Shaders
Fra:1 Mem:164.93M (Peak 196.93M) | Time:00:00.27 | Mem:146.15M, Peak:146.15M | Scene, ViewLayer | Updating Procedurals
Fra:1 Mem:164.93M (Peak 196.93M) | Time:00:00.27 | Mem:146.15M, Peak:146.15M | Scene, ViewLayer | Updating Background
Fra:1 Mem:164.93M (Peak 196.93M) | Time:00:00.27 | Mem:146.15M, Peak:146.15M | Scene, ViewLayer | Updating Camera
Fra:1 Mem:164.93M (Peak 196.93M) | Time:00:00.27 | Mem:146.06M, Peak:146.15M | Scene, ViewLayer | Updating Meshes Flags
Fra:1 Mem:164.93M (Peak 196.93M) | Time:00:00.27 | Mem:146.06M, Peak:146.15M | Scene, ViewLayer | Updating Objects
Fra:1 Mem:164.93M (Peak 196.93M) | Time:00:00.27 | Mem:146.06M, Peak:146.15M | Scene, ViewLayer | Updating Objects | Copying Transformations to device
Fra:1 Mem:164.93M (Peak 196.93M) | Time:00:00.27 | Mem:146.06M, Peak:146.15M | Scene, ViewLayer | Updating Objects | Applying Static Transformations
Fra:1 Mem:164.93M (Peak 196.93M) | Time:00:00.27 | Mem:146.06M, Peak:146.15M | Scene, ViewLayer | Updating Particle Systems
Fra:1 Mem:164.93M (Peak 196.93M) | Time:00:00.27 | Mem:146.06M, Peak:146.15M | Scene, ViewLayer | Updating Meshes
Fra:1 Mem:164.98M (Peak 196.93M) | Time:00:00.27 | Mem:146.06M, Peak:146.15M | Scene, ViewLayer | Updating Mesh | Computing attributes
Fra:1 Mem:165.07M (Peak 196.93M) | Time:00:00.27 | Mem:146.06M, Peak:146.15M | Scene, ViewLayer | Updating Mesh | Copying Attributes to device
Fra:1 Mem:165.07M (Peak 196.93M) | Time:00:00.27 | Mem:146.14M, Peak:146.15M | Scene, ViewLayer | Updating Geometry BVH neg2 4/4 | Building BVH
Fra:1 Mem:165.07M (Peak 196.93M) | Time:00:00.27 | Mem:146.15M, Peak:146.15M | Scene, ViewLayer | Updating Geometry BVH neg2 4/4 | Building BVH 0%
Fra:1 Mem:165.07M (Peak 196.93M) | Time:00:00.27 | Mem:146.15M, Peak:146.15M | Scene, ViewLayer | Updating Geometry BVH KAL 1/4 | Building BVH
Fra:1 Mem:165.07M (Peak 196.93M) | Time:00:00.27 | Mem:146.16M, Peak:146.16M | Scene, ViewLayer | Updating Geometry BVH neg1 3/4 | Building BVH
Fra:1 Mem:165.07M (Peak 196.93M) | Time:00:00.27 | Mem:146.24M, Peak:146.25M | Scene, ViewLayer | Updating Geometry BVH neg0 2/4 | Building BVH
Fra:1 Mem:165.07M (Peak 196.93M) | Time:00:00.27 | Mem:146.36M, Peak:146.43M | Scene, ViewLayer | Updating Scene BVH | Building
Fra:1 Mem:165.07M (Peak 196.93M) | Time:00:00.27 | Mem:146.36M, Peak:146.43M | Scene, ViewLayer | Updating Scene BVH | Building BVH
Fra:1 Mem:165.07M (Peak 196.93M) | Time:00:00.27 | Mem:146.36M, Peak:146.43M | Scene, ViewLayer | Updating Scene BVH | Copying BVH to device
Fra:1 Mem:165.07M (Peak 196.93M) | Time:00:00.27 | Mem:146.36M, Peak:146.43M | Scene, ViewLayer | Updating Mesh | Computing normals
Fra:1 Mem:165.19M (Peak 196.93M) | Time:00:00.27 | Mem:146.36M, Peak:146.43M | Scene, ViewLayer | Updating Mesh | Copying Mesh to device
Fra:1 Mem:165.19M (Peak 196.93M) | Time:00:00.27 | Mem:146.49M, Peak:146.49M | Scene, ViewLayer | Updating Objects Flags
Fra:1 Mem:165.19M (Peak 196.93M) | Time:00:00.27 | Mem:146.49M, Peak:146.49M | Scene, ViewLayer | Updating Primitive Offsets
Fra:1 Mem:165.19M (Peak 196.93M) | Time:00:00.27 | Mem:146.49M, Peak:146.49M | Scene, ViewLayer | Updating Images
Fra:1 Mem:165.19M (Peak 196.93M) | Time:00:00.27 | Mem:146.49M, Peak:146.49M | Scene, ViewLayer | Updating Camera Volume
Fra:1 Mem:165.19M (Peak 196.93M) | Time:00:00.27 | Mem:146.49M, Peak:146.49M | Scene, ViewLayer | Updating Lookup Tables
Fra:1 Mem:165.19M (Peak 196.93M) | Time:00:00.27 | Mem:146.57M, Peak:146.57M | Scene, ViewLayer | Updating Lights
Fra:1 Mem:165.19M (Peak 196.93M) | Time:00:00.27 | Mem:146.57M, Peak:146.57M | Scene, ViewLayer | Updating Lights | Computing tree
Fra:1 Mem:165.19M (Peak 196.93M) | Time:00:00.27 | Mem:146.57M, Peak:146.57M | Scene, ViewLayer | Updating Integrator
Fra:1 Mem:165.19M (Peak 196.93M) | Time:00:00.27 | Mem:146.57M, Peak:146.57M | Scene, ViewLayer | Updating Film
Fra:1 Mem:165.19M (Peak 196.93M) | Time:00:00.27 | Mem:146.57M, Peak:146.57M | Scene, ViewLayer | Updating Lookup Tables
Fra:1 Mem:165.19M (Peak 196.93M) | Time:00:00.28 | Mem:146.57M, Peak:146.57M | Scene, ViewLayer | Updating Baking
Fra:1 Mem:165.19M (Peak 196.93M) | Time:00:00.28 | Mem:146.57M, Peak:146.57M | Scene, ViewLayer | Updating Device | Writing constant memory
Fra:1 Mem:165.19M (Peak 196.93M) | Time:00:00.28 | Mem:146.57M, Peak:146.57M | Scene, ViewLayer | Sample 0/256
Fra:1 Mem:108.82M (Peak 196.93M) | Time:00:00.80 | Remaining:02:13.97 | Mem:90.20M, Peak:146.57M | Scene, ViewLayer | Sample 1/256
Fra:1 Mem:108.82M (Peak 196.93M) | Time:00:17.08 | Remaining:01:57.63 | Mem:90.20M, Peak:146.57M | Scene, ViewLayer | Sample 32/256
Fra:1 Mem:114.14M (Peak 196.93M) | Time:00:17.13 | Remaining:01:57.98 | Mem:90.20M, Peak:146.57M | Scene, ViewLayer | Sample 0/256
Fra:1 Mem:114.14M (Peak 196.93M) | Time:00:17.13 | Remaining:01:57.98 | Mem:90.20M, Peak:146.57M | Scene, ViewLayer | Finished
Saved: 'C:\Users\usman_pyywgw5\Downloads\fyp\out\sim\tmp\s000041\rgb_target.exr'
Time: 00:17.23 (Saving: 00:00.09)

    rgb target  crop 313x139 px @2x: 17.9s
Fra:1 Mem:108.83M (Peak 108.83M) | Time:00:00.00 | Mem:90.20M, Peak:90.20M | Scene, ViewLayer | Synchronizing object | ground
Fra:1 Mem:108.83M (Peak 108.83M) | Time:00:00.00 | Mem:90.20M, Peak:90.20M | Scene, ViewLayer | Initializing
Fra:1 Mem:108.82M (Peak 108.83M) | Time:00:00.00 | Mem:90.20M, Peak:90.20M | Scene, ViewLayer | Waiting for render to start
Fra:1 Mem:108.82M (Peak 108.83M) | Time:00:00.00 | Mem:90.20M, Peak:90.20M | Scene, ViewLayer | Updating Scene
Fra:1 Mem:108.82M (Peak 108.83M) | Time:00:00.00 | Mem:90.20M, Peak:90.20M | Scene, ViewLayer | Updating Shaders
Fra:1 Mem:108.82M (Peak 108.83M) | Time:00:00.00 | Mem:90.20M, Peak:90.20M | Scene, ViewLayer | Updating Background
Fra:1 Mem:108.82M (Peak 108.83M) | Time:00:00.00 | Mem:90.20M, Peak:90.20M | Scene, ViewLayer | Updating Camera
Fra:1 Mem:108.82M (Peak 108.83M) | Time:00:00.00 | Mem:90.20M, Peak:90.20M | Scene, ViewLayer | Updating Meshes Flags
Fra:1 Mem:108.82M (Peak 108.83M) | Time:00:00.00 | Mem:90.20M, Peak:90.20M | Scene, ViewLayer | Updating Objects
Fra:1 Mem:108.82M (Peak 108.83M) | Time:00:00.00 | Mem:90.20M, Peak:90.20M | Scene, ViewLayer | Updating Objects | Copying Transformations to device
Fra:1 Mem:108.82M (Peak 108.83M) | Time:00:00.00 | Mem:90.20M, Peak:90.20M | Scene, ViewLayer | Updating Objects | Applying Static Transformations
Fra:1 Mem:108.82M (Peak 108.83M) | Time:00:00.00 | Mem:90.20M, Peak:90.20M | Scene, ViewLayer | Updating Particle Systems
Fra:1 Mem:108.82M (Peak 108.83M) | Time:00:00.00 | Mem:90.20M, Peak:90.20M | Scene, ViewLayer | Updating Meshes
Fra:1 Mem:108.61M (Peak 108.83M) | Time:00:00.00 | Mem:89.99M, Peak:90.20M | Scene, ViewLayer | Updating Mesh | Computing attributes
Fra:1 Mem:108.70M (Peak 108.83M) | Time:00:00.00 | Mem:89.99M, Peak:90.20M | Scene, ViewLayer | Updating Mesh | Copying Attributes to device
Fra:1 Mem:108.70M (Peak 108.83M) | Time:00:00.00 | Mem:90.07M, Peak:90.20M | Scene, ViewLayer | Updating Scene BVH | Building
Fra:1 Mem:108.70M (Peak 108.83M) | Time:00:00.00 | Mem:90.07M, Peak:90.20M | Scene, ViewLayer | Updating Scene BVH | Building BVH
Fra:1 Mem:108.70M (Peak 108.83M) | Time:00:00.00 | Mem:90.07M, Peak:90.20M | Scene, ViewLayer | Updating Scene BVH | Building BVH 0%
Fra:1 Mem:108.70M (Peak 108.83M) | Time:00:00.00 | Mem:90.08M, Peak:90.20M | Scene, ViewLayer | Updating Scene BVH | Copying BVH to device
Fra:1 Mem:108.70M (Peak 108.83M) | Time:00:00.00 | Mem:90.08M, Peak:90.20M | Scene, ViewLayer | Updating Mesh | Computing normals
Fra:1 Mem:108.82M (Peak 108.83M) | Time:00:00.00 | Mem:90.08M, Peak:90.20M | Scene, ViewLayer | Updating Mesh | Copying Mesh to device
Fra:1 Mem:108.82M (Peak 108.83M) | Time:00:00.00 | Mem:90.20M, Peak:90.20M | Scene, ViewLayer | Updating Objects Flags
Fra:1 Mem:108.82M (Peak 108.83M) | Time:00:00.00 | Mem:90.20M, Peak:90.20M | Scene, ViewLayer | Updating Primitive Offsets
Fra:1 Mem:108.82M (Peak 108.83M) | Time:00:00.00 | Mem:90.20M, Peak:90.20M | Scene, ViewLayer | Updating Images
Fra:1 Mem:108.82M (Peak 108.83M) | Time:00:00.00 | Mem:90.20M, Peak:90.20M | Scene, ViewLayer | Updating Camera Volume
Fra:1 Mem:108.82M (Peak 108.83M) | Time:00:00.00 | Mem:90.20M, Peak:90.20M | Scene, ViewLayer | Updating Lookup Tables
Fra:1 Mem:108.82M (Peak 108.83M) | Time:00:00.00 | Mem:90.20M, Peak:90.20M | Scene, ViewLayer | Updating Lights
Fra:1 Mem:108.82M (Peak 108.83M) | Time:00:00.00 | Mem:90.20M, Peak:90.20M | Scene, ViewLayer | Updating Lights | Computing tree
Fra:1 Mem:108.82M (Peak 108.83M) | Time:00:00.00 | Mem:90.20M, Peak:90.20M | Scene, ViewLayer | Updating Integrator
Fra:1 Mem:108.82M (Peak 108.83M) | Time:00:00.00 | Mem:90.20M, Peak:90.20M | Scene, ViewLayer | Updating Film
Fra:1 Mem:108.82M (Peak 108.83M) | Time:00:00.00 | Mem:90.20M, Peak:90.20M | Scene, ViewLayer | Updating Lookup Tables
Fra:1 Mem:108.82M (Peak 108.83M) | Time:00:00.00 | Mem:90.20M, Peak:90.20M | Scene, ViewLayer | Updating Baking
Fra:1 Mem:108.82M (Peak 108.83M) | Time:00:00.00 | Mem:90.20M, Peak:90.20M | Scene, ViewLayer | Updating Device | Writing constant memory
Fra:1 Mem:108.82M (Peak 108.83M) | Time:00:00.00 | Mem:90.20M, Peak:90.20M | Scene, ViewLayer | Sample 0/256
Fra:1 Mem:100.42M (Peak 108.83M) | Time:00:00.01 | Remaining:00:01.86 | Mem:81.80M, Peak:90.20M | Scene, ViewLayer | Sample 1/256
Fra:1 Mem:100.42M (Peak 108.83M) | Time:00:00.33 | Remaining:00:02.35 | Mem:81.80M, Peak:90.20M | Scene, ViewLayer | Sample 32/256
Fra:1 Mem:100.57M (Peak 108.83M) | Time:00:00.34 | Remaining:00:02.36 | Mem:81.80M, Peak:90.20M | Scene, ViewLayer | Sample 0/256
Fra:1 Mem:100.57M (Peak 108.83M) | Time:00:00.34 | Remaining:00:02.36 | Mem:81.80M, Peak:90.20M | Scene, ViewLayer | Finished
Saved: 'C:\Users\usman_pyywgw5\Downloads\fyp\out\sim\tmp\s000041\rgb_neg0.exr'
Time: 00:00.34 (Saving: 00:00.00)

    rgb neg0    crop 17x17 px @4x: 0.4s
Fra:1 Mem:100.43M (Peak 100.43M) | Time:00:00.00 | Mem:81.80M, Peak:81.80M | Scene, ViewLayer | Synchronizing object | ground
Fra:1 Mem:100.43M (Peak 100.43M) | Time:00:00.00 | Mem:81.80M, Peak:81.80M | Scene, ViewLayer | Initializing
Fra:1 Mem:100.42M (Peak 100.43M) | Time:00:00.00 | Mem:81.80M, Peak:81.80M | Scene, ViewLayer | Waiting for render to start
Fra:1 Mem:100.42M (Peak 100.43M) | Time:00:00.00 | Mem:81.80M, Peak:81.80M | Scene, ViewLayer | Updating Scene
Fra:1 Mem:100.42M (Peak 100.43M) | Time:00:00.00 | Mem:81.80M, Peak:81.80M | Scene, ViewLayer | Updating Shaders
Fra:1 Mem:100.42M (Peak 100.43M) | Time:00:00.00 | Mem:81.80M, Peak:81.80M | Scene, ViewLayer | Updating Background
Fra:1 Mem:100.42M (Peak 100.43M) | Time:00:00.00 | Mem:81.80M, Peak:81.80M | Scene, ViewLayer | Updating Camera
Fra:1 Mem:100.42M (Peak 100.43M) | Time:00:00.00 | Mem:81.80M, Peak:81.80M | Scene, ViewLayer | Updating Meshes Flags
Fra:1 Mem:100.42M (Peak 100.43M) | Time:00:00.00 | Mem:81.80M, Peak:81.80M | Scene, ViewLayer | Updating Objects
Fra:1 Mem:100.42M (Peak 100.43M) | Time:00:00.00 | Mem:81.80M, Peak:81.80M | Scene, ViewLayer | Updating Objects | Copying Transformations to device
Fra:1 Mem:100.42M (Peak 100.43M) | Time:00:00.00 | Mem:81.80M, Peak:81.80M | Scene, ViewLayer | Updating Objects | Applying Static Transformations
Fra:1 Mem:100.42M (Peak 100.43M) | Time:00:00.00 | Mem:81.80M, Peak:81.80M | Scene, ViewLayer | Updating Particle Systems
Fra:1 Mem:100.42M (Peak 100.43M) | Time:00:00.00 | Mem:81.80M, Peak:81.80M | Scene, ViewLayer | Updating Meshes
Fra:1 Mem:100.21M (Peak 100.43M) | Time:00:00.00 | Mem:81.59M, Peak:81.80M | Scene, ViewLayer | Updating Mesh | Computing attributes
Fra:1 Mem:100.30M (Peak 100.43M) | Time:00:00.00 | Mem:81.59M, Peak:81.80M | Scene, ViewLayer | Updating Mesh | Copying Attributes to device
Fra:1 Mem:100.30M (Peak 100.43M) | Time:00:00.00 | Mem:81.67M, Peak:81.80M | Scene, ViewLayer | Updating Scene BVH | Building
Fra:1 Mem:100.30M (Peak 100.43M) | Time:00:00.00 | Mem:81.67M, Peak:81.80M | Scene, ViewLayer | Updating Scene BVH | Building BVH
Fra:1 Mem:100.30M (Peak 100.43M) | Time:00:00.00 | Mem:81.67M, Peak:81.80M | Scene, ViewLayer | Updating Scene BVH | Building BVH 0%
Fra:1 Mem:100.30M (Peak 100.43M) | Time:00:00.00 | Mem:81.68M, Peak:81.80M | Scene, ViewLayer | Updating Scene BVH | Copying BVH to device
Fra:1 Mem:100.30M (Peak 100.43M) | Time:00:00.00 | Mem:81.68M, Peak:81.80M | Scene, ViewLayer | Updating Mesh | Computing normals
Fra:1 Mem:100.42M (Peak 100.43M) | Time:00:00.00 | Mem:81.68M, Peak:81.80M | Scene, ViewLayer | Updating Mesh | Copying Mesh to device
Fra:1 Mem:100.42M (Peak 100.43M) | Time:00:00.00 | Mem:81.80M, Peak:81.80M | Scene, ViewLayer | Updating Objects Flags
Fra:1 Mem:100.42M (Peak 100.43M) | Time:00:00.00 | Mem:81.80M, Peak:81.80M | Scene, ViewLayer | Updating Primitive Offsets
Fra:1 Mem:100.42M (Peak 100.43M) | Time:00:00.00 | Mem:81.80M, Peak:81.80M | Scene, ViewLayer | Updating Images
Fra:1 Mem:100.42M (Peak 100.43M) | Time:00:00.00 | Mem:81.80M, Peak:81.80M | Scene, ViewLayer | Updating Camera Volume
Fra:1 Mem:100.42M (Peak 100.43M) | Time:00:00.00 | Mem:81.80M, Peak:81.80M | Scene, ViewLayer | Updating Lookup Tables
Fra:1 Mem:100.42M (Peak 100.43M) | Time:00:00.00 | Mem:81.80M, Peak:81.80M | Scene, ViewLayer | Updating Lights
Fra:1 Mem:100.42M (Peak 100.43M) | Time:00:00.00 | Mem:81.80M, Peak:81.80M | Scene, ViewLayer | Updating Lights | Computing tree
Fra:1 Mem:100.42M (Peak 100.43M) | Time:00:00.00 | Mem:81.80M, Peak:81.80M | Scene, ViewLayer | Updating Integrator
Fra:1 Mem:100.42M (Peak 100.43M) | Time:00:00.00 | Mem:81.80M, Peak:81.80M | Scene, ViewLayer | Updating Film
Fra:1 Mem:100.42M (Peak 100.43M) | Time:00:00.00 | Mem:81.80M, Peak:81.80M | Scene, ViewLayer | Updating Lookup Tables
Fra:1 Mem:100.42M (Peak 100.43M) | Time:00:00.00 | Mem:81.80M, Peak:81.80M | Scene, ViewLayer | Updating Baking
Fra:1 Mem:100.42M (Peak 100.43M) | Time:00:00.00 | Mem:81.80M, Peak:81.80M | Scene, ViewLayer | Updating Device | Writing constant memory
Fra:1 Mem:100.42M (Peak 100.43M) | Time:00:00.00 | Mem:81.80M, Peak:81.80M | Scene, ViewLayer | Sample 0/256
Fra:1 Mem:100.49M (Peak 100.49M) | Time:00:00.04 | Remaining:00:09.44 | Mem:81.87M, Peak:81.87M | Scene, ViewLayer | Sample 1/256
Fra:1 Mem:100.49M (Peak 100.49M) | Time:00:00.41 | Remaining:00:02.86 | Mem:81.87M, Peak:81.87M | Scene, ViewLayer | Sample 32/256
Fra:1 Mem:100.67M (Peak 100.67M) | Time:00:00.41 | Remaining:00:02.86 | Mem:81.87M, Peak:81.87M | Scene, ViewLayer | Sample 0/256
Fra:1 Mem:100.67M (Peak 100.67M) | Time:00:00.41 | Remaining:00:02.86 | Mem:81.87M, Peak:81.87M | Scene, ViewLayer | Finished
Saved: 'C:\Users\usman_pyywgw5\Downloads\fyp\out\sim\tmp\s000041\rgb_neg1.exr'
Time: 00:00.42 (Saving: 00:00.00)

    rgb neg1    crop 37x40 px @2x: 0.5s
Fra:1 Mem:100.49M (Peak 100.49M) | Time:00:00.01 | Mem:81.87M, Peak:81.87M | Scene, ViewLayer | Synchronizing object | ground
Fra:1 Mem:100.49M (Peak 100.49M) | Time:00:00.01 | Mem:81.87M, Peak:81.87M | Scene, ViewLayer | Initializing
Fra:1 Mem:100.49M (Peak 100.49M) | Time:00:00.01 | Mem:81.87M, Peak:81.87M | Scene, ViewLayer | Waiting for render to start
Fra:1 Mem:100.49M (Peak 100.49M) | Time:00:00.01 | Mem:81.87M, Peak:81.87M | Scene, ViewLayer | Updating Scene
Fra:1 Mem:100.49M (Peak 100.49M) | Time:00:00.01 | Mem:81.87M, Peak:81.87M | Scene, ViewLayer | Updating Shaders
Fra:1 Mem:100.49M (Peak 100.49M) | Time:00:00.01 | Mem:81.87M, Peak:81.87M | Scene, ViewLayer | Updating Background
Fra:1 Mem:100.49M (Peak 100.49M) | Time:00:00.01 | Mem:81.87M, Peak:81.87M | Scene, ViewLayer | Updating Camera
Fra:1 Mem:100.49M (Peak 100.49M) | Time:00:00.01 | Mem:81.87M, Peak:81.87M | Scene, ViewLayer | Updating Meshes Flags
Fra:1 Mem:100.49M (Peak 100.49M) | Time:00:00.01 | Mem:81.86M, Peak:81.87M | Scene, ViewLayer | Updating Objects
Fra:1 Mem:100.49M (Peak 100.49M) | Time:00:00.01 | Mem:81.86M, Peak:81.87M | Scene, ViewLayer | Updating Objects | Copying Transformations to device
Fra:1 Mem:100.49M (Peak 100.49M) | Time:00:00.01 | Mem:81.86M, Peak:81.87M | Scene, ViewLayer | Updating Objects | Applying Static Transformations
Fra:1 Mem:100.49M (Peak 100.49M) | Time:00:00.01 | Mem:81.86M, Peak:81.87M | Scene, ViewLayer | Updating Particle Systems
Fra:1 Mem:100.49M (Peak 100.49M) | Time:00:00.01 | Mem:81.86M, Peak:81.87M | Scene, ViewLayer | Updating Meshes
Fra:1 Mem:100.28M (Peak 100.49M) | Time:00:00.01 | Mem:81.65M, Peak:81.87M | Scene, ViewLayer | Updating Mesh | Computing attributes
Fra:1 Mem:100.36M (Peak 100.49M) | Time:00:00.01 | Mem:81.65M, Peak:81.87M | Scene, ViewLayer | Updating Mesh | Copying Attributes to device
Fra:1 Mem:100.36M (Peak 100.49M) | Time:00:00.01 | Mem:81.74M, Peak:81.87M | Scene, ViewLayer | Updating Scene BVH | Building
Fra:1 Mem:100.36M (Peak 100.49M) | Time:00:00.01 | Mem:81.74M, Peak:81.87M | Scene, ViewLayer | Updating Scene BVH | Building BVH
Fra:1 Mem:100.36M (Peak 100.49M) | Time:00:00.01 | Mem:81.74M, Peak:81.87M | Scene, ViewLayer | Updating Scene BVH | Building BVH 0%
Fra:1 Mem:100.36M (Peak 100.49M) | Time:00:00.01 | Mem:81.74M, Peak:81.87M | Scene, ViewLayer | Updating Scene BVH | Copying BVH to device
Fra:1 Mem:100.36M (Peak 100.49M) | Time:00:00.01 | Mem:81.74M, Peak:81.87M | Scene, ViewLayer | Updating Mesh | Computing normals
Fra:1 Mem:100.49M (Peak 100.49M) | Time:00:00.01 | Mem:81.74M, Peak:81.87M | Scene, ViewLayer | Updating Mesh | Copying Mesh to device
Fra:1 Mem:100.49M (Peak 100.49M) | Time:00:00.01 | Mem:81.87M, Peak:81.87M | Scene, ViewLayer | Updating Objects Flags
Fra:1 Mem:100.49M (Peak 100.49M) | Time:00:00.01 | Mem:81.87M, Peak:81.87M | Scene, ViewLayer | Updating Primitive Offsets
Fra:1 Mem:100.49M (Peak 100.49M) | Time:00:00.01 | Mem:81.87M, Peak:81.87M | Scene, ViewLayer | Updating Images
Fra:1 Mem:100.49M (Peak 100.49M) | Time:00:00.01 | Mem:81.87M, Peak:81.87M | Scene, ViewLayer | Updating Camera Volume
Fra:1 Mem:100.49M (Peak 100.49M) | Time:00:00.01 | Mem:81.87M, Peak:81.87M | Scene, ViewLayer | Updating Lookup Tables
Fra:1 Mem:100.49M (Peak 100.49M) | Time:00:00.01 | Mem:81.87M, Peak:81.87M | Scene, ViewLayer | Updating Lights
Fra:1 Mem:100.49M (Peak 100.49M) | Time:00:00.01 | Mem:81.87M, Peak:81.87M | Scene, ViewLayer | Updating Lights | Computing tree
Fra:1 Mem:100.49M (Peak 100.49M) | Time:00:00.01 | Mem:81.87M, Peak:81.87M | Scene, ViewLayer | Updating Integrator
Fra:1 Mem:100.49M (Peak 100.49M) | Time:00:00.01 | Mem:81.87M, Peak:81.87M | Scene, ViewLayer | Updating Film
Fra:1 Mem:100.49M (Peak 100.49M) | Time:00:00.01 | Mem:81.87M, Peak:81.87M | Scene, ViewLayer | Updating Lookup Tables
Fra:1 Mem:100.49M (Peak 100.49M) | Time:00:00.01 | Mem:81.87M, Peak:81.87M | Scene, ViewLayer | Updating Baking
Fra:1 Mem:100.49M (Peak 100.49M) | Time:00:00.01 | Mem:81.87M, Peak:81.87M | Scene, ViewLayer | Updating Device | Writing constant memory
Fra:1 Mem:100.49M (Peak 100.49M) | Time:00:00.01 | Mem:81.87M, Peak:81.87M | Scene, ViewLayer | Sample 0/256
Fra:1 Mem:100.32M (Peak 100.49M) | Time:00:00.03 | Remaining:00:03.26 | Mem:81.70M, Peak:81.87M | Scene, ViewLayer | Sample 1/256
Fra:1 Mem:100.32M (Peak 100.49M) | Time:00:00.23 | Remaining:00:01.51 | Mem:81.70M, Peak:81.87M | Scene, ViewLayer | Sample 32/256
Fra:1 Mem:100.41M (Peak 100.49M) | Time:00:00.23 | Remaining:00:01.51 | Mem:81.70M, Peak:81.87M | Scene, ViewLayer | Sample 0/256
Fra:1 Mem:100.41M (Peak 100.49M) | Time:00:00.23 | Remaining:00:01.51 | Mem:81.70M, Peak:81.87M | Scene, ViewLayer | Finished
Saved: 'C:\Users\usman_pyywgw5\Downloads\fyp\out\sim\tmp\s000041\rgb_neg2.exr'
Time: 00:00.24 (Saving: 00:00.00)

    rgb neg2    crop 26x25 px @2x: 0.3s
Fra:1 Mem:99.34M (Peak 100.28M) | Time:00:00.00 | Mem:81.70M, Peak:81.70M | Scene, ViewLayer | Synchronizing object | ground
Fra:1 Mem:99.34M (Peak 100.28M) | Time:00:00.00 | Mem:81.70M, Peak:81.70M | Scene, ViewLayer | Initializing
Fra:1 Mem:99.08M (Peak 100.28M) | Time:00:00.01 | Mem:81.70M, Peak:81.70M | Scene, ViewLayer | Updating Images | Loading lwir_sky_lut
Fra:1 Mem:99.12M (Peak 100.28M) | Time:00:00.01 | Mem:81.73M, Peak:81.73M | Scene, ViewLayer | Waiting for render to start
Fra:1 Mem:99.12M (Peak 100.28M) | Time:00:00.01 | Mem:81.73M, Peak:81.73M | Scene, ViewLayer | Loading render kernels (may take a few minutes the first time)
Fra:1 Mem:99.12M (Peak 100.28M) | Time:00:00.01 | Mem:81.73M, Peak:81.73M | Scene, ViewLayer | Updating Scene
Fra:1 Mem:99.12M (Peak 100.28M) | Time:00:00.01 | Mem:81.73M, Peak:81.73M | Scene, ViewLayer | Updating Shaders
Fra:1 Mem:99.10M (Peak 100.28M) | Time:00:00.01 | Mem:81.72M, Peak:81.73M | Scene, ViewLayer | Updating Background
Fra:1 Mem:99.10M (Peak 100.28M) | Time:00:00.01 | Mem:81.72M, Peak:81.73M | Scene, ViewLayer | Updating Camera
Fra:1 Mem:99.10M (Peak 100.28M) | Time:00:00.01 | Mem:81.72M, Peak:81.73M | Scene, ViewLayer | Updating Meshes Flags
Fra:1 Mem:99.10M (Peak 100.28M) | Time:00:00.01 | Mem:81.51M, Peak:81.73M | Scene, ViewLayer | Updating Objects
Fra:1 Mem:99.10M (Peak 100.28M) | Time:00:00.01 | Mem:81.50M, Peak:81.73M | Scene, ViewLayer | Updating Objects | Copying Transformations to device
Fra:1 Mem:99.10M (Peak 100.28M) | Time:00:00.01 | Mem:81.50M, Peak:81.73M | Scene, ViewLayer | Updating Objects | Applying Static Transformations
Fra:1 Mem:99.10M (Peak 100.28M) | Time:00:00.01 | Mem:81.50M, Peak:81.73M | Scene, ViewLayer | Updating Particle Systems
Fra:1 Mem:99.10M (Peak 100.28M) | Time:00:00.01 | Mem:81.50M, Peak:81.73M | Scene, ViewLayer | Updating Meshes
Fra:1 Mem:98.89M (Peak 100.28M) | Time:00:00.01 | Mem:81.29M, Peak:81.73M | Scene, ViewLayer | Updating Mesh | Computing attributes
Fra:1 Mem:98.89M (Peak 100.28M) | Time:00:00.01 | Mem:81.29M, Peak:81.73M | Scene, ViewLayer | Updating Mesh | Copying Attributes to device
Fra:1 Mem:98.89M (Peak 100.28M) | Time:00:00.01 | Mem:81.29M, Peak:81.73M | Scene, ViewLayer | Updating Scene BVH | Building
Fra:1 Mem:98.89M (Peak 100.28M) | Time:00:00.01 | Mem:81.29M, Peak:81.73M | Scene, ViewLayer | Updating Scene BVH | Building BVH
Fra:1 Mem:98.89M (Peak 100.28M) | Time:00:00.01 | Mem:81.29M, Peak:81.73M | Scene, ViewLayer | Updating Scene BVH | Building BVH 0%
Fra:1 Mem:98.89M (Peak 100.28M) | Time:00:00.01 | Mem:81.30M, Peak:81.73M | Scene, ViewLayer | Updating Scene BVH | Copying BVH to device
Fra:1 Mem:98.89M (Peak 100.28M) | Time:00:00.01 | Mem:81.30M, Peak:81.73M | Scene, ViewLayer | Updating Mesh | Computing normals
Fra:1 Mem:98.89M (Peak 100.28M) | Time:00:00.01 | Mem:81.30M, Peak:81.73M | Scene, ViewLayer | Updating Mesh | Copying Mesh to device
Fra:1 Mem:98.89M (Peak 100.28M) | Time:00:00.01 | Mem:81.30M, Peak:81.73M | Scene, ViewLayer | Updating Objects Flags
Fra:1 Mem:98.89M (Peak 100.28M) | Time:00:00.01 | Mem:81.30M, Peak:81.73M | Scene, ViewLayer | Updating Primitive Offsets
Fra:1 Mem:98.89M (Peak 100.28M) | Time:00:00.01 | Mem:81.30M, Peak:81.73M | Scene, ViewLayer | Updating Images
Fra:1 Mem:97.89M (Peak 100.28M) | Time:00:00.01 | Mem:80.30M, Peak:81.73M | Scene, ViewLayer | Updating Camera Volume
Fra:1 Mem:97.89M (Peak 100.28M) | Time:00:00.01 | Mem:80.30M, Peak:81.73M | Scene, ViewLayer | Updating Lookup Tables
Fra:1 Mem:97.89M (Peak 100.28M) | Time:00:00.01 | Mem:80.30M, Peak:81.73M | Scene, ViewLayer | Updating Lights
Fra:1 Mem:33.86M (Peak 100.28M) | Time:00:00.03 | Mem:16.26M, Peak:81.73M | Scene, ViewLayer | Updating Lights | Importance map
Fra:1 Mem:97.89M (Peak 385.86M) | Time:00:07.35 | Mem:80.29M, Peak:240.26M | Scene, ViewLayer | Updating Lights | Computing tree
Fra:1 Mem:97.89M (Peak 385.86M) | Time:00:07.35 | Mem:80.30M, Peak:240.26M | Scene, ViewLayer | Updating Integrator
Fra:1 Mem:97.89M (Peak 385.86M) | Time:00:07.35 | Mem:80.30M, Peak:240.26M | Scene, ViewLayer | Updating Film
Fra:1 Mem:97.89M (Peak 385.86M) | Time:00:07.35 | Mem:80.21M, Peak:240.26M | Scene, ViewLayer | Updating Lookup Tables
Fra:1 Mem:97.89M (Peak 385.86M) | Time:00:07.35 | Mem:80.29M, Peak:240.26M | Scene, ViewLayer | Updating Baking
Fra:1 Mem:97.89M (Peak 385.86M) | Time:00:07.35 | Mem:80.29M, Peak:240.26M | Scene, ViewLayer | Updating Device | Writing constant memory
Fra:1 Mem:97.89M (Peak 385.86M) | Time:00:07.35 | Mem:80.29M, Peak:240.26M | Scene, ViewLayer | Sample 0/4
Fra:1 Mem:162.76M (Peak 385.86M) | Time:00:08.72 | Remaining:00:04.10 | Mem:145.17M, Peak:240.26M | Scene, ViewLayer | Sample 1/4
Fra:1 Mem:202.77M (Peak 385.86M) | Time:00:13.68 | Mem:145.17M, Peak:240.26M | Scene, ViewLayer | Sample 4/4
Fra:1 Mem:202.77M (Peak 385.86M) | Time:00:13.68 | Mem:145.17M, Peak:240.26M | Scene, ViewLayer | Finished
Saved: 'C:\Users\usman_pyywgw5\Downloads\fyp\out\sim\tmp\s000041\lwir_bg.exr'
Time: 00:13.91 (Saving: 00:00.23)

    lwir background 1280x1024: 15.7s
Fra:1 Mem:163.78M (Peak 163.78M) | Time:00:00.02 | Mem:145.17M, Peak:145.17M | Scene, ViewLayer | Synchronizing object | neg2
Fra:1 Mem:163.78M (Peak 163.78M) | Time:00:00.02 | Mem:145.17M, Peak:145.17M | Scene, ViewLayer | Synchronizing object | neg1
Fra:1 Mem:163.79M (Peak 163.79M) | Time:00:00.02 | Mem:145.17M, Peak:145.17M | Scene, ViewLayer | Synchronizing object | neg0
Fra:1 Mem:163.80M (Peak 163.80M) | Time:00:00.02 | Mem:145.17M, Peak:145.17M | Scene, ViewLayer | Synchronizing object | KAL
Fra:1 Mem:164.13M (Peak 164.13M) | Time:00:00.02 | Mem:145.17M, Peak:145.17M | Scene, ViewLayer | Synchronizing object | ground
Fra:1 Mem:163.90M (Peak 164.13M) | Time:00:00.02 | Mem:145.17M, Peak:145.17M | Scene, ViewLayer | Initializing
Fra:1 Mem:163.89M (Peak 164.13M) | Time:00:00.03 | Mem:145.17M, Peak:145.17M | Scene, ViewLayer | Waiting for render to start
Fra:1 Mem:163.89M (Peak 164.13M) | Time:00:00.03 | Mem:145.17M, Peak:145.17M | Scene, ViewLayer | Loading render kernels (may take a few minutes the first time)
Fra:1 Mem:163.89M (Peak 164.13M) | Time:00:00.03 | Mem:145.17M, Peak:145.17M | Scene, ViewLayer | Updating Scene
Fra:1 Mem:163.89M (Peak 164.13M) | Time:00:00.03 | Mem:145.17M, Peak:145.17M | Scene, ViewLayer | Updating Shaders
Fra:1 Mem:163.90M (Peak 164.13M) | Time:00:00.03 | Mem:145.17M, Peak:145.17M | Scene, ViewLayer | Updating Background
Fra:1 Mem:163.90M (Peak 164.13M) | Time:00:00.03 | Mem:145.17M, Peak:145.17M | Scene, ViewLayer | Updating Camera
Fra:1 Mem:163.90M (Peak 164.13M) | Time:00:00.03 | Mem:145.09M, Peak:145.17M | Scene, ViewLayer | Updating Meshes Flags
Fra:1 Mem:163.90M (Peak 164.13M) | Time:00:00.03 | Mem:145.09M, Peak:145.17M | Scene, ViewLayer | Updating Objects
Fra:1 Mem:163.90M (Peak 164.13M) | Time:00:00.03 | Mem:145.09M, Peak:145.17M | Scene, ViewLayer | Updating Objects | Copying Transformations to device
Fra:1 Mem:163.90M (Peak 164.13M) | Time:00:00.03 | Mem:145.09M, Peak:145.17M | Scene, ViewLayer | Updating Objects | Applying Static Transformations
Fra:1 Mem:163.90M (Peak 164.13M) | Time:00:00.03 | Mem:145.09M, Peak:145.17M | Scene, ViewLayer | Updating Particle Systems
Fra:1 Mem:163.90M (Peak 164.13M) | Time:00:00.03 | Mem:145.09M, Peak:145.17M | Scene, ViewLayer | Updating Meshes
Fra:1 Mem:163.95M (Peak 164.13M) | Time:00:00.03 | Mem:145.09M, Peak:145.17M | Scene, ViewLayer | Updating Mesh | Computing attributes
Fra:1 Mem:163.95M (Peak 164.13M) | Time:00:00.03 | Mem:145.09M, Peak:145.17M | Scene, ViewLayer | Updating Mesh | Copying Attributes to device
Fra:1 Mem:163.95M (Peak 164.13M) | Time:00:00.03 | Mem:145.09M, Peak:145.17M | Scene, ViewLayer | Updating Geometry BVH neg2 4/4 | Building BVH
Fra:1 Mem:163.95M (Peak 164.13M) | Time:00:00.03 | Mem:145.09M, Peak:145.17M | Scene, ViewLayer | Updating Geometry BVH neg2 4/4 | Building BVH 0%
Fra:1 Mem:163.95M (Peak 164.13M) | Time:00:00.03 | Mem:145.10M, Peak:145.17M | Scene, ViewLayer | Updating Geometry BVH neg1 3/4 | Building BVH
Fra:1 Mem:163.95M (Peak 164.13M) | Time:00:00.03 | Mem:145.11M, Peak:145.17M | Scene, ViewLayer | Updating Geometry BVH neg0 2/4 | Building BVH
Fra:1 Mem:163.95M (Peak 164.13M) | Time:00:00.03 | Mem:145.14M, Peak:145.17M | Scene, ViewLayer | Updating Geometry BVH KAL 1/4 | Building BVH
Fra:1 Mem:163.95M (Peak 164.13M) | Time:00:00.03 | Mem:145.30M, Peak:145.38M | Scene, ViewLayer | Updating Scene BVH | Building
Fra:1 Mem:163.95M (Peak 164.13M) | Time:00:00.03 | Mem:145.30M, Peak:145.38M | Scene, ViewLayer | Updating Scene BVH | Building BVH
Fra:1 Mem:163.95M (Peak 164.13M) | Time:00:00.03 | Mem:145.30M, Peak:145.38M | Scene, ViewLayer | Updating Scene BVH | Copying BVH to device
Fra:1 Mem:163.95M (Peak 164.13M) | Time:00:00.03 | Mem:145.30M, Peak:145.38M | Scene, ViewLayer | Updating Mesh | Computing normals
Fra:1 Mem:164.08M (Peak 164.13M) | Time:00:00.03 | Mem:145.30M, Peak:145.38M | Scene, ViewLayer | Updating Mesh | Copying Mesh to device
Fra:1 Mem:164.08M (Peak 164.13M) | Time:00:00.03 | Mem:145.43M, Peak:145.43M | Scene, ViewLayer | Updating Objects Flags
Fra:1 Mem:164.08M (Peak 164.13M) | Time:00:00.03 | Mem:145.43M, Peak:145.43M | Scene, ViewLayer | Updating Primitive Offsets
Fra:1 Mem:164.08M (Peak 164.13M) | Time:00:00.03 | Mem:145.43M, Peak:145.43M | Scene, ViewLayer | Updating Images
Fra:1 Mem:164.08M (Peak 164.13M) | Time:00:00.03 | Mem:145.43M, Peak:145.43M | Scene, ViewLayer | Updating Camera Volume
Fra:1 Mem:164.08M (Peak 164.13M) | Time:00:00.03 | Mem:145.43M, Peak:145.43M | Scene, ViewLayer | Updating Lookup Tables
Fra:1 Mem:164.08M (Peak 164.13M) | Time:00:00.03 | Mem:145.52M, Peak:145.52M | Scene, ViewLayer | Updating Lights
Fra:1 Mem:164.08M (Peak 164.13M) | Time:00:00.03 | Mem:145.52M, Peak:145.52M | Scene, ViewLayer | Updating Lights | Computing tree
Fra:1 Mem:164.56M (Peak 164.56M) | Time:00:00.06 | Mem:146.00M, Peak:146.00M | Scene, ViewLayer | Updating Integrator
Fra:1 Mem:164.56M (Peak 164.56M) | Time:00:00.06 | Mem:146.00M, Peak:146.00M | Scene, ViewLayer | Updating Film
Fra:1 Mem:164.56M (Peak 164.56M) | Time:00:00.06 | Mem:146.00M, Peak:146.00M | Scene, ViewLayer | Updating Lookup Tables
Fra:1 Mem:164.56M (Peak 164.56M) | Time:00:00.06 | Mem:146.00M, Peak:146.00M | Scene, ViewLayer | Updating Baking
Fra:1 Mem:164.56M (Peak 164.56M) | Time:00:00.06 | Mem:146.00M, Peak:146.00M | Scene, ViewLayer | Updating Device | Writing constant memory
Fra:1 Mem:164.56M (Peak 164.56M) | Time:00:00.06 | Mem:146.00M, Peak:146.00M | Scene, ViewLayer | Sample 0/256
Fra:1 Mem:108.19M (Peak 164.56M) | Time:00:00.51 | Remaining:01:53.96 | Mem:89.63M, Peak:146.00M | Scene, ViewLayer | Sample 1/256
Fra:1 Mem:108.19M (Peak 164.56M) | Time:00:07.21 | Remaining:00:50.03 | Mem:89.63M, Peak:146.00M | Scene, ViewLayer | Sample 32/256
Fra:1 Mem:108.19M (Peak 164.56M) | Time:00:08.93 | Remaining:00:38.42 | Mem:89.63M, Peak:146.00M | Scene, ViewLayer | Sample 48/256
Fra:1 Mem:108.19M (Peak 164.56M) | Time:00:10.73 | Remaining:00:31.99 | Mem:89.63M, Peak:146.00M | Scene, ViewLayer | Sample 64/256
Fra:1 Mem:108.19M (Peak 164.56M) | Time:00:12.53 | Remaining:00:27.42 | Mem:89.63M, Peak:146.00M | Scene, ViewLayer | Sample 80/256
Fra:1 Mem:108.19M (Peak 164.56M) | Time:00:14.37 | Remaining:00:23.84 | Mem:89.63M, Peak:146.00M | Scene, ViewLayer | Sample 96/256
Fra:1 Mem:108.19M (Peak 164.56M) | Time:00:16.11 | Remaining:00:20.63 | Mem:89.63M, Peak:146.00M | Scene, ViewLayer | Sample 112/256
Fra:1 Mem:108.19M (Peak 164.56M) | Time:00:17.97 | Remaining:00:17.91 | Mem:89.63M, Peak:146.00M | Scene, ViewLayer | Sample 128/256
Fra:1 Mem:108.19M (Peak 164.56M) | Time:00:19.92 | Remaining:00:15.44 | Mem:89.63M, Peak:146.00M | Scene, ViewLayer | Sample 144/256
Fra:1 Mem:108.19M (Peak 164.56M) | Time:00:22.04 | Remaining:00:13.18 | Mem:89.63M, Peak:146.00M | Scene, ViewLayer | Sample 160/256
Fra:1 Mem:108.19M (Peak 164.56M) | Time:00:23.97 | Remaining:00:10.86 | Mem:89.63M, Peak:146.00M | Scene, ViewLayer | Sample 176/256
Fra:1 Mem:108.19M (Peak 164.56M) | Time:00:26.16 | Remaining:00:08.69 | Mem:89.63M, Peak:146.00M | Scene, ViewLayer | Sample 192/256
Fra:1 Mem:108.19M (Peak 164.56M) | Time:00:27.88 | Remaining:00:06.42 | Mem:89.63M, Peak:146.00M | Scene, ViewLayer | Sample 208/256
Fra:1 Mem:108.19M (Peak 164.56M) | Time:00:29.69 | Remaining:00:04.23 | Mem:89.63M, Peak:146.00M | Scene, ViewLayer | Sample 224/256
Fra:1 Mem:108.19M (Peak 164.56M) | Time:00:31.84 | Remaining:00:02.11 | Mem:89.63M, Peak:146.00M | Scene, ViewLayer | Sample 240/256
Fra:1 Mem:113.50M (Peak 164.56M) | Time:00:33.93 | Mem:89.63M, Peak:146.00M | Scene, ViewLayer | Sample 256/256
Fra:1 Mem:113.50M (Peak 164.56M) | Time:00:33.93 | Mem:89.63M, Peak:146.00M | Scene, ViewLayer | Finished
Saved: 'C:\Users\usman_pyywgw5\Downloads\fyp\out\sim\tmp\s000041\lwir_target.exr'
Time: 00:33.98 (Saving: 00:00.04)

    lwir target  crop 313x139 px @2x: 34.4s
Fra:1 Mem:108.19M (Peak 108.19M) | Time:00:00.00 | Mem:89.63M, Peak:89.63M | Scene, ViewLayer | Synchronizing object | ground
Fra:1 Mem:108.19M (Peak 108.19M) | Time:00:00.00 | Mem:89.63M, Peak:89.63M | Scene, ViewLayer | Initializing
Fra:1 Mem:108.19M (Peak 108.19M) | Time:00:00.00 | Mem:89.63M, Peak:89.63M | Scene, ViewLayer | Waiting for render to start
Fra:1 Mem:108.19M (Peak 108.19M) | Time:00:00.00 | Mem:89.63M, Peak:89.63M | Scene, ViewLayer | Updating Scene
Fra:1 Mem:108.19M (Peak 108.19M) | Time:00:00.00 | Mem:89.63M, Peak:89.63M | Scene, ViewLayer | Updating Shaders
Fra:1 Mem:108.19M (Peak 108.19M) | Time:00:00.00 | Mem:89.63M, Peak:89.63M | Scene, ViewLayer | Updating Background
Fra:1 Mem:108.19M (Peak 108.19M) | Time:00:00.00 | Mem:89.63M, Peak:89.63M | Scene, ViewLayer | Updating Camera
Fra:1 Mem:108.19M (Peak 108.19M) | Time:00:00.00 | Mem:89.63M, Peak:89.63M | Scene, ViewLayer | Updating Meshes Flags
Fra:1 Mem:108.19M (Peak 108.19M) | Time:00:00.00 | Mem:89.62M, Peak:89.63M | Scene, ViewLayer | Updating Objects
Fra:1 Mem:108.19M (Peak 108.19M) | Time:00:00.00 | Mem:89.62M, Peak:89.63M | Scene, ViewLayer | Updating Objects | Copying Transformations to device
Fra:1 Mem:108.19M (Peak 108.19M) | Time:00:00.00 | Mem:89.62M, Peak:89.63M | Scene, ViewLayer | Updating Objects | Applying Static Transformations
Fra:1 Mem:108.19M (Peak 108.19M) | Time:00:00.00 | Mem:89.62M, Peak:89.63M | Scene, ViewLayer | Updating Particle Systems
Fra:1 Mem:108.19M (Peak 108.19M) | Time:00:00.00 | Mem:89.62M, Peak:89.63M | Scene, ViewLayer | Updating Meshes
Fra:1 Mem:108.06M (Peak 108.19M) | Time:00:00.00 | Mem:89.49M, Peak:89.63M | Scene, ViewLayer | Updating Mesh | Computing attributes
Fra:1 Mem:108.06M (Peak 108.19M) | Time:00:00.00 | Mem:89.50M, Peak:89.63M | Scene, ViewLayer | Updating Mesh | Copying Attributes to device
Fra:1 Mem:108.06M (Peak 108.19M) | Time:00:00.00 | Mem:89.50M, Peak:89.63M | Scene, ViewLayer | Updating Scene BVH | Building
Fra:1 Mem:108.06M (Peak 108.19M) | Time:00:00.00 | Mem:89.50M, Peak:89.63M | Scene, ViewLayer | Updating Scene BVH | Building BVH
Fra:1 Mem:108.06M (Peak 108.19M) | Time:00:00.00 | Mem:89.50M, Peak:89.63M | Scene, ViewLayer | Updating Scene BVH | Building BVH 0%
Fra:1 Mem:108.06M (Peak 108.19M) | Time:00:00.00 | Mem:89.50M, Peak:89.63M | Scene, ViewLayer | Updating Scene BVH | Copying BVH to device
Fra:1 Mem:108.06M (Peak 108.19M) | Time:00:00.00 | Mem:89.50M, Peak:89.63M | Scene, ViewLayer | Updating Mesh | Computing normals
Fra:1 Mem:108.19M (Peak 108.19M) | Time:00:00.00 | Mem:89.50M, Peak:89.63M | Scene, ViewLayer | Updating Mesh | Copying Mesh to device
Fra:1 Mem:108.19M (Peak 108.19M) | Time:00:00.00 | Mem:89.63M, Peak:89.63M | Scene, ViewLayer | Updating Objects Flags
Fra:1 Mem:108.19M (Peak 108.19M) | Time:00:00.00 | Mem:89.63M, Peak:89.63M | Scene, ViewLayer | Updating Primitive Offsets
Fra:1 Mem:108.19M (Peak 108.19M) | Time:00:00.00 | Mem:89.63M, Peak:89.63M | Scene, ViewLayer | Updating Images
Fra:1 Mem:108.19M (Peak 108.19M) | Time:00:00.00 | Mem:89.63M, Peak:89.63M | Scene, ViewLayer | Updating Camera Volume
Fra:1 Mem:108.19M (Peak 108.19M) | Time:00:00.00 | Mem:89.63M, Peak:89.63M | Scene, ViewLayer | Updating Lookup Tables
Fra:1 Mem:108.19M (Peak 108.19M) | Time:00:00.00 | Mem:89.63M, Peak:89.63M | Scene, ViewLayer | Updating Lights
Fra:1 Mem:107.71M (Peak 108.19M) | Time:00:00.00 | Mem:89.15M, Peak:89.63M | Scene, ViewLayer | Updating Lights | Computing tree
Fra:1 Mem:108.19M (Peak 108.19M) | Time:00:00.03 | Mem:89.63M, Peak:89.63M | Scene, ViewLayer | Updating Integrator
Fra:1 Mem:108.19M (Peak 108.19M) | Time:00:00.03 | Mem:89.63M, Peak:89.63M | Scene, ViewLayer | Updating Film
Fra:1 Mem:108.19M (Peak 108.19M) | Time:00:00.03 | Mem:89.63M, Peak:89.63M | Scene, ViewLayer | Updating Lookup Tables
Fra:1 Mem:108.19M (Peak 108.19M) | Time:00:00.03 | Mem:89.63M, Peak:89.63M | Scene, ViewLayer | Updating Baking
Fra:1 Mem:108.19M (Peak 108.19M) | Time:00:00.03 | Mem:89.63M, Peak:89.63M | Scene, ViewLayer | Updating Device | Writing constant memory
Fra:1 Mem:108.19M (Peak 108.19M) | Time:00:00.03 | Mem:89.63M, Peak:89.63M | Scene, ViewLayer | Sample 0/256
Fra:1 Mem:99.79M (Peak 108.19M) | Time:00:00.04 | Remaining:00:03.22 | Mem:81.23M, Peak:89.63M | Scene, ViewLayer | Sample 1/256
Fra:1 Mem:99.79M (Peak 108.19M) | Time:00:00.29 | Remaining:00:01.85 | Mem:81.23M, Peak:89.63M | Scene, ViewLayer | Sample 32/256
Fra:1 Mem:99.79M (Peak 108.19M) | Time:00:00.32 | Remaining:00:01.24 | Mem:81.23M, Peak:89.63M | Scene, ViewLayer | Sample 48/256
Fra:1 Mem:99.79M (Peak 108.19M) | Time:00:00.34 | Remaining:00:00.93 | Mem:81.23M, Peak:89.63M | Scene, ViewLayer | Sample 64/256
Fra:1 Mem:99.79M (Peak 108.19M) | Time:00:00.35 | Remaining:00:00.69 | Mem:81.23M, Peak:89.63M | Scene, ViewLayer | Sample 80/256
Fra:1 Mem:99.79M (Peak 108.19M) | Time:00:00.36 | Remaining:00:00.54 | Mem:81.23M, Peak:89.63M | Scene, ViewLayer | Sample 96/256
Fra:1 Mem:99.79M (Peak 108.19M) | Time:00:00.39 | Remaining:00:00.46 | Mem:81.23M, Peak:89.63M | Scene, ViewLayer | Sample 112/256
Fra:1 Mem:99.79M (Peak 108.19M) | Time:00:00.40 | Remaining:00:00.37 | Mem:81.23M, Peak:89.63M | Scene, ViewLayer | Sample 128/256
Fra:1 Mem:99.79M (Peak 108.19M) | Time:00:00.41 | Remaining:00:00.29 | Mem:81.23M, Peak:89.63M | Scene, ViewLayer | Sample 144/256
Fra:1 Mem:99.79M (Peak 108.19M) | Time:00:00.41 | Remaining:00:00.22 | Mem:81.23M, Peak:89.63M | Scene, ViewLayer | Sample 160/256
Fra:1 Mem:99.79M (Peak 108.19M) | Time:00:00.42 | Remaining:00:00.17 | Mem:81.23M, Peak:89.63M | Scene, ViewLayer | Sample 176/256
Fra:1 Mem:99.79M (Peak 108.19M) | Time:00:00.43 | Remaining:00:00.13 | Mem:81.23M, Peak:89.63M | Scene, ViewLayer | Sample 192/256
Fra:1 Mem:99.79M (Peak 108.19M) | Time:00:00.43 | Remaining:00:00.09 | Mem:81.23M, Peak:89.63M | Scene, ViewLayer | Sample 208/256
Fra:1 Mem:99.79M (Peak 108.19M) | Time:00:00.44 | Remaining:00:00.05 | Mem:81.23M, Peak:89.63M | Scene, ViewLayer | Sample 224/256
Fra:1 Mem:99.79M (Peak 108.19M) | Time:00:00.45 | Remaining:00:00.02 | Mem:81.23M, Peak:89.63M | Scene, ViewLayer | Sample 240/256
Fra:1 Mem:99.93M (Peak 108.19M) | Time:00:00.46 | Mem:81.23M, Peak:89.63M | Scene, ViewLayer | Sample 256/256
Fra:1 Mem:99.93M (Peak 108.19M) | Time:00:00.46 | Mem:81.23M, Peak:89.63M | Scene, ViewLayer | Finished
Saved: 'C:\Users\usman_pyywgw5\Downloads\fyp\out\sim\tmp\s000041\lwir_neg0.exr'
Time: 00:00.47 (Saving: 00:00.01)

    lwir neg0    crop 17x17 px @4x: 0.5s
Fra:1 Mem:99.79M (Peak 99.79M) | Time:00:00.00 | Mem:81.23M, Peak:81.23M | Scene, ViewLayer | Synchronizing object | ground
Fra:1 Mem:99.79M (Peak 99.79M) | Time:00:00.00 | Mem:81.23M, Peak:81.23M | Scene, ViewLayer | Initializing
Fra:1 Mem:99.79M (Peak 99.79M) | Time:00:00.00 | Mem:81.23M, Peak:81.23M | Scene, ViewLayer | Waiting for render to start
Fra:1 Mem:99.79M (Peak 99.79M) | Time:00:00.00 | Mem:81.23M, Peak:81.23M | Scene, ViewLayer | Updating Scene
Fra:1 Mem:99.79M (Peak 99.79M) | Time:00:00.00 | Mem:81.23M, Peak:81.23M | Scene, ViewLayer | Updating Shaders
Fra:1 Mem:99.79M (Peak 99.79M) | Time:00:00.00 | Mem:81.23M, Peak:81.23M | Scene, ViewLayer | Updating Background
Fra:1 Mem:99.79M (Peak 99.79M) | Time:00:00.00 | Mem:81.23M, Peak:81.23M | Scene, ViewLayer | Updating Camera
Fra:1 Mem:99.79M (Peak 99.79M) | Time:00:00.00 | Mem:81.23M, Peak:81.23M | Scene, ViewLayer | Updating Meshes Flags
Fra:1 Mem:99.79M (Peak 99.79M) | Time:00:00.00 | Mem:81.22M, Peak:81.23M | Scene, ViewLayer | Updating Objects
Fra:1 Mem:99.79M (Peak 99.79M) | Time:00:00.00 | Mem:81.22M, Peak:81.23M | Scene, ViewLayer | Updating Objects | Copying Transformations to device
Fra:1 Mem:99.79M (Peak 99.79M) | Time:00:00.00 | Mem:81.22M, Peak:81.23M | Scene, ViewLayer | Updating Objects | Applying Static Transformations
Fra:1 Mem:99.79M (Peak 99.79M) | Time:00:00.00 | Mem:81.22M, Peak:81.23M | Scene, ViewLayer | Updating Particle Systems
Fra:1 Mem:99.79M (Peak 99.79M) | Time:00:00.00 | Mem:81.22M, Peak:81.23M | Scene, ViewLayer | Updating Meshes
Fra:1 Mem:99.66M (Peak 99.79M) | Time:00:00.00 | Mem:81.09M, Peak:81.23M | Scene, ViewLayer | Updating Mesh | Computing attributes
Fra:1 Mem:99.66M (Peak 99.79M) | Time:00:00.00 | Mem:81.10M, Peak:81.23M | Scene, ViewLayer | Updating Mesh | Copying Attributes to device
Fra:1 Mem:99.66M (Peak 99.79M) | Time:00:00.00 | Mem:81.10M, Peak:81.23M | Scene, ViewLayer | Updating Scene BVH | Building
Fra:1 Mem:99.66M (Peak 99.79M) | Time:00:00.00 | Mem:81.10M, Peak:81.23M | Scene, ViewLayer | Updating Scene BVH | Building BVH
Fra:1 Mem:99.66M (Peak 99.79M) | Time:00:00.00 | Mem:81.10M, Peak:81.23M | Scene, ViewLayer | Updating Scene BVH | Building BVH 0%
Fra:1 Mem:99.66M (Peak 99.79M) | Time:00:00.00 | Mem:81.10M, Peak:81.23M | Scene, ViewLayer | Updating Scene BVH | Copying BVH to device
Fra:1 Mem:99.66M (Peak 99.79M) | Time:00:00.00 | Mem:81.10M, Peak:81.23M | Scene, ViewLayer | Updating Mesh | Computing normals
Fra:1 Mem:99.79M (Peak 99.79M) | Time:00:00.00 | Mem:81.10M, Peak:81.23M | Scene, ViewLayer | Updating Mesh | Copying Mesh to device
Fra:1 Mem:99.79M (Peak 99.79M) | Time:00:00.00 | Mem:81.23M, Peak:81.23M | Scene, ViewLayer | Updating Objects Flags
Fra:1 Mem:99.79M (Peak 99.79M) | Time:00:00.00 | Mem:81.23M, Peak:81.23M | Scene, ViewLayer | Updating Primitive Offsets
Fra:1 Mem:99.79M (Peak 99.79M) | Time:00:00.00 | Mem:81.23M, Peak:81.23M | Scene, ViewLayer | Updating Images
Fra:1 Mem:99.79M (Peak 99.79M) | Time:00:00.00 | Mem:81.23M, Peak:81.23M | Scene, ViewLayer | Updating Camera Volume
Fra:1 Mem:99.79M (Peak 99.79M) | Time:00:00.00 | Mem:81.23M, Peak:81.23M | Scene, ViewLayer | Updating Lookup Tables
Fra:1 Mem:99.79M (Peak 99.79M) | Time:00:00.00 | Mem:81.23M, Peak:81.23M | Scene, ViewLayer | Updating Lights
Fra:1 Mem:99.31M (Peak 99.79M) | Time:00:00.00 | Mem:80.75M, Peak:81.23M | Scene, ViewLayer | Updating Lights | Computing tree
Fra:1 Mem:99.79M (Peak 99.79M) | Time:00:00.03 | Mem:81.23M, Peak:81.23M | Scene, ViewLayer | Updating Integrator
Fra:1 Mem:99.79M (Peak 99.79M) | Time:00:00.03 | Mem:81.23M, Peak:81.23M | Scene, ViewLayer | Updating Film
Fra:1 Mem:99.79M (Peak 99.79M) | Time:00:00.03 | Mem:81.23M, Peak:81.23M | Scene, ViewLayer | Updating Lookup Tables
Fra:1 Mem:99.79M (Peak 99.79M) | Time:00:00.03 | Mem:81.23M, Peak:81.23M | Scene, ViewLayer | Updating Baking
Fra:1 Mem:99.79M (Peak 99.79M) | Time:00:00.03 | Mem:81.23M, Peak:81.23M | Scene, ViewLayer | Updating Device | Writing constant memory
Fra:1 Mem:99.79M (Peak 99.79M) | Time:00:00.03 | Mem:81.23M, Peak:81.23M | Scene, ViewLayer | Sample 0/256
Fra:1 Mem:99.85M (Peak 99.85M) | Time:00:00.06 | Remaining:00:06.56 | Mem:81.29M, Peak:81.29M | Scene, ViewLayer | Sample 1/256
Fra:1 Mem:99.85M (Peak 99.85M) | Time:00:01.02 | Remaining:00:06.88 | Mem:81.29M, Peak:81.29M | Scene, ViewLayer | Sample 32/256
Fra:1 Mem:99.85M (Peak 99.85M) | Time:00:01.14 | Remaining:00:04.77 | Mem:81.29M, Peak:81.29M | Scene, ViewLayer | Sample 48/256
Fra:1 Mem:99.85M (Peak 99.85M) | Time:00:01.25 | Remaining:00:03.65 | Mem:81.29M, Peak:81.29M | Scene, ViewLayer | Sample 64/256
Fra:1 Mem:99.85M (Peak 99.85M) | Time:00:01.36 | Remaining:00:02.91 | Mem:81.29M, Peak:81.29M | Scene, ViewLayer | Sample 80/256
Fra:1 Mem:99.85M (Peak 99.85M) | Time:00:01.49 | Remaining:00:02.43 | Mem:81.29M, Peak:81.29M | Scene, ViewLayer | Sample 96/256
Fra:1 Mem:99.85M (Peak 99.85M) | Time:00:01.64 | Remaining:00:02.07 | Mem:81.29M, Peak:81.29M | Scene, ViewLayer | Sample 112/256
Fra:1 Mem:99.85M (Peak 99.85M) | Time:00:01.79 | Remaining:00:01.75 | Mem:81.29M, Peak:81.29M | Scene, ViewLayer | Sample 128/256
Fra:1 Mem:99.85M (Peak 99.85M) | Time:00:01.96 | Remaining:00:01.50 | Mem:81.29M, Peak:81.29M | Scene, ViewLayer | Sample 144/256
Fra:1 Mem:99.85M (Peak 99.85M) | Time:00:02.13 | Remaining:00:01.25 | Mem:81.29M, Peak:81.29M | Scene, ViewLayer | Sample 160/256
Fra:1 Mem:99.85M (Peak 99.85M) | Time:00:02.23 | Remaining:00:01.00 | Mem:81.29M, Peak:81.29M | Scene, ViewLayer | Sample 176/256
Fra:1 Mem:99.85M (Peak 99.85M) | Time:00:02.41 | Remaining:00:00.79 | Mem:81.29M, Peak:81.29M | Scene, ViewLayer | Sample 192/256
Fra:1 Mem:99.85M (Peak 99.85M) | Time:00:02.66 | Remaining:00:00.60 | Mem:81.29M, Peak:81.29M | Scene, ViewLayer | Sample 208/256
Fra:1 Mem:99.85M (Peak 99.85M) | Time:00:02.85 | Remaining:00:00.40 | Mem:81.29M, Peak:81.29M | Scene, ViewLayer | Sample 224/256
Fra:1 Mem:99.85M (Peak 99.85M) | Time:00:03.02 | Remaining:00:00.19 | Mem:81.29M, Peak:81.29M | Scene, ViewLayer | Sample 240/256
Fra:1 Mem:100.04M (Peak 100.04M) | Time:00:03.18 | Mem:81.29M, Peak:81.29M | Scene, ViewLayer | Sample 256/256
Fra:1 Mem:100.04M (Peak 100.04M) | Time:00:03.18 | Mem:81.29M, Peak:81.29M | Scene, ViewLayer | Finished
Saved: 'C:\Users\usman_pyywgw5\Downloads\fyp\out\sim\tmp\s000041\lwir_neg1.exr'
Time: 00:03.19 (Saving: 00:00.00)

    lwir neg1    crop 37x40 px @2x: 3.2s
Fra:1 Mem:99.86M (Peak 99.86M) | Time:00:00.00 | Mem:81.29M, Peak:81.29M | Scene, ViewLayer | Synchronizing object | ground
Fra:1 Mem:99.86M (Peak 99.86M) | Time:00:00.00 | Mem:81.29M, Peak:81.29M | Scene, ViewLayer | Initializing
Fra:1 Mem:99.85M (Peak 99.86M) | Time:00:00.00 | Mem:81.29M, Peak:81.29M | Scene, ViewLayer | Waiting for render to start
Fra:1 Mem:99.85M (Peak 99.86M) | Time:00:00.00 | Mem:81.29M, Peak:81.29M | Scene, ViewLayer | Updating Scene
Fra:1 Mem:99.85M (Peak 99.86M) | Time:00:00.00 | Mem:81.29M, Peak:81.29M | Scene, ViewLayer | Updating Shaders
Fra:1 Mem:99.85M (Peak 99.86M) | Time:00:00.00 | Mem:81.29M, Peak:81.29M | Scene, ViewLayer | Updating Background
Fra:1 Mem:99.85M (Peak 99.86M) | Time:00:00.00 | Mem:81.29M, Peak:81.29M | Scene, ViewLayer | Updating Camera
Fra:1 Mem:99.85M (Peak 99.86M) | Time:00:00.00 | Mem:81.29M, Peak:81.29M | Scene, ViewLayer | Updating Meshes Flags
Fra:1 Mem:99.85M (Peak 99.86M) | Time:00:00.00 | Mem:81.29M, Peak:81.29M | Scene, ViewLayer | Updating Objects
Fra:1 Mem:99.85M (Peak 99.86M) | Time:00:00.00 | Mem:81.29M, Peak:81.29M | Scene, ViewLayer | Updating Objects | Copying Transformations to device
Fra:1 Mem:99.85M (Peak 99.86M) | Time:00:00.00 | Mem:81.29M, Peak:81.29M | Scene, ViewLayer | Updating Objects | Applying Static Transformations
Fra:1 Mem:99.85M (Peak 99.86M) | Time:00:00.00 | Mem:81.29M, Peak:81.29M | Scene, ViewLayer | Updating Particle Systems
Fra:1 Mem:99.85M (Peak 99.86M) | Time:00:00.00 | Mem:81.29M, Peak:81.29M | Scene, ViewLayer | Updating Meshes
Fra:1 Mem:99.72M (Peak 99.86M) | Time:00:00.00 | Mem:81.16M, Peak:81.29M | Scene, ViewLayer | Updating Mesh | Computing attributes
Fra:1 Mem:99.73M (Peak 99.86M) | Time:00:00.00 | Mem:81.16M, Peak:81.29M | Scene, ViewLayer | Updating Mesh | Copying Attributes to device
Fra:1 Mem:99.73M (Peak 99.86M) | Time:00:00.00 | Mem:81.16M, Peak:81.29M | Scene, ViewLayer | Updating Scene BVH | Building
Fra:1 Mem:99.73M (Peak 99.86M) | Time:00:00.00 | Mem:81.16M, Peak:81.29M | Scene, ViewLayer | Updating Scene BVH | Building BVH
Fra:1 Mem:99.73M (Peak 99.86M) | Time:00:00.00 | Mem:81.16M, Peak:81.29M | Scene, ViewLayer | Updating Scene BVH | Building BVH 0%
Fra:1 Mem:99.73M (Peak 99.86M) | Time:00:00.00 | Mem:81.16M, Peak:81.29M | Scene, ViewLayer | Updating Scene BVH | Copying BVH to device
Fra:1 Mem:99.73M (Peak 99.86M) | Time:00:00.00 | Mem:81.16M, Peak:81.29M | Scene, ViewLayer | Updating Mesh | Computing normals
Fra:1 Mem:99.85M (Peak 99.86M) | Time:00:00.00 | Mem:81.16M, Peak:81.29M | Scene, ViewLayer | Updating Mesh | Copying Mesh to device
Fra:1 Mem:99.85M (Peak 99.86M) | Time:00:00.00 | Mem:81.29M, Peak:81.29M | Scene, ViewLayer | Updating Objects Flags
Fra:1 Mem:99.85M (Peak 99.86M) | Time:00:00.00 | Mem:81.29M, Peak:81.29M | Scene, ViewLayer | Updating Primitive Offsets
Fra:1 Mem:99.85M (Peak 99.86M) | Time:00:00.00 | Mem:81.29M, Peak:81.29M | Scene, ViewLayer | Updating Images
Fra:1 Mem:99.85M (Peak 99.86M) | Time:00:00.00 | Mem:81.29M, Peak:81.29M | Scene, ViewLayer | Updating Camera Volume
Fra:1 Mem:99.85M (Peak 99.86M) | Time:00:00.00 | Mem:81.29M, Peak:81.29M | Scene, ViewLayer | Updating Lookup Tables
Fra:1 Mem:99.85M (Peak 99.86M) | Time:00:00.00 | Mem:81.29M, Peak:81.29M | Scene, ViewLayer | Updating Lights
Fra:1 Mem:99.37M (Peak 99.86M) | Time:00:00.00 | Mem:80.81M, Peak:81.29M | Scene, ViewLayer | Updating Lights | Computing tree
Fra:1 Mem:99.85M (Peak 99.86M) | Time:00:00.05 | Mem:81.29M, Peak:81.29M | Scene, ViewLayer | Updating Integrator
Fra:1 Mem:99.85M (Peak 99.86M) | Time:00:00.05 | Mem:81.29M, Peak:81.29M | Scene, ViewLayer | Updating Film
Fra:1 Mem:99.85M (Peak 99.86M) | Time:00:00.05 | Mem:81.29M, Peak:81.29M | Scene, ViewLayer | Updating Lookup Tables
Fra:1 Mem:99.85M (Peak 99.86M) | Time:00:00.05 | Mem:81.29M, Peak:81.29M | Scene, ViewLayer | Updating Baking
Fra:1 Mem:99.85M (Peak 99.86M) | Time:00:00.05 | Mem:81.29M, Peak:81.29M | Scene, ViewLayer | Updating Device | Writing constant memory
Fra:1 Mem:99.85M (Peak 99.86M) | Time:00:00.05 | Mem:81.29M, Peak:81.29M | Scene, ViewLayer | Sample 0/256
Fra:1 Mem:99.69M (Peak 99.86M) | Time:00:00.06 | Remaining:00:02.61 | Mem:81.13M, Peak:81.29M | Scene, ViewLayer | Sample 1/256
Fra:1 Mem:99.69M (Peak 99.86M) | Time:00:00.54 | Remaining:00:03.41 | Mem:81.13M, Peak:81.29M | Scene, ViewLayer | Sample 32/256
Fra:1 Mem:99.69M (Peak 99.86M) | Time:00:00.61 | Remaining:00:02.44 | Mem:81.13M, Peak:81.29M | Scene, ViewLayer | Sample 48/256
Fra:1 Mem:99.69M (Peak 99.86M) | Time:00:00.66 | Remaining:00:01.83 | Mem:81.13M, Peak:81.29M | Scene, ViewLayer | Sample 64/256
Fra:1 Mem:99.69M (Peak 99.86M) | Time:00:00.72 | Remaining:00:01.48 | Mem:81.13M, Peak:81.29M | Scene, ViewLayer | Sample 80/256
Fra:1 Mem:99.69M (Peak 99.86M) | Time:00:00.78 | Remaining:00:01.22 | Mem:81.13M, Peak:81.29M | Scene, ViewLayer | Sample 96/256
Fra:1 Mem:99.69M (Peak 99.86M) | Time:00:00.80 | Remaining:00:00.96 | Mem:81.13M, Peak:81.29M | Scene, ViewLayer | Sample 112/256
Fra:1 Mem:99.69M (Peak 99.86M) | Time:00:00.85 | Remaining:00:00.79 | Mem:81.13M, Peak:81.29M | Scene, ViewLayer | Sample 128/256
Fra:1 Mem:99.69M (Peak 99.86M) | Time:00:00.91 | Remaining:00:00.67 | Mem:81.13M, Peak:81.29M | Scene, ViewLayer | Sample 144/256
Fra:1 Mem:99.69M (Peak 99.86M) | Time:00:00.98 | Remaining:00:00.55 | Mem:81.13M, Peak:81.29M | Scene, ViewLayer | Sample 160/256
Fra:1 Mem:99.69M (Peak 99.86M) | Time:00:01.06 | Remaining:00:00.45 | Mem:81.13M, Peak:81.29M | Scene, ViewLayer | Sample 176/256
Fra:1 Mem:99.69M (Peak 99.86M) | Time:00:01.13 | Remaining:00:00.36 | Mem:81.13M, Peak:81.29M | Scene, ViewLayer | Sample 192/256
Fra:1 Mem:99.69M (Peak 99.86M) | Time:00:01.17 | Remaining:00:00.25 | Mem:81.13M, Peak:81.29M | Scene, ViewLayer | Sample 208/256
Fra:1 Mem:99.69M (Peak 99.86M) | Time:00:01.24 | Remaining:00:00.17 | Mem:81.13M, Peak:81.29M | Scene, ViewLayer | Sample 224/256
Fra:1 Mem:99.69M (Peak 99.86M) | Time:00:01.31 | Remaining:00:00.08 | Mem:81.13M, Peak:81.29M | Scene, ViewLayer | Sample 240/256
Fra:1 Mem:99.77M (Peak 99.86M) | Time:00:01.34 | Mem:81.13M, Peak:81.29M | Scene, ViewLayer | Sample 256/256
Fra:1 Mem:99.77M (Peak 99.86M) | Time:00:01.34 | Mem:81.13M, Peak:81.29M | Scene, ViewLayer | Finished
Saved: 'C:\Users\usman_pyywgw5\Downloads\fyp\out\sim\tmp\s000041\lwir_neg2.exr'
Time: 00:01.35 (Saving: 00:00.00)

    lwir neg2    crop 26x25 px @2x: 1.4s
Fra:1 Mem:98.70M (Peak 99.63M) | Time:00:00.00 | Mem:81.13M, Peak:81.13M | Scene, ViewLayer | Synchronizing object | ground
Fra:1 Mem:98.70M (Peak 99.63M) | Time:00:00.00 | Mem:81.13M, Peak:81.13M | Scene, ViewLayer | Initializing
Fra:1 Mem:98.53M (Peak 99.63M) | Time:00:00.00 | Mem:81.13M, Peak:81.13M | Scene, ViewLayer | Waiting for render to start
Fra:1 Mem:98.53M (Peak 99.63M) | Time:00:00.00 | Mem:81.13M, Peak:81.13M | Scene, ViewLayer | Loading render kernels (may take a few minutes the first time)
Fra:1 Mem:98.53M (Peak 99.63M) | Time:00:00.00 | Mem:81.13M, Peak:81.13M | Scene, ViewLayer | Updating Scene
Fra:1 Mem:98.53M (Peak 99.63M) | Time:00:00.00 | Mem:81.13M, Peak:81.13M | Scene, ViewLayer | Updating Shaders
Fra:1 Mem:98.53M (Peak 99.63M) | Time:00:00.00 | Mem:81.12M, Peak:81.13M | Scene, ViewLayer | Updating Procedurals
Fra:1 Mem:98.53M (Peak 99.63M) | Time:00:00.00 | Mem:81.12M, Peak:81.13M | Scene, ViewLayer | Updating Background
Fra:1 Mem:98.53M (Peak 99.63M) | Time:00:00.00 | Mem:81.12M, Peak:81.13M | Scene, ViewLayer | Updating Camera
Fra:1 Mem:98.53M (Peak 99.63M) | Time:00:00.00 | Mem:81.12M, Peak:81.13M | Scene, ViewLayer | Updating Meshes Flags
Fra:1 Mem:98.53M (Peak 99.63M) | Time:00:00.00 | Mem:80.91M, Peak:81.13M | Scene, ViewLayer | Updating Objects
Fra:1 Mem:98.52M (Peak 99.63M) | Time:00:00.00 | Mem:80.90M, Peak:81.13M | Scene, ViewLayer | Updating Objects | Copying Transformations to device
Fra:1 Mem:98.52M (Peak 99.63M) | Time:00:00.00 | Mem:80.90M, Peak:81.13M | Scene, ViewLayer | Updating Objects | Applying Static Transformations
Fra:1 Mem:98.52M (Peak 99.63M) | Time:00:00.00 | Mem:80.90M, Peak:81.13M | Scene, ViewLayer | Updating Particle Systems
Fra:1 Mem:98.52M (Peak 99.63M) | Time:00:00.00 | Mem:80.90M, Peak:81.13M | Scene, ViewLayer | Updating Meshes
Fra:1 Mem:98.40M (Peak 99.63M) | Time:00:00.00 | Mem:80.78M, Peak:81.13M | Scene, ViewLayer | Updating Mesh | Computing attributes
Fra:1 Mem:98.40M (Peak 99.63M) | Time:00:00.00 | Mem:80.78M, Peak:81.13M | Scene, ViewLayer | Updating Mesh | Copying Attributes to device
Fra:1 Mem:98.40M (Peak 99.63M) | Time:00:00.00 | Mem:80.78M, Peak:81.13M | Scene, ViewLayer | Updating Scene BVH | Building
Fra:1 Mem:98.40M (Peak 99.63M) | Time:00:00.00 | Mem:80.78M, Peak:81.13M | Scene, ViewLayer | Updating Scene BVH | Building BVH
Fra:1 Mem:98.40M (Peak 99.63M) | Time:00:00.00 | Mem:80.78M, Peak:81.13M | Scene, ViewLayer | Updating Scene BVH | Building BVH 0%
Fra:1 Mem:98.40M (Peak 99.63M) | Time:00:00.00 | Mem:80.78M, Peak:81.13M | Scene, ViewLayer | Updating Scene BVH | Copying BVH to device
Fra:1 Mem:98.40M (Peak 99.63M) | Time:00:00.00 | Mem:80.78M, Peak:81.13M | Scene, ViewLayer | Updating Mesh | Computing normals
Fra:1 Mem:98.40M (Peak 99.63M) | Time:00:00.00 | Mem:80.78M, Peak:81.13M | Scene, ViewLayer | Updating Mesh | Copying Mesh to device
Fra:1 Mem:98.40M (Peak 99.63M) | Time:00:00.00 | Mem:80.78M, Peak:81.13M | Scene, ViewLayer | Updating Objects Flags
Fra:1 Mem:98.40M (Peak 99.63M) | Time:00:00.00 | Mem:80.78M, Peak:81.13M | Scene, ViewLayer | Updating Primitive Offsets
Fra:1 Mem:98.40M (Peak 99.63M) | Time:00:00.00 | Mem:80.78M, Peak:81.13M | Scene, ViewLayer | Updating Images
Fra:1 Mem:98.37M (Peak 99.63M) | Time:00:00.00 | Mem:80.75M, Peak:81.13M | Scene, ViewLayer | Updating Images | Loading sky_nishita
Fra:1 Mem:99.37M (Peak 99.63M) | Time:00:01.11 | Mem:81.75M, Peak:81.75M | Scene, ViewLayer | Updating Camera Volume
Fra:1 Mem:99.37M (Peak 99.63M) | Time:00:01.11 | Mem:81.75M, Peak:81.75M | Scene, ViewLayer | Updating Lookup Tables
Fra:1 Mem:99.37M (Peak 99.63M) | Time:00:01.11 | Mem:81.75M, Peak:81.75M | Scene, ViewLayer | Updating Lights
Fra:1 Mem:34.85M (Peak 99.63M) | Time:00:01.13 | Mem:17.23M, Peak:81.75M | Scene, ViewLayer | Updating Lights | Importance map
Fra:1 Mem:98.89M (Peak 386.85M) | Time:00:09.62 | Mem:81.27M, Peak:241.23M | Scene, ViewLayer | Updating Lights | Computing tree
Fra:1 Mem:98.89M (Peak 386.85M) | Time:00:09.62 | Mem:81.27M, Peak:241.23M | Scene, ViewLayer | Updating Integrator
Fra:1 Mem:98.89M (Peak 386.85M) | Time:00:09.62 | Mem:81.27M, Peak:241.23M | Scene, ViewLayer | Updating Film
Fra:1 Mem:98.89M (Peak 386.85M) | Time:00:09.62 | Mem:81.18M, Peak:241.23M | Scene, ViewLayer | Updating Lookup Tables
Fra:1 Mem:98.89M (Peak 386.85M) | Time:00:09.62 | Mem:81.27M, Peak:241.23M | Scene, ViewLayer | Updating Baking
Fra:1 Mem:98.89M (Peak 386.85M) | Time:00:09.62 | Mem:81.27M, Peak:241.23M | Scene, ViewLayer | Updating Device | Writing constant memory
Fra:1 Mem:98.89M (Peak 386.85M) | Time:00:09.62 | Mem:81.27M, Peak:241.23M | Scene, ViewLayer | Sample 0/256
Fra:1 Mem:163.76M (Peak 386.85M) | Time:00:12.14 | Remaining:10:41.27 | Mem:146.14M, Peak:241.23M | Scene, ViewLayer | Sample 1/256
Fra:1 Mem:163.76M (Peak 386.85M) | Time:00:37.53 | Remaining:06:32.41 | Mem:146.14M, Peak:241.23M | Scene, ViewLayer | Sample 17/256
Fra:1 Mem:163.76M (Peak 386.85M) | Time:01:00.07 | Remaining:05:53.12 | Mem:146.14M, Peak:241.23M | Scene, ViewLayer | Sample 32/256
Fra:1 Mem:203.76M (Peak 386.85M) | Time:01:00.37 | Remaining:05:55.23 | Mem:146.14M, Peak:241.23M | Scene, ViewLayer | Sample 0/256
Fra:1 Mem:203.76M (Peak 386.85M) | Time:01:00.37 | Remaining:05:55.23 | Mem:146.14M, Peak:241.23M | Scene, ViewLayer | Finished
Saved: 'C:\Users\usman_pyywgw5\Downloads\fyp\out\sim\tmp\s000041\swir_bg.exr'
Time: 01:00.70 (Saving: 00:00.33)

    swir background 1280x1024: 62.5s
Fra:1 Mem:164.77M (Peak 164.77M) | Time:00:00.01 | Mem:146.14M, Peak:146.14M | Scene, ViewLayer | Synchronizing object | ground
Fra:1 Mem:164.77M (Peak 164.77M) | Time:00:00.01 | Mem:146.14M, Peak:146.14M | Scene, ViewLayer | Synchronizing object | KAL
Fra:1 Mem:164.77M (Peak 164.77M) | Time:00:00.01 | Mem:146.14M, Peak:146.14M | Scene, ViewLayer | Synchronizing object | neg2
Fra:1 Mem:164.78M (Peak 164.78M) | Time:00:00.01 | Mem:146.14M, Peak:146.14M | Scene, ViewLayer | Synchronizing object | neg0
Fra:1 Mem:164.84M (Peak 164.84M) | Time:00:00.01 | Mem:146.14M, Peak:146.14M | Scene, ViewLayer | Synchronizing object | neg1
Fra:1 Mem:164.98M (Peak 164.98M) | Time:00:00.01 | Mem:146.14M, Peak:146.14M | Scene, ViewLayer | Initializing
Fra:1 Mem:164.98M (Peak 164.98M) | Time:00:00.01 | Mem:146.14M, Peak:146.14M | Scene, ViewLayer | Waiting for render to start
Fra:1 Mem:164.98M (Peak 164.98M) | Time:00:00.01 | Mem:146.14M, Peak:146.14M | Scene, ViewLayer | Loading render kernels (may take a few minutes the first time)
Fra:1 Mem:164.98M (Peak 164.98M) | Time:00:00.01 | Mem:146.14M, Peak:146.14M | Scene, ViewLayer | Updating Scene
Fra:1 Mem:164.98M (Peak 164.98M) | Time:00:00.01 | Mem:146.14M, Peak:146.14M | Scene, ViewLayer | Updating Shaders
Fra:1 Mem:164.99M (Peak 164.99M) | Time:00:00.01 | Mem:146.15M, Peak:146.15M | Scene, ViewLayer | Updating Procedurals
Fra:1 Mem:164.99M (Peak 164.99M) | Time:00:00.01 | Mem:146.15M, Peak:146.15M | Scene, ViewLayer | Updating Background
Fra:1 Mem:164.99M (Peak 164.99M) | Time:00:00.01 | Mem:146.15M, Peak:146.15M | Scene, ViewLayer | Updating Camera
Fra:1 Mem:164.99M (Peak 164.99M) | Time:00:00.01 | Mem:146.06M, Peak:146.15M | Scene, ViewLayer | Updating Meshes Flags
Fra:1 Mem:164.99M (Peak 164.99M) | Time:00:00.01 | Mem:146.06M, Peak:146.15M | Scene, ViewLayer | Updating Objects
Fra:1 Mem:164.99M (Peak 164.99M) | Time:00:00.01 | Mem:146.06M, Peak:146.15M | Scene, ViewLayer | Updating Objects | Copying Transformations to device
Fra:1 Mem:164.99M (Peak 164.99M) | Time:00:00.01 | Mem:146.06M, Peak:146.15M | Scene, ViewLayer | Updating Objects | Applying Static Transformations
Fra:1 Mem:164.99M (Peak 164.99M) | Time:00:00.01 | Mem:146.06M, Peak:146.15M | Scene, ViewLayer | Updating Particle Systems
Fra:1 Mem:164.99M (Peak 164.99M) | Time:00:00.01 | Mem:146.06M, Peak:146.15M | Scene, ViewLayer | Updating Meshes
Fra:1 Mem:165.04M (Peak 165.04M) | Time:00:00.01 | Mem:146.06M, Peak:146.15M | Scene, ViewLayer | Updating Mesh | Computing attributes
Fra:1 Mem:165.12M (Peak 165.12M) | Time:00:00.01 | Mem:146.07M, Peak:146.15M | Scene, ViewLayer | Updating Mesh | Copying Attributes to device
Fra:1 Mem:165.12M (Peak 165.12M) | Time:00:00.01 | Mem:146.15M, Peak:146.15M | Scene, ViewLayer | Updating Geometry BVH neg2 4/4 | Building BVH
Fra:1 Mem:165.12M (Peak 165.12M) | Time:00:00.01 | Mem:146.15M, Peak:146.15M | Scene, ViewLayer | Updating Geometry BVH neg2 4/4 | Building BVH 0%
Fra:1 Mem:165.12M (Peak 165.12M) | Time:00:00.01 | Mem:146.15M, Peak:146.15M | Scene, ViewLayer | Updating Geometry BVH KAL 1/4 | Building BVH
Fra:1 Mem:165.12M (Peak 165.12M) | Time:00:00.01 | Mem:146.23M, Peak:146.24M | Scene, ViewLayer | Updating Geometry BVH neg1 3/4 | Building BVH
Fra:1 Mem:165.12M (Peak 165.12M) | Time:00:00.01 | Mem:146.25M, Peak:146.25M | Scene, ViewLayer | Updating Geometry BVH neg0 2/4 | Building BVH
Fra:1 Mem:165.12M (Peak 165.12M) | Time:00:00.02 | Mem:146.36M, Peak:146.43M | Scene, ViewLayer | Updating Scene BVH | Building
Fra:1 Mem:165.12M (Peak 165.12M) | Time:00:00.02 | Mem:146.36M, Peak:146.43M | Scene, ViewLayer | Updating Scene BVH | Building BVH
Fra:1 Mem:165.12M (Peak 165.12M) | Time:00:00.02 | Mem:146.36M, Peak:146.43M | Scene, ViewLayer | Updating Scene BVH | Copying BVH to device
Fra:1 Mem:165.12M (Peak 165.12M) | Time:00:00.02 | Mem:146.36M, Peak:146.43M | Scene, ViewLayer | Updating Mesh | Computing normals
Fra:1 Mem:165.25M (Peak 165.25M) | Time:00:00.02 | Mem:146.36M, Peak:146.43M | Scene, ViewLayer | Updating Mesh | Copying Mesh to device
Fra:1 Mem:165.25M (Peak 165.25M) | Time:00:00.02 | Mem:146.49M, Peak:146.49M | Scene, ViewLayer | Updating Objects Flags
Fra:1 Mem:165.25M (Peak 165.25M) | Time:00:00.02 | Mem:146.49M, Peak:146.49M | Scene, ViewLayer | Updating Primitive Offsets
Fra:1 Mem:165.25M (Peak 165.25M) | Time:00:00.02 | Mem:146.49M, Peak:146.49M | Scene, ViewLayer | Updating Images
Fra:1 Mem:165.25M (Peak 165.25M) | Time:00:00.02 | Mem:146.49M, Peak:146.49M | Scene, ViewLayer | Updating Camera Volume
Fra:1 Mem:165.25M (Peak 165.25M) | Time:00:00.02 | Mem:146.49M, Peak:146.49M | Scene, ViewLayer | Updating Lookup Tables
Fra:1 Mem:165.25M (Peak 165.25M) | Time:00:00.02 | Mem:146.58M, Peak:146.58M | Scene, ViewLayer | Updating Lights
Fra:1 Mem:165.25M (Peak 165.25M) | Time:00:00.02 | Mem:146.58M, Peak:146.58M | Scene, ViewLayer | Updating Lights | Computing tree
Fra:1 Mem:165.25M (Peak 165.25M) | Time:00:00.02 | Mem:146.58M, Peak:146.58M | Scene, ViewLayer | Updating Integrator
Fra:1 Mem:165.25M (Peak 165.25M) | Time:00:00.02 | Mem:146.58M, Peak:146.58M | Scene, ViewLayer | Updating Film
Fra:1 Mem:165.25M (Peak 165.25M) | Time:00:00.02 | Mem:146.58M, Peak:146.58M | Scene, ViewLayer | Updating Lookup Tables
Fra:1 Mem:165.25M (Peak 165.25M) | Time:00:00.02 | Mem:146.58M, Peak:146.58M | Scene, ViewLayer | Updating Baking
Fra:1 Mem:165.25M (Peak 165.25M) | Time:00:00.02 | Mem:146.58M, Peak:146.58M | Scene, ViewLayer | Updating Device | Writing constant memory
Fra:1 Mem:165.25M (Peak 165.25M) | Time:00:00.02 | Mem:146.58M, Peak:146.58M | Scene, ViewLayer | Sample 0/256
Fra:1 Mem:108.88M (Peak 165.25M) | Time:00:00.53 | Remaining:02:08.69 | Mem:90.21M, Peak:146.58M | Scene, ViewLayer | Sample 1/256
Fra:1 Mem:108.88M (Peak 165.25M) | Time:00:15.69 | Remaining:01:49.66 | Mem:90.21M, Peak:146.58M | Scene, ViewLayer | Sample 32/256
Fra:1 Mem:114.19M (Peak 165.25M) | Time:00:15.71 | Remaining:01:49.79 | Mem:90.21M, Peak:146.58M | Scene, ViewLayer | Sample 0/256
Fra:1 Mem:114.19M (Peak 165.25M) | Time:00:15.71 | Remaining:01:49.79 | Mem:90.21M, Peak:146.58M | Scene, ViewLayer | Finished
Saved: 'C:\Users\usman_pyywgw5\Downloads\fyp\out\sim\tmp\s000041\swir_target.exr'
Time: 00:15.76 (Saving: 00:00.05)

    swir target  crop 313x139 px @2x: 16.2s
Fra:1 Mem:108.88M (Peak 108.88M) | Time:00:00.00 | Mem:90.21M, Peak:90.21M | Scene, ViewLayer | Synchronizing object | ground
Fra:1 Mem:108.88M (Peak 108.88M) | Time:00:00.01 | Mem:90.21M, Peak:90.21M | Scene, ViewLayer | Initializing
Fra:1 Mem:108.88M (Peak 108.88M) | Time:00:00.01 | Mem:90.21M, Peak:90.21M | Scene, ViewLayer | Waiting for render to start
Fra:1 Mem:108.88M (Peak 108.88M) | Time:00:00.01 | Mem:90.21M, Peak:90.21M | Scene, ViewLayer | Updating Scene
Fra:1 Mem:108.88M (Peak 108.88M) | Time:00:00.01 | Mem:90.21M, Peak:90.21M | Scene, ViewLayer | Updating Shaders
Fra:1 Mem:108.88M (Peak 108.88M) | Time:00:00.01 | Mem:90.21M, Peak:90.21M | Scene, ViewLayer | Updating Background
Fra:1 Mem:108.88M (Peak 108.88M) | Time:00:00.01 | Mem:90.21M, Peak:90.21M | Scene, ViewLayer | Updating Camera
Fra:1 Mem:108.88M (Peak 108.88M) | Time:00:00.01 | Mem:90.21M, Peak:90.21M | Scene, ViewLayer | Updating Meshes Flags
Fra:1 Mem:108.88M (Peak 108.88M) | Time:00:00.01 | Mem:90.20M, Peak:90.21M | Scene, ViewLayer | Updating Objects
Fra:1 Mem:108.88M (Peak 108.88M) | Time:00:00.01 | Mem:90.20M, Peak:90.21M | Scene, ViewLayer | Updating Objects | Copying Transformations to device
Fra:1 Mem:108.88M (Peak 108.88M) | Time:00:00.01 | Mem:90.20M, Peak:90.21M | Scene, ViewLayer | Updating Objects | Applying Static Transformations
Fra:1 Mem:108.88M (Peak 108.88M) | Time:00:00.01 | Mem:90.20M, Peak:90.21M | Scene, ViewLayer | Updating Particle Systems
Fra:1 Mem:108.88M (Peak 108.88M) | Time:00:00.01 | Mem:90.20M, Peak:90.21M | Scene, ViewLayer | Updating Meshes
Fra:1 Mem:108.67M (Peak 108.88M) | Time:00:00.01 | Mem:89.99M, Peak:90.21M | Scene, ViewLayer | Updating Mesh | Computing attributes
Fra:1 Mem:108.75M (Peak 108.88M) | Time:00:00.01 | Mem:89.99M, Peak:90.21M | Scene, ViewLayer | Updating Mesh | Copying Attributes to device
Fra:1 Mem:108.75M (Peak 108.88M) | Time:00:00.01 | Mem:90.08M, Peak:90.21M | Scene, ViewLayer | Updating Scene BVH | Building
Fra:1 Mem:108.75M (Peak 108.88M) | Time:00:00.01 | Mem:90.08M, Peak:90.21M | Scene, ViewLayer | Updating Scene BVH | Building BVH
Fra:1 Mem:108.75M (Peak 108.88M) | Time:00:00.01 | Mem:90.08M, Peak:90.21M | Scene, ViewLayer | Updating Scene BVH | Building BVH 0%
Fra:1 Mem:108.75M (Peak 108.88M) | Time:00:00.01 | Mem:90.08M, Peak:90.21M | Scene, ViewLayer | Updating Scene BVH | Copying BVH to device
Fra:1 Mem:108.75M (Peak 108.88M) | Time:00:00.01 | Mem:90.08M, Peak:90.21M | Scene, ViewLayer | Updating Mesh | Computing normals
Fra:1 Mem:108.88M (Peak 108.88M) | Time:00:00.01 | Mem:90.08M, Peak:90.21M | Scene, ViewLayer | Updating Mesh | Copying Mesh to device
Fra:1 Mem:108.88M (Peak 108.88M) | Time:00:00.01 | Mem:90.21M, Peak:90.21M | Scene, ViewLayer | Updating Objects Flags
Fra:1 Mem:108.88M (Peak 108.88M) | Time:00:00.01 | Mem:90.21M, Peak:90.21M | Scene, ViewLayer | Updating Primitive Offsets
Fra:1 Mem:108.88M (Peak 108.88M) | Time:00:00.01 | Mem:90.21M, Peak:90.21M | Scene, ViewLayer | Updating Images
Fra:1 Mem:108.88M (Peak 108.88M) | Time:00:00.01 | Mem:90.21M, Peak:90.21M | Scene, ViewLayer | Updating Camera Volume
Fra:1 Mem:108.88M (Peak 108.88M) | Time:00:00.01 | Mem:90.21M, Peak:90.21M | Scene, ViewLayer | Updating Lookup Tables
Fra:1 Mem:108.88M (Peak 108.88M) | Time:00:00.01 | Mem:90.21M, Peak:90.21M | Scene, ViewLayer | Updating Lights
Fra:1 Mem:108.88M (Peak 108.88M) | Time:00:00.01 | Mem:90.21M, Peak:90.21M | Scene, ViewLayer | Updating Lights | Computing tree
Fra:1 Mem:108.88M (Peak 108.88M) | Time:00:00.01 | Mem:90.21M, Peak:90.21M | Scene, ViewLayer | Updating Integrator
Fra:1 Mem:108.88M (Peak 108.88M) | Time:00:00.01 | Mem:90.21M, Peak:90.21M | Scene, ViewLayer | Updating Film
Fra:1 Mem:108.88M (Peak 108.88M) | Time:00:00.01 | Mem:90.21M, Peak:90.21M | Scene, ViewLayer | Updating Lookup Tables
Fra:1 Mem:108.88M (Peak 108.88M) | Time:00:00.01 | Mem:90.21M, Peak:90.21M | Scene, ViewLayer | Updating Baking
Fra:1 Mem:108.88M (Peak 108.88M) | Time:00:00.01 | Mem:90.21M, Peak:90.21M | Scene, ViewLayer | Updating Device | Writing constant memory
Fra:1 Mem:108.88M (Peak 108.88M) | Time:00:00.01 | Mem:90.21M, Peak:90.21M | Scene, ViewLayer | Sample 0/256
Fra:1 Mem:100.48M (Peak 108.88M) | Time:00:00.02 | Remaining:00:04.05 | Mem:81.80M, Peak:90.21M | Scene, ViewLayer | Sample 1/256
Fra:1 Mem:100.48M (Peak 108.88M) | Time:00:00.27 | Remaining:00:01.85 | Mem:81.80M, Peak:90.21M | Scene, ViewLayer | Sample 32/256
Fra:1 Mem:100.48M (Peak 108.88M) | Time:00:00.28 | Remaining:00:01.17 | Mem:81.80M, Peak:90.21M | Scene, ViewLayer | Sample 48/256
Fra:1 Mem:100.48M (Peak 108.88M) | Time:00:00.28 | Remaining:00:00.82 | Mem:81.80M, Peak:90.21M | Scene, ViewLayer | Sample 64/256
Fra:1 Mem:100.48M (Peak 108.88M) | Time:00:00.29 | Remaining:00:00.61 | Mem:81.80M, Peak:90.21M | Scene, ViewLayer | Sample 80/256
Fra:1 Mem:100.62M (Peak 108.88M) | Time:00:00.29 | Remaining:00:00.61 | Mem:81.80M, Peak:90.21M | Scene, ViewLayer | Sample 0/256
Fra:1 Mem:100.62M (Peak 108.88M) | Time:00:00.29 | Remaining:00:00.61 | Mem:81.80M, Peak:90.21M | Scene, ViewLayer | Finished
Saved: 'C:\Users\usman_pyywgw5\Downloads\fyp\out\sim\tmp\s000041\swir_neg0.exr'
Time: 00:00.29 (Saving: 00:00.00)

    swir neg0    crop 17x17 px @4x: 0.4s
Fra:1 Mem:100.48M (Peak 100.48M) | Time:00:00.00 | Mem:81.80M, Peak:81.80M | Scene, ViewLayer | Synchronizing object | ground
Fra:1 Mem:100.48M (Peak 100.48M) | Time:00:00.00 | Mem:81.80M, Peak:81.80M | Scene, ViewLayer | Initializing
Fra:1 Mem:100.48M (Peak 100.48M) | Time:00:00.00 | Mem:81.80M, Peak:81.80M | Scene, ViewLayer | Waiting for render to start
Fra:1 Mem:100.48M (Peak 100.48M) | Time:00:00.00 | Mem:81.80M, Peak:81.80M | Scene, ViewLayer | Updating Scene
Fra:1 Mem:100.48M (Peak 100.48M) | Time:00:00.00 | Mem:81.80M, Peak:81.80M | Scene, ViewLayer | Updating Shaders
Fra:1 Mem:100.48M (Peak 100.48M) | Time:00:00.00 | Mem:81.80M, Peak:81.80M | Scene, ViewLayer | Updating Background
Fra:1 Mem:100.48M (Peak 100.48M) | Time:00:00.00 | Mem:81.80M, Peak:81.80M | Scene, ViewLayer | Updating Camera
Fra:1 Mem:100.48M (Peak 100.48M) | Time:00:00.00 | Mem:81.80M, Peak:81.80M | Scene, ViewLayer | Updating Meshes Flags
Fra:1 Mem:100.48M (Peak 100.48M) | Time:00:00.00 | Mem:81.80M, Peak:81.80M | Scene, ViewLayer | Updating Objects
Fra:1 Mem:100.48M (Peak 100.48M) | Time:00:00.00 | Mem:81.80M, Peak:81.80M | Scene, ViewLayer | Updating Objects | Copying Transformations to device
Fra:1 Mem:100.48M (Peak 100.48M) | Time:00:00.00 | Mem:81.80M, Peak:81.80M | Scene, ViewLayer | Updating Objects | Applying Static Transformations
Fra:1 Mem:100.48M (Peak 100.48M) | Time:00:00.00 | Mem:81.80M, Peak:81.80M | Scene, ViewLayer | Updating Particle Systems
Fra:1 Mem:100.48M (Peak 100.48M) | Time:00:00.00 | Mem:81.80M, Peak:81.80M | Scene, ViewLayer | Updating Meshes
Fra:1 Mem:100.27M (Peak 100.48M) | Time:00:00.00 | Mem:81.59M, Peak:81.80M | Scene, ViewLayer | Updating Mesh | Computing attributes
Fra:1 Mem:100.35M (Peak 100.48M) | Time:00:00.00 | Mem:81.59M, Peak:81.80M | Scene, ViewLayer | Updating Mesh | Copying Attributes to device
Fra:1 Mem:100.35M (Peak 100.48M) | Time:00:00.00 | Mem:81.67M, Peak:81.80M | Scene, ViewLayer | Updating Scene BVH | Building
Fra:1 Mem:100.35M (Peak 100.48M) | Time:00:00.00 | Mem:81.67M, Peak:81.80M | Scene, ViewLayer | Updating Scene BVH | Building BVH
Fra:1 Mem:100.35M (Peak 100.48M) | Time:00:00.00 | Mem:81.68M, Peak:81.80M | Scene, ViewLayer | Updating Scene BVH | Building BVH 0%
Fra:1 Mem:100.35M (Peak 100.48M) | Time:00:00.00 | Mem:81.68M, Peak:81.80M | Scene, ViewLayer | Updating Scene BVH | Copying BVH to device
Fra:1 Mem:100.35M (Peak 100.48M) | Time:00:00.00 | Mem:81.68M, Peak:81.80M | Scene, ViewLayer | Updating Mesh | Computing normals
Fra:1 Mem:100.48M (Peak 100.48M) | Time:00:00.00 | Mem:81.68M, Peak:81.80M | Scene, ViewLayer | Updating Mesh | Copying Mesh to device
Fra:1 Mem:100.48M (Peak 100.48M) | Time:00:00.00 | Mem:81.80M, Peak:81.80M | Scene, ViewLayer | Updating Objects Flags
Fra:1 Mem:100.48M (Peak 100.48M) | Time:00:00.00 | Mem:81.80M, Peak:81.80M | Scene, ViewLayer | Updating Primitive Offsets
Fra:1 Mem:100.48M (Peak 100.48M) | Time:00:00.00 | Mem:81.80M, Peak:81.80M | Scene, ViewLayer | Updating Images
Fra:1 Mem:100.48M (Peak 100.48M) | Time:00:00.00 | Mem:81.80M, Peak:81.80M | Scene, ViewLayer | Updating Camera Volume
Fra:1 Mem:100.48M (Peak 100.48M) | Time:00:00.00 | Mem:81.80M, Peak:81.80M | Scene, ViewLayer | Updating Lookup Tables
Fra:1 Mem:100.48M (Peak 100.48M) | Time:00:00.00 | Mem:81.80M, Peak:81.80M | Scene, ViewLayer | Updating Lights
Fra:1 Mem:100.48M (Peak 100.48M) | Time:00:00.00 | Mem:81.80M, Peak:81.80M | Scene, ViewLayer | Updating Lights | Computing tree
Fra:1 Mem:100.48M (Peak 100.48M) | Time:00:00.00 | Mem:81.80M, Peak:81.80M | Scene, ViewLayer | Updating Integrator
Fra:1 Mem:100.48M (Peak 100.48M) | Time:00:00.00 | Mem:81.80M, Peak:81.80M | Scene, ViewLayer | Updating Film
Fra:1 Mem:100.48M (Peak 100.48M) | Time:00:00.00 | Mem:81.80M, Peak:81.80M | Scene, ViewLayer | Updating Lookup Tables
Fra:1 Mem:100.48M (Peak 100.48M) | Time:00:00.00 | Mem:81.80M, Peak:81.80M | Scene, ViewLayer | Updating Baking
Fra:1 Mem:100.48M (Peak 100.48M) | Time:00:00.00 | Mem:81.80M, Peak:81.80M | Scene, ViewLayer | Updating Device | Writing constant memory
Fra:1 Mem:100.48M (Peak 100.48M) | Time:00:00.00 | Mem:81.80M, Peak:81.80M | Scene, ViewLayer | Sample 0/256
Fra:1 Mem:100.54M (Peak 100.54M) | Time:00:00.02 | Remaining:00:04.35 | Mem:81.87M, Peak:81.87M | Scene, ViewLayer | Sample 1/256
Fra:1 Mem:100.54M (Peak 100.54M) | Time:00:00.40 | Remaining:00:02.77 | Mem:81.87M, Peak:81.87M | Scene, ViewLayer | Sample 32/256
Fra:1 Mem:100.73M (Peak 100.73M) | Time:00:00.41 | Remaining:00:02.87 | Mem:81.87M, Peak:81.87M | Scene, ViewLayer | Sample 0/256
Fra:1 Mem:100.73M (Peak 100.73M) | Time:00:00.41 | Remaining:00:02.87 | Mem:81.87M, Peak:81.87M | Scene, ViewLayer | Finished
Saved: 'C:\Users\usman_pyywgw5\Downloads\fyp\out\sim\tmp\s000041\swir_neg1.exr'
Time: 00:00.42 (Saving: 00:00.00)

    swir neg1    crop 37x40 px @2x: 0.5s
Fra:1 Mem:100.54M (Peak 100.54M) | Time:00:00.00 | Mem:81.87M, Peak:81.87M | Scene, ViewLayer | Synchronizing object | ground
Fra:1 Mem:100.54M (Peak 100.54M) | Time:00:00.00 | Mem:81.87M, Peak:81.87M | Scene, ViewLayer | Initializing
Fra:1 Mem:100.54M (Peak 100.54M) | Time:00:00.00 | Mem:81.87M, Peak:81.87M | Scene, ViewLayer | Waiting for render to start
Fra:1 Mem:100.54M (Peak 100.54M) | Time:00:00.00 | Mem:81.87M, Peak:81.87M | Scene, ViewLayer | Updating Scene
Fra:1 Mem:100.54M (Peak 100.54M) | Time:00:00.00 | Mem:81.87M, Peak:81.87M | Scene, ViewLayer | Updating Shaders
Fra:1 Mem:100.54M (Peak 100.54M) | Time:00:00.00 | Mem:81.87M, Peak:81.87M | Scene, ViewLayer | Updating Background
Fra:1 Mem:100.54M (Peak 100.54M) | Time:00:00.00 | Mem:81.87M, Peak:81.87M | Scene, ViewLayer | Updating Camera
Fra:1 Mem:100.54M (Peak 100.54M) | Time:00:00.00 | Mem:81.87M, Peak:81.87M | Scene, ViewLayer | Updating Meshes Flags
Fra:1 Mem:100.54M (Peak 100.54M) | Time:00:00.00 | Mem:81.87M, Peak:81.87M | Scene, ViewLayer | Updating Objects
Fra:1 Mem:100.54M (Peak 100.54M) | Time:00:00.00 | Mem:81.87M, Peak:81.87M | Scene, ViewLayer | Updating Objects | Copying Transformations to device
Fra:1 Mem:100.54M (Peak 100.54M) | Time:00:00.00 | Mem:81.87M, Peak:81.87M | Scene, ViewLayer | Updating Objects | Applying Static Transformations
Fra:1 Mem:100.54M (Peak 100.54M) | Time:00:00.00 | Mem:81.87M, Peak:81.87M | Scene, ViewLayer | Updating Particle Systems
Fra:1 Mem:100.54M (Peak 100.54M) | Time:00:00.00 | Mem:81.87M, Peak:81.87M | Scene, ViewLayer | Updating Meshes
Fra:1 Mem:100.33M (Peak 100.54M) | Time:00:00.00 | Mem:81.66M, Peak:81.87M | Scene, ViewLayer | Updating Mesh | Computing attributes
Fra:1 Mem:100.42M (Peak 100.54M) | Time:00:00.00 | Mem:81.66M, Peak:81.87M | Scene, ViewLayer | Updating Mesh | Copying Attributes to device
Fra:1 Mem:100.41M (Peak 100.54M) | Time:00:00.00 | Mem:81.74M, Peak:81.87M | Scene, ViewLayer | Updating Scene BVH | Building
Fra:1 Mem:100.41M (Peak 100.54M) | Time:00:00.00 | Mem:81.74M, Peak:81.87M | Scene, ViewLayer | Updating Scene BVH | Building BVH
Fra:1 Mem:100.41M (Peak 100.54M) | Time:00:00.00 | Mem:81.74M, Peak:81.87M | Scene, ViewLayer | Updating Scene BVH | Building BVH 0%
Fra:1 Mem:100.41M (Peak 100.54M) | Time:00:00.00 | Mem:81.74M, Peak:81.87M | Scene, ViewLayer | Updating Scene BVH | Copying BVH to device
Fra:1 Mem:100.41M (Peak 100.54M) | Time:00:00.00 | Mem:81.74M, Peak:81.87M | Scene, ViewLayer | Updating Mesh | Computing normals
Fra:1 Mem:100.54M (Peak 100.54M) | Time:00:00.00 | Mem:81.74M, Peak:81.87M | Scene, ViewLayer | Updating Mesh | Copying Mesh to device
Fra:1 Mem:100.54M (Peak 100.54M) | Time:00:00.00 | Mem:81.87M, Peak:81.87M | Scene, ViewLayer | Updating Objects Flags
Fra:1 Mem:100.54M (Peak 100.54M) | Time:00:00.00 | Mem:81.87M, Peak:81.87M | Scene, ViewLayer | Updating Primitive Offsets
Fra:1 Mem:100.54M (Peak 100.54M) | Time:00:00.00 | Mem:81.87M, Peak:81.87M | Scene, ViewLayer | Updating Images
Fra:1 Mem:100.54M (Peak 100.54M) | Time:00:00.00 | Mem:81.87M, Peak:81.87M | Scene, ViewLayer | Updating Camera Volume
Fra:1 Mem:100.54M (Peak 100.54M) | Time:00:00.00 | Mem:81.87M, Peak:81.87M | Scene, ViewLayer | Updating Lookup Tables
Fra:1 Mem:100.54M (Peak 100.54M) | Time:00:00.00 | Mem:81.87M, Peak:81.87M | Scene, ViewLayer | Updating Lights
Fra:1 Mem:100.54M (Peak 100.54M) | Time:00:00.00 | Mem:81.87M, Peak:81.87M | Scene, ViewLayer | Updating Lights | Computing tree
Fra:1 Mem:100.54M (Peak 100.54M) | Time:00:00.00 | Mem:81.87M, Peak:81.87M | Scene, ViewLayer | Updating Integrator
Fra:1 Mem:100.54M (Peak 100.54M) | Time:00:00.00 | Mem:81.87M, Peak:81.87M | Scene, ViewLayer | Updating Film
Fra:1 Mem:100.54M (Peak 100.54M) | Time:00:00.00 | Mem:81.87M, Peak:81.87M | Scene, ViewLayer | Updating Lookup Tables
Fra:1 Mem:100.54M (Peak 100.54M) | Time:00:00.00 | Mem:81.87M, Peak:81.87M | Scene, ViewLayer | Updating Baking
Fra:1 Mem:100.54M (Peak 100.54M) | Time:00:00.00 | Mem:81.87M, Peak:81.87M | Scene, ViewLayer | Updating Device | Writing constant memory
Fra:1 Mem:100.54M (Peak 100.54M) | Time:00:00.00 | Mem:81.87M, Peak:81.87M | Scene, ViewLayer | Sample 0/256
Fra:1 Mem:100.38M (Peak 100.54M) | Time:00:00.01 | Remaining:00:02.67 | Mem:81.70M, Peak:81.87M | Scene, ViewLayer | Sample 1/256
Fra:1 Mem:100.38M (Peak 100.54M) | Time:00:00.26 | Remaining:00:01.85 | Mem:81.70M, Peak:81.87M | Scene, ViewLayer | Sample 32/256
Fra:1 Mem:100.46M (Peak 100.54M) | Time:00:00.28 | Remaining:00:01.95 | Mem:81.70M, Peak:81.87M | Scene, ViewLayer | Sample 0/256
Fra:1 Mem:100.46M (Peak 100.54M) | Time:00:00.28 | Remaining:00:01.96 | Mem:81.70M, Peak:81.87M | Scene, ViewLayer | Finished
Saved: 'C:\Users\usman_pyywgw5\Downloads\fyp\out\sim\tmp\s000041\swir_neg2.exr'
Time: 00:00.28 (Saving: 00:00.00)

    swir neg2    crop 26x25 px @2x: 0.3s
[s000041] done in 228.4s  calibration 3.9, build 0.9, rgb 81.8, lwir 55.2, swir 79.9, write 2.2
[s000008] train open_sky night hfov 50 bin 8-16 (14.6 px @ 140 m) negatives ['helicopter']
Fra:1 Mem:12.47M (Peak 12.47M) | Time:00:00.00 | Mem:0.00M, Peak:0.00M | Scene, ViewLayer | Synchronizing object | calib_plane
Fra:1 Mem:12.47M (Peak 12.47M) | Time:00:00.00 | Mem:0.00M, Peak:0.00M | Scene, ViewLayer | Initializing
Fra:1 Mem:12.31M (Peak 12.47M) | Time:00:00.00 | Mem:0.00M, Peak:0.00M | Scene, ViewLayer | Waiting for render to start
Fra:1 Mem:12.31M (Peak 12.47M) | Time:00:00.00 | Mem:0.00M, Peak:0.00M | Scene, ViewLayer | Loading render kernels (may take a few minutes the first time)
Fra:1 Mem:12.31M (Peak 12.47M) | Time:00:00.00 | Mem:0.00M, Peak:0.00M | Scene, ViewLayer | Updating Scene
Fra:1 Mem:12.31M (Peak 12.47M) | Time:00:00.00 | Mem:0.00M, Peak:0.00M | Scene, ViewLayer | Updating Shaders
Fra:1 Mem:12.39M (Peak 12.47M) | Time:00:00.00 | Mem:0.00M, Peak:0.00M | Scene, ViewLayer | Updating Procedurals
Fra:1 Mem:12.39M (Peak 12.47M) | Time:00:00.00 | Mem:0.00M, Peak:0.00M | Scene, ViewLayer | Updating Background
Fra:1 Mem:12.39M (Peak 12.47M) | Time:00:00.00 | Mem:0.00M, Peak:0.00M | Scene, ViewLayer | Updating Camera
Fra:1 Mem:12.39M (Peak 12.47M) | Time:00:00.00 | Mem:0.00M, Peak:0.00M | Scene, ViewLayer | Updating Meshes Flags
Fra:1 Mem:12.39M (Peak 12.47M) | Time:00:00.00 | Mem:0.00M, Peak:0.00M | Scene, ViewLayer | Updating Objects
Fra:1 Mem:12.39M (Peak 12.47M) | Time:00:00.00 | Mem:0.00M, Peak:0.00M | Scene, ViewLayer | Updating Objects | Copying Transformations to device
Fra:1 Mem:12.39M (Peak 12.47M) | Time:00:00.00 | Mem:0.00M, Peak:0.00M | Scene, ViewLayer | Updating Objects | Applying Static Transformations
Fra:1 Mem:12.39M (Peak 12.47M) | Time:00:00.00 | Mem:0.00M, Peak:0.00M | Scene, ViewLayer | Updating Particle Systems
Fra:1 Mem:12.39M (Peak 12.47M) | Time:00:00.00 | Mem:0.00M, Peak:0.00M | Scene, ViewLayer | Updating Particle Systems | Copying Particles to device
Fra:1 Mem:12.39M (Peak 12.47M) | Time:00:00.00 | Mem:0.00M, Peak:0.00M | Scene, ViewLayer | Updating Meshes
Fra:1 Mem:12.39M (Peak 12.47M) | Time:00:00.00 | Mem:0.00M, Peak:0.00M | Scene, ViewLayer | Updating Mesh | Computing attributes
Fra:1 Mem:12.39M (Peak 12.47M) | Time:00:00.00 | Mem:0.00M, Peak:0.00M | Scene, ViewLayer | Updating Mesh | Copying Attributes to device
Fra:1 Mem:12.39M (Peak 12.47M) | Time:00:00.00 | Mem:0.00M, Peak:0.00M | Scene, ViewLayer | Updating Scene BVH | Building
Fra:1 Mem:12.39M (Peak 12.47M) | Time:00:00.00 | Mem:0.00M, Peak:0.00M | Scene, ViewLayer | Updating Scene BVH | Building BVH
Fra:1 Mem:12.39M (Peak 12.47M) | Time:00:00.00 | Mem:0.00M, Peak:0.00M | Scene, ViewLayer | Updating Scene BVH | Building BVH 0%
Fra:1 Mem:12.39M (Peak 12.47M) | Time:00:00.00 | Mem:0.00M, Peak:0.00M | Scene, ViewLayer | Updating Scene BVH | Copying BVH to device
Fra:1 Mem:12.39M (Peak 12.47M) | Time:00:00.00 | Mem:0.00M, Peak:0.00M | Scene, ViewLayer | Updating Mesh | Computing normals
Fra:1 Mem:12.39M (Peak 12.47M) | Time:00:00.00 | Mem:0.00M, Peak:0.00M | Scene, ViewLayer | Updating Mesh | Copying Mesh to device
Fra:1 Mem:12.39M (Peak 12.47M) | Time:00:00.00 | Mem:0.00M, Peak:0.00M | Scene, ViewLayer | Updating Objects Flags
Fra:1 Mem:12.39M (Peak 12.47M) | Time:00:00.00 | Mem:0.00M, Peak:0.00M | Scene, ViewLayer | Updating Primitive Offsets
Fra:1 Mem:12.39M (Peak 12.47M) | Time:00:00.00 | Mem:0.00M, Peak:0.00M | Scene, ViewLayer | Updating Images
Fra:1 Mem:12.39M (Peak 12.47M) | Time:00:00.00 | Mem:0.00M, Peak:0.00M | Scene, ViewLayer | Updating Images | Loading sky_nishita
Fra:1 Mem:13.40M (Peak 13.40M) | Time:00:00.42 | Mem:1.00M, Peak:1.00M | Scene, ViewLayer | Updating Camera Volume
Fra:1 Mem:13.40M (Peak 13.40M) | Time:00:00.42 | Mem:1.00M, Peak:1.00M | Scene, ViewLayer | Updating Lookup Tables
Fra:1 Mem:13.40M (Peak 13.40M) | Time:00:00.42 | Mem:1.08M, Peak:1.08M | Scene, ViewLayer | Updating Lights
Fra:1 Mem:13.40M (Peak 13.40M) | Time:00:00.42 | Mem:1.08M, Peak:1.08M | Scene, ViewLayer | Updating Lights | Importance map
Fra:1 Mem:14.41M (Peak 18.90M) | Time:00:00.48 | Mem:2.10M, Peak:4.60M | Scene, ViewLayer | Updating Lights | Computing tree
Fra:1 Mem:14.41M (Peak 18.90M) | Time:00:00.48 | Mem:2.10M, Peak:4.60M | Scene, ViewLayer | Updating Integrator
Fra:1 Mem:14.41M (Peak 18.90M) | Time:00:00.48 | Mem:2.10M, Peak:4.60M | Scene, ViewLayer | Updating Film
Fra:1 Mem:14.41M (Peak 18.90M) | Time:00:00.48 | Mem:2.02M, Peak:4.60M | Scene, ViewLayer | Updating Lookup Tables
Fra:1 Mem:14.41M (Peak 18.90M) | Time:00:00.48 | Mem:2.10M, Peak:4.60M | Scene, ViewLayer | Updating Baking
Fra:1 Mem:14.41M (Peak 18.90M) | Time:00:00.48 | Mem:2.10M, Peak:4.60M | Scene, ViewLayer | Updating Device | Writing constant memory
Fra:1 Mem:14.41M (Peak 18.90M) | Time:00:00.48 | Mem:2.10M, Peak:4.60M | Scene, ViewLayer | Sample 0/256
Fra:1 Mem:14.43M (Peak 18.90M) | Time:00:00.49 | Remaining:00:02.72 | Mem:2.11M, Peak:4.60M | Scene, ViewLayer | Sample 1/256
Fra:1 Mem:14.43M (Peak 18.90M) | Time:00:00.58 | Mem:2.11M, Peak:4.60M | Scene, ViewLayer | Sample 256/256
Fra:1 Mem:14.43M (Peak 18.90M) | Time:00:00.58 | Mem:2.11M, Peak:4.60M | Scene, ViewLayer | Finished
Saved: 'C:\Users\usman_pyywgw5\AppData\Local\Temp\fyp_calib_16540_1.exr'
Time: 00:00.58 (Saving: 00:00.00)

Fra:1 Mem:12.48M (Peak 12.48M) | Time:00:00.00 | Mem:0.00M, Peak:0.00M | Scene, ViewLayer | Synchronizing object | calib_plane
Fra:1 Mem:12.48M (Peak 12.48M) | Time:00:00.00 | Mem:0.00M, Peak:0.00M | Scene, ViewLayer | Initializing
Fra:1 Mem:12.32M (Peak 12.48M) | Time:00:00.02 | Mem:0.00M, Peak:0.00M | Scene, ViewLayer | Waiting for render to start
Fra:1 Mem:12.32M (Peak 12.48M) | Time:00:00.02 | Mem:0.00M, Peak:0.00M | Scene, ViewLayer | Loading render kernels (may take a few minutes the first time)
Fra:1 Mem:12.32M (Peak 12.48M) | Time:00:00.02 | Mem:0.00M, Peak:0.00M | Scene, ViewLayer | Updating Scene
Fra:1 Mem:12.32M (Peak 12.48M) | Time:00:00.02 | Mem:0.00M, Peak:0.00M | Scene, ViewLayer | Updating Shaders
Fra:1 Mem:12.41M (Peak 12.48M) | Time:00:00.02 | Mem:0.00M, Peak:0.00M | Scene, ViewLayer | Updating Procedurals
Fra:1 Mem:12.41M (Peak 12.48M) | Time:00:00.02 | Mem:0.00M, Peak:0.00M | Scene, ViewLayer | Updating Background
Fra:1 Mem:12.41M (Peak 12.48M) | Time:00:00.02 | Mem:0.00M, Peak:0.00M | Scene, ViewLayer | Updating Camera
Fra:1 Mem:12.41M (Peak 12.48M) | Time:00:00.02 | Mem:0.00M, Peak:0.00M | Scene, ViewLayer | Updating Meshes Flags
Fra:1 Mem:12.41M (Peak 12.48M) | Time:00:00.02 | Mem:0.00M, Peak:0.00M | Scene, ViewLayer | Updating Objects
Fra:1 Mem:12.41M (Peak 12.48M) | Time:00:00.02 | Mem:0.00M, Peak:0.00M | Scene, ViewLayer | Updating Objects | Copying Transformations to device
Fra:1 Mem:12.41M (Peak 12.48M) | Time:00:00.02 | Mem:0.00M, Peak:0.00M | Scene, ViewLayer | Updating Objects | Applying Static Transformations
Fra:1 Mem:12.41M (Peak 12.48M) | Time:00:00.02 | Mem:0.00M, Peak:0.00M | Scene, ViewLayer | Updating Particle Systems
Fra:1 Mem:12.41M (Peak 12.48M) | Time:00:00.02 | Mem:0.00M, Peak:0.00M | Scene, ViewLayer | Updating Particle Systems | Copying Particles to device
Fra:1 Mem:12.41M (Peak 12.48M) | Time:00:00.02 | Mem:0.00M, Peak:0.00M | Scene, ViewLayer | Updating Meshes
Fra:1 Mem:12.41M (Peak 12.48M) | Time:00:00.02 | Mem:0.00M, Peak:0.00M | Scene, ViewLayer | Updating Mesh | Computing attributes
Fra:1 Mem:12.41M (Peak 12.48M) | Time:00:00.02 | Mem:0.00M, Peak:0.00M | Scene, ViewLayer | Updating Mesh | Copying Attributes to device
Fra:1 Mem:12.41M (Peak 12.48M) | Time:00:00.02 | Mem:0.00M, Peak:0.00M | Scene, ViewLayer | Updating Scene BVH | Building
Fra:1 Mem:12.41M (Peak 12.48M) | Time:00:00.02 | Mem:0.00M, Peak:0.00M | Scene, ViewLayer | Updating Scene BVH | Building BVH
Fra:1 Mem:12.41M (Peak 12.48M) | Time:00:00.02 | Mem:0.00M, Peak:0.00M | Scene, ViewLayer | Updating Scene BVH | Building BVH 0%
Fra:1 Mem:12.41M (Peak 12.48M) | Time:00:00.02 | Mem:0.00M, Peak:0.00M | Scene, ViewLayer | Updating Scene BVH | Copying BVH to device
Fra:1 Mem:12.41M (Peak 12.48M) | Time:00:00.02 | Mem:0.00M, Peak:0.00M | Scene, ViewLayer | Updating Mesh | Computing normals
Fra:1 Mem:12.41M (Peak 12.48M) | Time:00:00.02 | Mem:0.00M, Peak:0.00M | Scene, ViewLayer | Updating Mesh | Copying Mesh to device
Fra:1 Mem:12.41M (Peak 12.48M) | Time:00:00.02 | Mem:0.00M, Peak:0.00M | Scene, ViewLayer | Updating Objects Flags
Fra:1 Mem:12.41M (Peak 12.48M) | Time:00:00.02 | Mem:0.00M, Peak:0.00M | Scene, ViewLayer | Updating Primitive Offsets
Fra:1 Mem:12.41M (Peak 12.48M) | Time:00:00.02 | Mem:0.00M, Peak:0.00M | Scene, ViewLayer | Updating Images
Fra:1 Mem:12.41M (Peak 12.48M) | Time:00:00.02 | Mem:0.00M, Peak:0.00M | Scene, ViewLayer | Updating Images | Loading sky_nishita
Fra:1 Mem:13.42M (Peak 13.42M) | Time:00:00.48 | Mem:1.00M, Peak:1.00M | Scene, ViewLayer | Updating Camera Volume
Fra:1 Mem:13.42M (Peak 13.42M) | Time:00:00.48 | Mem:1.00M, Peak:1.00M | Scene, ViewLayer | Updating Lookup Tables
Fra:1 Mem:13.42M (Peak 13.42M) | Time:00:00.48 | Mem:1.08M, Peak:1.08M | Scene, ViewLayer | Updating Lights
Fra:1 Mem:13.42M (Peak 13.42M) | Time:00:00.49 | Mem:1.08M, Peak:1.08M | Scene, ViewLayer | Updating Lights | Importance map
Fra:1 Mem:77.45M (Peak 365.42M) | Time:00:02.59 | Mem:65.13M, Peak:225.10M | Scene, ViewLayer | Updating Lights | Computing tree
Fra:1 Mem:77.45M (Peak 365.42M) | Time:00:02.59 | Mem:65.13M, Peak:225.10M | Scene, ViewLayer | Updating Integrator
Fra:1 Mem:77.45M (Peak 365.42M) | Time:00:02.59 | Mem:65.13M, Peak:225.10M | Scene, ViewLayer | Updating Film
Fra:1 Mem:77.45M (Peak 365.42M) | Time:00:02.60 | Mem:65.05M, Peak:225.10M | Scene, ViewLayer | Updating Lookup Tables
Fra:1 Mem:77.45M (Peak 365.42M) | Time:00:02.60 | Mem:65.13M, Peak:225.10M | Scene, ViewLayer | Updating Baking
Fra:1 Mem:77.45M (Peak 365.42M) | Time:00:02.60 | Mem:65.13M, Peak:225.10M | Scene, ViewLayer | Updating Device | Writing constant memory
Fra:1 Mem:77.45M (Peak 365.42M) | Time:00:02.60 | Mem:65.13M, Peak:225.10M | Scene, ViewLayer | Sample 0/256
Fra:1 Mem:77.47M (Peak 365.42M) | Time:00:02.60 | Remaining:00:00.26 | Mem:65.13M, Peak:225.10M | Scene, ViewLayer | Sample 1/256
Fra:1 Mem:77.47M (Peak 365.42M) | Time:00:02.65 | Mem:65.13M, Peak:225.10M | Scene, ViewLayer | Sample 256/256
Fra:1 Mem:77.47M (Peak 365.42M) | Time:00:02.65 | Mem:65.13M, Peak:225.10M | Scene, ViewLayer | Finished
Saved: 'C:\Users\usman_pyywgw5\AppData\Local\Temp\fyp_calib_16540_0.exr'
Time: 00:02.67 (Saving: 00:00.00)

Fra:1 Mem:16.37M (Peak 16.37M) | Time:00:00.00 | Mem:0.00M, Peak:0.00M | Scene, ViewLayer | Synchronizing object | ground
Fra:1 Mem:16.37M (Peak 16.37M) | Time:00:00.00 | Mem:0.00M, Peak:0.00M | Scene, ViewLayer | Initializing
Fra:1 Mem:16.36M (Peak 16.37M) | Time:00:00.00 | Mem:0.00M, Peak:0.00M | Scene, ViewLayer | Waiting for render to start
Fra:1 Mem:16.37M (Peak 16.37M) | Time:00:00.00 | Mem:0.00M, Peak:0.00M | Scene, ViewLayer | Loading render kernels (may take a few minutes the first time)
Fra:1 Mem:16.37M (Peak 16.37M) | Time:00:00.00 | Mem:0.00M, Peak:0.00M | Scene, ViewLayer | Updating Scene
Fra:1 Mem:16.37M (Peak 16.37M) | Time:00:00.00 | Mem:0.00M, Peak:0.00M | Scene, ViewLayer | Updating Shaders
Fra:1 Mem:16.45M (Peak 16.45M) | Time:00:00.00 | Mem:0.00M, Peak:0.00M | Scene, ViewLayer | Updating Procedurals
Fra:1 Mem:16.45M (Peak 16.45M) | Time:00:00.00 | Mem:0.00M, Peak:0.00M | Scene, ViewLayer | Updating Background
Fra:1 Mem:16.45M (Peak 16.45M) | Time:00:00.00 | Mem:0.00M, Peak:0.00M | Scene, ViewLayer | Updating Camera
Fra:1 Mem:16.45M (Peak 16.45M) | Time:00:00.00 | Mem:0.00M, Peak:0.00M | Scene, ViewLayer | Updating Meshes Flags
Fra:1 Mem:16.45M (Peak 16.45M) | Time:00:00.00 | Mem:0.00M, Peak:0.00M | Scene, ViewLayer | Updating Objects
Fra:1 Mem:16.45M (Peak 16.45M) | Time:00:00.00 | Mem:0.00M, Peak:0.00M | Scene, ViewLayer | Updating Objects | Copying Transformations to device
Fra:1 Mem:16.45M (Peak 16.45M) | Time:00:00.00 | Mem:0.00M, Peak:0.00M | Scene, ViewLayer | Updating Objects | Applying Static Transformations
Fra:1 Mem:16.45M (Peak 16.45M) | Time:00:00.00 | Mem:0.00M, Peak:0.00M | Scene, ViewLayer | Updating Particle Systems
Fra:1 Mem:16.45M (Peak 16.45M) | Time:00:00.00 | Mem:0.00M, Peak:0.00M | Scene, ViewLayer | Updating Particle Systems | Copying Particles to device
Fra:1 Mem:16.45M (Peak 16.45M) | Time:00:00.00 | Mem:0.00M, Peak:0.00M | Scene, ViewLayer | Updating Meshes
Fra:1 Mem:16.45M (Peak 16.45M) | Time:00:00.00 | Mem:0.00M, Peak:0.00M | Scene, ViewLayer | Updating Mesh | Computing attributes
Fra:1 Mem:16.45M (Peak 16.45M) | Time:00:00.00 | Mem:0.00M, Peak:0.00M | Scene, ViewLayer | Updating Mesh | Copying Attributes to device
Fra:1 Mem:16.45M (Peak 16.45M) | Time:00:00.00 | Mem:0.00M, Peak:0.00M | Scene, ViewLayer | Updating Scene BVH | Building
Fra:1 Mem:16.45M (Peak 16.45M) | Time:00:00.00 | Mem:0.00M, Peak:0.00M | Scene, ViewLayer | Updating Scene BVH | Building BVH
Fra:1 Mem:16.45M (Peak 16.45M) | Time:00:00.00 | Mem:0.00M, Peak:0.00M | Scene, ViewLayer | Updating Scene BVH | Building BVH 0%
Fra:1 Mem:16.45M (Peak 16.45M) | Time:00:00.00 | Mem:0.00M, Peak:0.00M | Scene, ViewLayer | Updating Scene BVH | Copying BVH to device
Fra:1 Mem:16.45M (Peak 16.45M) | Time:00:00.00 | Mem:0.00M, Peak:0.00M | Scene, ViewLayer | Updating Mesh | Computing normals
Fra:1 Mem:16.45M (Peak 16.45M) | Time:00:00.00 | Mem:0.00M, Peak:0.00M | Scene, ViewLayer | Updating Mesh | Copying Mesh to device
Fra:1 Mem:16.45M (Peak 16.45M) | Time:00:00.00 | Mem:0.00M, Peak:0.00M | Scene, ViewLayer | Updating Objects Flags
Fra:1 Mem:16.45M (Peak 16.45M) | Time:00:00.00 | Mem:0.00M, Peak:0.00M | Scene, ViewLayer | Updating Primitive Offsets
Fra:1 Mem:16.45M (Peak 16.45M) | Time:00:00.00 | Mem:0.00M, Peak:0.00M | Scene, ViewLayer | Updating Images
Fra:1 Mem:16.45M (Peak 16.45M) | Time:00:00.00 | Mem:0.00M, Peak:0.00M | Scene, ViewLayer | Updating Images | Loading sky_nishita
Fra:1 Mem:17.46M (Peak 17.46M) | Time:00:00.44 | Mem:1.00M, Peak:1.00M | Scene, ViewLayer | Updating Camera Volume
Fra:1 Mem:17.46M (Peak 17.46M) | Time:00:00.44 | Mem:1.00M, Peak:1.00M | Scene, ViewLayer | Updating Lookup Tables
Fra:1 Mem:17.46M (Peak 17.46M) | Time:00:00.44 | Mem:1.08M, Peak:1.08M | Scene, ViewLayer | Updating Lights
Fra:1 Mem:17.46M (Peak 17.46M) | Time:00:00.44 | Mem:1.08M, Peak:1.08M | Scene, ViewLayer | Updating Lights | Importance map
Fra:1 Mem:81.49M (Peak 369.46M) | Time:00:03.51 | Mem:65.13M, Peak:225.10M | Scene, ViewLayer | Updating Lights | Computing tree
Fra:1 Mem:81.49M (Peak 369.46M) | Time:00:03.51 | Mem:65.13M, Peak:225.10M | Scene, ViewLayer | Updating Integrator
Fra:1 Mem:81.49M (Peak 369.46M) | Time:00:03.51 | Mem:65.13M, Peak:225.10M | Scene, ViewLayer | Updating Film
Fra:1 Mem:81.50M (Peak 369.46M) | Time:00:03.51 | Mem:65.05M, Peak:225.10M | Scene, ViewLayer | Updating Lookup Tables
Fra:1 Mem:81.50M (Peak 369.46M) | Time:00:03.51 | Mem:65.13M, Peak:225.10M | Scene, ViewLayer | Updating Baking
Fra:1 Mem:81.50M (Peak 369.46M) | Time:00:03.51 | Mem:65.13M, Peak:225.10M | Scene, ViewLayer | Updating Device | Writing constant memory
Fra:1 Mem:81.50M (Peak 369.46M) | Time:00:03.51 | Mem:65.13M, Peak:225.10M | Scene, ViewLayer | Sample 0/256
Fra:1 Mem:146.51M (Peak 369.46M) | Time:00:04.18 | Remaining:02:49.24 | Mem:130.13M, Peak:225.10M | Scene, ViewLayer | Sample 1/256
Fra:1 Mem:146.51M (Peak 369.46M) | Time:00:23.72 | Remaining:02:21.43 | Mem:130.13M, Peak:225.10M | Scene, ViewLayer | Sample 32/256
Fra:1 Mem:186.52M (Peak 369.46M) | Time:00:23.93 | Remaining:02:22.89 | Mem:130.13M, Peak:225.10M | Scene, ViewLayer | Sample 0/256
Fra:1 Mem:186.52M (Peak 369.46M) | Time:00:23.93 | Remaining:02:22.89 | Mem:130.13M, Peak:225.10M | Scene, ViewLayer | Finished
Saved: 'C:\Users\usman_pyywgw5\Downloads\fyp\out\sim\tmp\s000008\rgb_bg.exr'
Time: 00:24.27 (Saving: 00:00.34)

    rgb background 1280x1024: 26.8s
Fra:1 Mem:147.29M (Peak 147.29M) | Time:00:00.00 | Mem:130.13M, Peak:130.13M | Scene, ViewLayer | Synchronizing object | ground
Fra:1 Mem:147.29M (Peak 147.29M) | Time:00:00.00 | Mem:130.13M, Peak:130.13M | Scene, ViewLayer | Synchronizing object | neg0
Fra:1 Mem:147.32M (Peak 147.32M) | Time:00:00.00 | Mem:130.13M, Peak:130.13M | Scene, ViewLayer | Synchronizing object | KAL
Fra:1 Mem:147.54M (Peak 147.54M) | Time:00:00.00 | Mem:130.13M, Peak:130.13M | Scene, ViewLayer | Initializing
Fra:1 Mem:147.53M (Peak 147.54M) | Time:00:00.00 | Mem:130.13M, Peak:130.13M | Scene, ViewLayer | Updating Images | Loading decal_atlas.png
Fra:1 Mem:163.53M (Peak 195.54M) | Time:00:00.18 | Mem:146.13M, Peak:146.13M | Scene, ViewLayer | Waiting for render to start
Fra:1 Mem:163.53M (Peak 195.54M) | Time:00:00.19 | Mem:146.13M, Peak:146.13M | Scene, ViewLayer | Loading render kernels (may take a few minutes the first time)
Fra:1 Mem:163.53M (Peak 195.54M) | Time:00:00.19 | Mem:146.13M, Peak:146.13M | Scene, ViewLayer | Updating Scene
Fra:1 Mem:163.53M (Peak 195.54M) | Time:00:00.19 | Mem:146.13M, Peak:146.13M | Scene, ViewLayer | Updating Shaders
Fra:1 Mem:163.54M (Peak 195.54M) | Time:00:00.19 | Mem:146.14M, Peak:146.14M | Scene, ViewLayer | Updating Procedurals
Fra:1 Mem:163.54M (Peak 195.54M) | Time:00:00.19 | Mem:146.14M, Peak:146.14M | Scene, ViewLayer | Updating Background
Fra:1 Mem:163.54M (Peak 195.54M) | Time:00:00.19 | Mem:146.14M, Peak:146.14M | Scene, ViewLayer | Updating Camera
Fra:1 Mem:163.54M (Peak 195.54M) | Time:00:00.19 | Mem:146.06M, Peak:146.14M | Scene, ViewLayer | Updating Meshes Flags
Fra:1 Mem:163.54M (Peak 195.54M) | Time:00:00.19 | Mem:146.06M, Peak:146.14M | Scene, ViewLayer | Updating Objects
Fra:1 Mem:163.54M (Peak 195.54M) | Time:00:00.19 | Mem:146.06M, Peak:146.14M | Scene, ViewLayer | Updating Objects | Copying Transformations to device
Fra:1 Mem:163.55M (Peak 195.54M) | Time:00:00.19 | Mem:146.06M, Peak:146.14M | Scene, ViewLayer | Updating Objects | Applying Static Transformations
Fra:1 Mem:163.55M (Peak 195.54M) | Time:00:00.19 | Mem:146.06M, Peak:146.14M | Scene, ViewLayer | Updating Particle Systems
Fra:1 Mem:163.55M (Peak 195.54M) | Time:00:00.19 | Mem:146.06M, Peak:146.14M | Scene, ViewLayer | Updating Meshes
Fra:1 Mem:163.59M (Peak 195.54M) | Time:00:00.19 | Mem:146.06M, Peak:146.14M | Scene, ViewLayer | Updating Mesh | Computing attributes
Fra:1 Mem:163.67M (Peak 195.54M) | Time:00:00.19 | Mem:146.06M, Peak:146.14M | Scene, ViewLayer | Updating Mesh | Copying Attributes to device
Fra:1 Mem:163.67M (Peak 195.54M) | Time:00:00.19 | Mem:146.14M, Peak:146.14M | Scene, ViewLayer | Updating Geometry BVH neg0 2/2 | Building BVH
Fra:1 Mem:163.67M (Peak 195.54M) | Time:00:00.19 | Mem:146.14M, Peak:146.14M | Scene, ViewLayer | Updating Geometry BVH KAL 1/2 | Building BVH
Fra:1 Mem:163.67M (Peak 195.54M) | Time:00:00.19 | Mem:146.23M, Peak:146.23M | Scene, ViewLayer | Updating Geometry BVH KAL 1/2 | Building BVH 0%
Fra:1 Mem:163.67M (Peak 195.54M) | Time:00:00.19 | Mem:146.33M, Peak:146.40M | Scene, ViewLayer | Updating Scene BVH | Building
Fra:1 Mem:163.67M (Peak 195.54M) | Time:00:00.19 | Mem:146.33M, Peak:146.40M | Scene, ViewLayer | Updating Scene BVH | Building BVH
Fra:1 Mem:163.67M (Peak 195.54M) | Time:00:00.19 | Mem:146.33M, Peak:146.40M | Scene, ViewLayer | Updating Scene BVH | Copying BVH to device
Fra:1 Mem:163.67M (Peak 195.54M) | Time:00:00.19 | Mem:146.33M, Peak:146.40M | Scene, ViewLayer | Updating Mesh | Computing normals
Fra:1 Mem:163.79M (Peak 195.54M) | Time:00:00.19 | Mem:146.33M, Peak:146.40M | Scene, ViewLayer | Updating Mesh | Copying Mesh to device
Fra:1 Mem:163.79M (Peak 195.54M) | Time:00:00.19 | Mem:146.45M, Peak:146.45M | Scene, ViewLayer | Updating Objects Flags
Fra:1 Mem:163.79M (Peak 195.54M) | Time:00:00.19 | Mem:146.45M, Peak:146.45M | Scene, ViewLayer | Updating Primitive Offsets
Fra:1 Mem:163.79M (Peak 195.54M) | Time:00:00.19 | Mem:146.45M, Peak:146.45M | Scene, ViewLayer | Updating Images
Fra:1 Mem:163.79M (Peak 195.54M) | Time:00:00.19 | Mem:146.45M, Peak:146.45M | Scene, ViewLayer | Updating Camera Volume
Fra:1 Mem:163.79M (Peak 195.54M) | Time:00:00.19 | Mem:146.45M, Peak:146.45M | Scene, ViewLayer | Updating Lookup Tables
Fra:1 Mem:163.79M (Peak 195.54M) | Time:00:00.19 | Mem:146.54M, Peak:146.54M | Scene, ViewLayer | Updating Lights
Fra:1 Mem:163.79M (Peak 195.54M) | Time:00:00.19 | Mem:146.53M, Peak:146.54M | Scene, ViewLayer | Updating Lights | Computing tree
Fra:1 Mem:163.79M (Peak 195.54M) | Time:00:00.19 | Mem:146.54M, Peak:146.54M | Scene, ViewLayer | Updating Integrator
Fra:1 Mem:163.79M (Peak 195.54M) | Time:00:00.19 | Mem:146.54M, Peak:146.54M | Scene, ViewLayer | Updating Film
Fra:1 Mem:163.79M (Peak 195.54M) | Time:00:00.19 | Mem:146.54M, Peak:146.54M | Scene, ViewLayer | Updating Lookup Tables
Fra:1 Mem:163.79M (Peak 195.54M) | Time:00:00.19 | Mem:146.54M, Peak:146.54M | Scene, ViewLayer | Updating Baking
Fra:1 Mem:163.79M (Peak 195.54M) | Time:00:00.19 | Mem:146.54M, Peak:146.54M | Scene, ViewLayer | Updating Device | Writing constant memory
Fra:1 Mem:163.79M (Peak 195.54M) | Time:00:00.19 | Mem:146.54M, Peak:146.54M | Scene, ViewLayer | Sample 0/256
Fra:1 Mem:98.96M (Peak 195.54M) | Time:00:00.21 | Remaining:00:05.01 | Mem:81.71M, Peak:146.54M | Scene, ViewLayer | Sample 1/256
Fra:1 Mem:98.96M (Peak 195.54M) | Time:00:00.30 | Remaining:00:00.74 | Mem:81.71M, Peak:146.54M | Scene, ViewLayer | Sample 32/256
Fra:1 Mem:99.08M (Peak 195.54M) | Time:00:00.31 | Remaining:00:00.80 | Mem:81.71M, Peak:146.54M | Scene, ViewLayer | Sample 0/256
Fra:1 Mem:99.08M (Peak 195.54M) | Time:00:00.31 | Remaining:00:00.80 | Mem:81.71M, Peak:146.54M | Scene, ViewLayer | Finished
Saved: 'C:\Users\usman_pyywgw5\Downloads\fyp\out\sim\tmp\s000008\rgb_target.exr'
Time: 00:00.32 (Saving: 00:00.00)

    rgb target  crop 33x27 px @2x: 0.4s
Fra:1 Mem:98.97M (Peak 98.97M) | Time:00:00.00 | Mem:81.71M, Peak:81.71M | Scene, ViewLayer | Synchronizing object | ground
Fra:1 Mem:98.97M (Peak 98.97M) | Time:00:00.00 | Mem:81.71M, Peak:81.71M | Scene, ViewLayer | Initializing
Fra:1 Mem:98.96M (Peak 98.97M) | Time:00:00.00 | Mem:81.71M, Peak:81.71M | Scene, ViewLayer | Waiting for render to start
Fra:1 Mem:98.96M (Peak 98.97M) | Time:00:00.00 | Mem:81.71M, Peak:81.71M | Scene, ViewLayer | Updating Scene
Fra:1 Mem:98.96M (Peak 98.97M) | Time:00:00.00 | Mem:81.71M, Peak:81.71M | Scene, ViewLayer | Updating Shaders
Fra:1 Mem:98.96M (Peak 98.97M) | Time:00:00.00 | Mem:81.71M, Peak:81.71M | Scene, ViewLayer | Updating Background
Fra:1 Mem:98.96M (Peak 98.97M) | Time:00:00.00 | Mem:81.71M, Peak:81.71M | Scene, ViewLayer | Updating Camera
Fra:1 Mem:98.96M (Peak 98.97M) | Time:00:00.00 | Mem:81.71M, Peak:81.71M | Scene, ViewLayer | Updating Meshes Flags
Fra:1 Mem:98.96M (Peak 98.97M) | Time:00:00.00 | Mem:81.71M, Peak:81.71M | Scene, ViewLayer | Updating Objects
Fra:1 Mem:98.96M (Peak 98.97M) | Time:00:00.00 | Mem:81.71M, Peak:81.71M | Scene, ViewLayer | Updating Objects | Copying Transformations to device
Fra:1 Mem:98.96M (Peak 98.97M) | Time:00:00.00 | Mem:81.71M, Peak:81.71M | Scene, ViewLayer | Updating Objects | Applying Static Transformations
Fra:1 Mem:98.96M (Peak 98.97M) | Time:00:00.00 | Mem:81.71M, Peak:81.71M | Scene, ViewLayer | Updating Particle Systems
Fra:1 Mem:98.96M (Peak 98.97M) | Time:00:00.00 | Mem:81.71M, Peak:81.71M | Scene, ViewLayer | Updating Meshes
Fra:1 Mem:98.77M (Peak 98.97M) | Time:00:00.00 | Mem:81.51M, Peak:81.71M | Scene, ViewLayer | Updating Mesh | Computing attributes
Fra:1 Mem:98.85M (Peak 98.97M) | Time:00:00.00 | Mem:81.51M, Peak:81.71M | Scene, ViewLayer | Updating Mesh | Copying Attributes to device
Fra:1 Mem:98.85M (Peak 98.97M) | Time:00:00.00 | Mem:81.59M, Peak:81.71M | Scene, ViewLayer | Updating Scene BVH | Building
Fra:1 Mem:98.85M (Peak 98.97M) | Time:00:00.00 | Mem:81.59M, Peak:81.71M | Scene, ViewLayer | Updating Scene BVH | Building BVH
Fra:1 Mem:98.85M (Peak 98.97M) | Time:00:00.00 | Mem:81.59M, Peak:81.71M | Scene, ViewLayer | Updating Scene BVH | Copying BVH to device
Fra:1 Mem:98.85M (Peak 98.97M) | Time:00:00.00 | Mem:81.59M, Peak:81.71M | Scene, ViewLayer | Updating Mesh | Computing normals
Fra:1 Mem:98.96M (Peak 98.97M) | Time:00:00.00 | Mem:81.59M, Peak:81.71M | Scene, ViewLayer | Updating Mesh | Copying Mesh to device
Fra:1 Mem:98.96M (Peak 98.97M) | Time:00:00.00 | Mem:81.71M, Peak:81.71M | Scene, ViewLayer | Updating Objects Flags
Fra:1 Mem:98.96M (Peak 98.97M) | Time:00:00.00 | Mem:81.71M, Peak:81.71M | Scene, ViewLayer | Updating Primitive Offsets
Fra:1 Mem:98.96M (Peak 98.97M) | Time:00:00.00 | Mem:81.71M, Peak:81.71M | Scene, ViewLayer | Updating Images
Fra:1 Mem:98.96M (Peak 98.97M) | Time:00:00.00 | Mem:81.71M, Peak:81.71M | Scene, ViewLayer | Updating Camera Volume
Fra:1 Mem:98.96M (Peak 98.97M) | Time:00:00.00 | Mem:81.71M, Peak:81.71M | Scene, ViewLayer | Updating Lookup Tables
Fra:1 Mem:98.96M (Peak 98.97M) | Time:00:00.00 | Mem:81.71M, Peak:81.71M | Scene, ViewLayer | Updating Lights
Fra:1 Mem:98.96M (Peak 98.97M) | Time:00:00.00 | Mem:81.71M, Peak:81.71M | Scene, ViewLayer | Updating Lights | Computing tree
Fra:1 Mem:98.96M (Peak 98.97M) | Time:00:00.00 | Mem:81.71M, Peak:81.71M | Scene, ViewLayer | Updating Integrator
Fra:1 Mem:98.96M (Peak 98.97M) | Time:00:00.00 | Mem:81.71M, Peak:81.71M | Scene, ViewLayer | Updating Film
Fra:1 Mem:98.96M (Peak 98.97M) | Time:00:00.00 | Mem:81.71M, Peak:81.71M | Scene, ViewLayer | Updating Lookup Tables
Fra:1 Mem:98.96M (Peak 98.97M) | Time:00:00.00 | Mem:81.71M, Peak:81.71M | Scene, ViewLayer | Updating Baking
Fra:1 Mem:98.96M (Peak 98.97M) | Time:00:00.00 | Mem:81.71M, Peak:81.71M | Scene, ViewLayer | Updating Device | Writing constant memory
Fra:1 Mem:98.96M (Peak 98.97M) | Time:00:00.00 | Mem:81.71M, Peak:81.71M | Scene, ViewLayer | Sample 0/256
Fra:1 Mem:99.03M (Peak 99.03M) | Time:00:00.01 | Remaining:00:01.93 | Mem:81.78M, Peak:81.78M | Scene, ViewLayer | Sample 1/256
Fra:1 Mem:99.03M (Peak 99.03M) | Time:00:00.12 | Remaining:00:00.80 | Mem:81.78M, Peak:81.78M | Scene, ViewLayer | Sample 32/256
Fra:1 Mem:99.18M (Peak 99.18M) | Time:00:00.12 | Remaining:00:00.80 | Mem:81.78M, Peak:81.78M | Scene, ViewLayer | Sample 0/256
Fra:1 Mem:99.18M (Peak 99.18M) | Time:00:00.12 | Remaining:00:00.80 | Mem:81.78M, Peak:81.78M | Scene, ViewLayer | Finished
Saved: 'C:\Users\usman_pyywgw5\Downloads\fyp\out\sim\tmp\s000008\rgb_neg0.exr'
Time: 00:00.13 (Saving: 00:00.00)

    rgb neg0    crop 18x17 px @4x: 0.2s
Fra:1 Mem:98.28M (Peak 98.99M) | Time:00:00.00 | Mem:81.78M, Peak:81.78M | Scene, ViewLayer | Synchronizing object | ground
Fra:1 Mem:98.28M (Peak 98.99M) | Time:00:00.00 | Mem:81.78M, Peak:81.78M | Scene, ViewLayer | Initializing
Fra:1 Mem:98.04M (Peak 98.99M) | Time:00:00.00 | Mem:81.78M, Peak:81.78M | Scene, ViewLayer | Updating Images | Loading lwir_sky_lut
Fra:1 Mem:98.07M (Peak 98.99M) | Time:00:00.00 | Mem:81.81M, Peak:81.81M | Scene, ViewLayer | Waiting for render to start
Fra:1 Mem:98.07M (Peak 98.99M) | Time:00:00.00 | Mem:81.81M, Peak:81.81M | Scene, ViewLayer | Loading render kernels (may take a few minutes the first time)
Fra:1 Mem:98.07M (Peak 98.99M) | Time:00:00.00 | Mem:81.81M, Peak:81.81M | Scene, ViewLayer | Updating Scene
Fra:1 Mem:98.07M (Peak 98.99M) | Time:00:00.00 | Mem:81.81M, Peak:81.81M | Scene, ViewLayer | Updating Shaders
Fra:1 Mem:98.06M (Peak 98.99M) | Time:00:00.00 | Mem:81.80M, Peak:81.81M | Scene, ViewLayer | Updating Background
Fra:1 Mem:98.06M (Peak 98.99M) | Time:00:00.00 | Mem:81.80M, Peak:81.81M | Scene, ViewLayer | Updating Camera
Fra:1 Mem:98.06M (Peak 98.99M) | Time:00:00.00 | Mem:81.80M, Peak:81.81M | Scene, ViewLayer | Updating Meshes Flags
Fra:1 Mem:98.06M (Peak 98.99M) | Time:00:00.00 | Mem:81.61M, Peak:81.81M | Scene, ViewLayer | Updating Objects
Fra:1 Mem:98.06M (Peak 98.99M) | Time:00:00.00 | Mem:81.61M, Peak:81.81M | Scene, ViewLayer | Updating Objects | Copying Transformations to device
Fra:1 Mem:98.06M (Peak 98.99M) | Time:00:00.00 | Mem:81.61M, Peak:81.81M | Scene, ViewLayer | Updating Objects | Applying Static Transformations
Fra:1 Mem:98.06M (Peak 98.99M) | Time:00:00.00 | Mem:81.61M, Peak:81.81M | Scene, ViewLayer | Updating Particle Systems
Fra:1 Mem:98.06M (Peak 98.99M) | Time:00:00.00 | Mem:81.61M, Peak:81.81M | Scene, ViewLayer | Updating Meshes
Fra:1 Mem:97.86M (Peak 98.99M) | Time:00:00.00 | Mem:81.41M, Peak:81.81M | Scene, ViewLayer | Updating Mesh | Computing attributes
Fra:1 Mem:97.86M (Peak 98.99M) | Time:00:00.00 | Mem:81.41M, Peak:81.81M | Scene, ViewLayer | Updating Mesh | Copying Attributes to device
Fra:1 Mem:97.86M (Peak 98.99M) | Time:00:00.00 | Mem:81.41M, Peak:81.81M | Scene, ViewLayer | Updating Scene BVH | Building
Fra:1 Mem:97.86M (Peak 98.99M) | Time:00:00.00 | Mem:81.41M, Peak:81.81M | Scene, ViewLayer | Updating Scene BVH | Building BVH
Fra:1 Mem:97.86M (Peak 98.99M) | Time:00:00.00 | Mem:81.41M, Peak:81.81M | Scene, ViewLayer | Updating Scene BVH | Building BVH 0%
Fra:1 Mem:97.86M (Peak 98.99M) | Time:00:00.00 | Mem:81.41M, Peak:81.81M | Scene, ViewLayer | Updating Scene BVH | Copying BVH to device
Fra:1 Mem:97.86M (Peak 98.99M) | Time:00:00.00 | Mem:81.41M, Peak:81.81M | Scene, ViewLayer | Updating Mesh | Computing normals
Fra:1 Mem:97.86M (Peak 98.99M) | Time:00:00.00 | Mem:81.41M, Peak:81.81M | Scene, ViewLayer | Updating Mesh | Copying Mesh to device
Fra:1 Mem:97.86M (Peak 98.99M) | Time:00:00.00 | Mem:81.41M, Peak:81.81M | Scene, ViewLayer | Updating Objects Flags
Fra:1 Mem:97.86M (Peak 98.99M) | Time:00:00.00 | Mem:81.41M, Peak:81.81M | Scene, ViewLayer | Updating Primitive Offsets
Fra:1 Mem:97.86M (Peak 98.99M) | Time:00:00.00 | Mem:81.41M, Peak:81.81M | Scene, ViewLayer | Updating Images
Fra:1 Mem:96.86M (Peak 98.99M) | Time:00:00.00 | Mem:80.41M, Peak:81.81M | Scene, ViewLayer | Updating Camera Volume
Fra:1 Mem:96.86M (Peak 98.99M) | Time:00:00.00 | Mem:80.41M, Peak:81.81M | Scene, ViewLayer | Updating Lookup Tables
Fra:1 Mem:96.86M (Peak 98.99M) | Time:00:00.00 | Mem:80.41M, Peak:81.81M | Scene, ViewLayer | Updating Lights
Fra:1 Mem:32.83M (Peak 98.99M) | Time:00:00.02 | Mem:16.38M, Peak:81.81M | Scene, ViewLayer | Updating Lights | Importance map
Fra:1 Mem:96.86M (Peak 384.83M) | Time:00:02.06 | Mem:80.41M, Peak:240.38M | Scene, ViewLayer | Updating Lights | Computing tree
Fra:1 Mem:96.86M (Peak 384.83M) | Time:00:02.06 | Mem:80.41M, Peak:240.38M | Scene, ViewLayer | Updating Integrator
Fra:1 Mem:96.86M (Peak 384.83M) | Time:00:02.06 | Mem:80.41M, Peak:240.38M | Scene, ViewLayer | Updating Film
Fra:1 Mem:96.86M (Peak 384.83M) | Time:00:02.06 | Mem:80.32M, Peak:240.38M | Scene, ViewLayer | Updating Lookup Tables
Fra:1 Mem:96.86M (Peak 384.83M) | Time:00:02.06 | Mem:80.41M, Peak:240.38M | Scene, ViewLayer | Updating Baking
Fra:1 Mem:96.86M (Peak 384.83M) | Time:00:02.06 | Mem:80.41M, Peak:240.38M | Scene, ViewLayer | Updating Device | Writing constant memory
Fra:1 Mem:96.86M (Peak 384.83M) | Time:00:02.06 | Mem:80.41M, Peak:240.38M | Scene, ViewLayer | Sample 0/4
Fra:1 Mem:161.62M (Peak 384.83M) | Time:00:02.55 | Remaining:00:01.49 | Mem:145.16M, Peak:240.38M | Scene, ViewLayer | Sample 1/4
Fra:1 Mem:201.62M (Peak 384.83M) | Time:00:04.21 | Mem:145.16M, Peak:240.38M | Scene, ViewLayer | Sample 4/4
Fra:1 Mem:201.62M (Peak 384.83M) | Time:00:04.21 | Mem:145.16M, Peak:240.38M | Scene, ViewLayer | Finished
Saved: 'C:\Users\usman_pyywgw5\Downloads\fyp\out\sim\tmp\s000008\lwir_bg.exr'
Time: 00:04.44 (Saving: 00:00.22)

    lwir background 1280x1024: 5.9s
Fra:1 Mem:162.39M (Peak 162.39M) | Time:00:00.00 | Mem:145.16M, Peak:145.16M | Scene, ViewLayer | Synchronizing object | ground
Fra:1 Mem:162.39M (Peak 162.39M) | Time:00:00.00 | Mem:145.16M, Peak:145.16M | Scene, ViewLayer | Synchronizing object | neg0
Fra:1 Mem:162.40M (Peak 162.40M) | Time:00:00.00 | Mem:145.16M, Peak:145.16M | Scene, ViewLayer | Synchronizing object | KAL
Fra:1 Mem:162.50M (Peak 162.50M) | Time:00:00.00 | Mem:145.16M, Peak:145.16M | Scene, ViewLayer | Initializing
Fra:1 Mem:162.50M (Peak 162.50M) | Time:00:00.00 | Mem:145.16M, Peak:145.16M | Scene, ViewLayer | Waiting for render to start
Fra:1 Mem:162.50M (Peak 162.50M) | Time:00:00.00 | Mem:145.16M, Peak:145.16M | Scene, ViewLayer | Loading render kernels (may take a few minutes the first time)
Fra:1 Mem:162.50M (Peak 162.50M) | Time:00:00.00 | Mem:145.16M, Peak:145.16M | Scene, ViewLayer | Updating Scene
Fra:1 Mem:162.50M (Peak 162.50M) | Time:00:00.00 | Mem:145.16M, Peak:145.16M | Scene, ViewLayer | Updating Shaders
Fra:1 Mem:162.50M (Peak 162.50M) | Time:00:00.01 | Mem:145.17M, Peak:145.17M | Scene, ViewLayer | Updating Background
Fra:1 Mem:162.50M (Peak 162.50M) | Time:00:00.01 | Mem:145.17M, Peak:145.17M | Scene, ViewLayer | Updating Camera
Fra:1 Mem:162.50M (Peak 162.50M) | Time:00:00.01 | Mem:145.08M, Peak:145.17M | Scene, ViewLayer | Updating Meshes Flags
Fra:1 Mem:162.50M (Peak 162.50M) | Time:00:00.01 | Mem:145.08M, Peak:145.17M | Scene, ViewLayer | Updating Objects
Fra:1 Mem:162.50M (Peak 162.50M) | Time:00:00.01 | Mem:145.08M, Peak:145.17M | Scene, ViewLayer | Updating Objects | Copying Transformations to device
Fra:1 Mem:162.50M (Peak 162.50M) | Time:00:00.01 | Mem:145.08M, Peak:145.17M | Scene, ViewLayer | Updating Objects | Applying Static Transformations
Fra:1 Mem:162.50M (Peak 162.50M) | Time:00:00.01 | Mem:145.08M, Peak:145.17M | Scene, ViewLayer | Updating Particle Systems
Fra:1 Mem:162.50M (Peak 162.50M) | Time:00:00.01 | Mem:145.08M, Peak:145.17M | Scene, ViewLayer | Updating Meshes
Fra:1 Mem:162.55M (Peak 162.55M) | Time:00:00.01 | Mem:145.08M, Peak:145.17M | Scene, ViewLayer | Updating Mesh | Computing attributes
Fra:1 Mem:162.55M (Peak 162.55M) | Time:00:00.01 | Mem:145.08M, Peak:145.17M | Scene, ViewLayer | Updating Mesh | Copying Attributes to device
Fra:1 Mem:162.55M (Peak 162.55M) | Time:00:00.01 | Mem:145.08M, Peak:145.17M | Scene, ViewLayer | Updating Geometry BVH neg0 2/2 | Building BVH
Fra:1 Mem:162.55M (Peak 162.55M) | Time:00:00.01 | Mem:145.10M, Peak:145.17M | Scene, ViewLayer | Updating Geometry BVH neg0 2/2 | Building BVH 0%
Fra:1 Mem:162.55M (Peak 162.55M) | Time:00:00.01 | Mem:145.11M, Peak:145.17M | Scene, ViewLayer | Updating Geometry BVH KAL 1/2 | Building BVH
Fra:1 Mem:162.55M (Peak 162.55M) | Time:00:00.01 | Mem:145.28M, Peak:145.35M | Scene, ViewLayer | Updating Scene BVH | Building
Fra:1 Mem:162.55M (Peak 162.55M) | Time:00:00.01 | Mem:145.28M, Peak:145.35M | Scene, ViewLayer | Updating Scene BVH | Building BVH
Fra:1 Mem:162.55M (Peak 162.55M) | Time:00:00.01 | Mem:145.28M, Peak:145.35M | Scene, ViewLayer | Updating Scene BVH | Copying BVH to device
Fra:1 Mem:162.55M (Peak 162.55M) | Time:00:00.01 | Mem:145.28M, Peak:145.35M | Scene, ViewLayer | Updating Mesh | Computing normals
Fra:1 Mem:162.66M (Peak 162.66M) | Time:00:00.01 | Mem:145.28M, Peak:145.35M | Scene, ViewLayer | Updating Mesh | Copying Mesh to device
Fra:1 Mem:162.66M (Peak 162.66M) | Time:00:00.01 | Mem:145.40M, Peak:145.40M | Scene, ViewLayer | Updating Objects Flags
Fra:1 Mem:162.66M (Peak 162.66M) | Time:00:00.01 | Mem:145.40M, Peak:145.40M | Scene, ViewLayer | Updating Primitive Offsets
Fra:1 Mem:162.66M (Peak 162.66M) | Time:00:00.01 | Mem:145.40M, Peak:145.40M | Scene, ViewLayer | Updating Images
Fra:1 Mem:162.66M (Peak 162.66M) | Time:00:00.01 | Mem:145.40M, Peak:145.40M | Scene, ViewLayer | Updating Camera Volume
Fra:1 Mem:162.66M (Peak 162.66M) | Time:00:00.01 | Mem:145.40M, Peak:145.40M | Scene, ViewLayer | Updating Lookup Tables
Fra:1 Mem:162.66M (Peak 162.66M) | Time:00:00.01 | Mem:145.48M, Peak:145.48M | Scene, ViewLayer | Updating Lights
Fra:1 Mem:162.66M (Peak 162.66M) | Time:00:00.01 | Mem:145.48M, Peak:145.48M | Scene, ViewLayer | Updating Lights | Computing tree
Fra:1 Mem:163.11M (Peak 163.11M) | Time:00:00.04 | Mem:145.93M, Peak:145.93M | Scene, ViewLayer | Updating Integrator
Fra:1 Mem:163.11M (Peak 163.11M) | Time:00:00.04 | Mem:145.93M, Peak:145.93M | Scene, ViewLayer | Updating Film
Fra:1 Mem:163.11M (Peak 163.11M) | Time:00:00.04 | Mem:145.93M, Peak:145.93M | Scene, ViewLayer | Updating Lookup Tables
Fra:1 Mem:163.11M (Peak 163.11M) | Time:00:00.04 | Mem:145.93M, Peak:145.93M | Scene, ViewLayer | Updating Baking
Fra:1 Mem:163.11M (Peak 163.11M) | Time:00:00.04 | Mem:145.93M, Peak:145.93M | Scene, ViewLayer | Updating Device | Writing constant memory
Fra:1 Mem:163.11M (Peak 163.11M) | Time:00:00.04 | Mem:145.93M, Peak:145.93M | Scene, ViewLayer | Sample 0/256
Fra:1 Mem:98.29M (Peak 163.11M) | Time:00:00.05 | Remaining:00:02.95 | Mem:81.10M, Peak:145.93M | Scene, ViewLayer | Sample 1/256
Fra:1 Mem:98.29M (Peak 163.11M) | Time:00:00.11 | Remaining:00:00.48 | Mem:81.10M, Peak:145.93M | Scene, ViewLayer | Sample 32/256
Fra:1 Mem:98.29M (Peak 163.11M) | Time:00:00.12 | Remaining:00:00.32 | Mem:81.10M, Peak:145.93M | Scene, ViewLayer | Sample 48/256
Fra:1 Mem:98.29M (Peak 163.11M) | Time:00:00.13 | Remaining:00:00.27 | Mem:81.10M, Peak:145.93M | Scene, ViewLayer | Sample 64/256
Fra:1 Mem:98.29M (Peak 163.11M) | Time:00:00.14 | Remaining:00:00.22 | Mem:81.10M, Peak:145.93M | Scene, ViewLayer | Sample 80/256
Fra:1 Mem:98.29M (Peak 163.11M) | Time:00:00.15 | Remaining:00:00.17 | Mem:81.10M, Peak:145.93M | Scene, ViewLayer | Sample 96/256
Fra:1 Mem:98.29M (Peak 163.11M) | Time:00:00.16 | Remaining:00:00.15 | Mem:81.10M, Peak:145.93M | Scene, ViewLayer | Sample 112/256
Fra:1 Mem:98.29M (Peak 163.11M) | Time:00:00.17 | Remaining:00:00.12 | Mem:81.10M, Peak:145.93M | Scene, ViewLayer | Sample 128/256
Fra:1 Mem:98.29M (Peak 163.11M) | Time:00:00.18 | Remaining:00:00.10 | Mem:81.10M, Peak:145.93M | Scene, ViewLayer | Sample 144/256
Fra:1 Mem:98.29M (Peak 163.11M) | Time:00:00.20 | Remaining:00:00.09 | Mem:81.10M, Peak:145.93M | Scene, ViewLayer | Sample 160/256
Fra:1 Mem:98.29M (Peak 163.11M) | Time:00:00.21 | Remaining:00:00.07 | Mem:81.10M, Peak:145.93M | Scene, ViewLayer | Sample 176/256
Fra:1 Mem:98.29M (Peak 163.11M) | Time:00:00.23 | Remaining:00:00.06 | Mem:81.10M, Peak:145.93M | Scene, ViewLayer | Sample 192/256
Fra:1 Mem:98.29M (Peak 163.11M) | Time:00:00.23 | Remaining:00:00.04 | Mem:81.10M, Peak:145.93M | Scene, ViewLayer | Sample 208/256
Fra:1 Mem:98.29M (Peak 163.11M) | Time:00:00.24 | Remaining:00:00.02 | Mem:81.10M, Peak:145.93M | Scene, ViewLayer | Sample 224/256
Fra:1 Mem:98.29M (Peak 163.11M) | Time:00:00.25 | Remaining:00:00.01 | Mem:81.10M, Peak:145.93M | Scene, ViewLayer | Sample 240/256
Fra:1 Mem:98.40M (Peak 163.11M) | Time:00:00.26 | Mem:81.10M, Peak:145.93M | Scene, ViewLayer | Sample 256/256
Fra:1 Mem:98.40M (Peak 163.11M) | Time:00:00.26 | Mem:81.10M, Peak:145.93M | Scene, ViewLayer | Finished
Saved: 'C:\Users\usman_pyywgw5\Downloads\fyp\out\sim\tmp\s000008\lwir_target.exr'
Time: 00:00.26 (Saving: 00:00.00)

    lwir target  crop 33x27 px @2x: 0.3s
Fra:1 Mem:98.29M (Peak 98.29M) | Time:00:00.00 | Mem:81.10M, Peak:81.10M | Scene, ViewLayer | Synchronizing object | ground
Fra:1 Mem:98.29M (Peak 98.29M) | Time:00:00.00 | Mem:81.10M, Peak:81.10M | Scene, ViewLayer | Initializing
Fra:1 Mem:98.29M (Peak 98.29M) | Time:00:00.00 | Mem:81.10M, Peak:81.10M | Scene, ViewLayer | Waiting for render to start
Fra:1 Mem:98.29M (Peak 98.29M) | Time:00:00.00 | Mem:81.10M, Peak:81.10M | Scene, ViewLayer | Updating Scene
Fra:1 Mem:98.29M (Peak 98.29M) | Time:00:00.00 | Mem:81.10M, Peak:81.10M | Scene, ViewLayer | Updating Shaders
Fra:1 Mem:98.29M (Peak 98.29M) | Time:00:00.00 | Mem:81.10M, Peak:81.10M | Scene, ViewLayer | Updating Background
Fra:1 Mem:98.29M (Peak 98.29M) | Time:00:00.00 | Mem:81.10M, Peak:81.10M | Scene, ViewLayer | Updating Camera
Fra:1 Mem:98.29M (Peak 98.29M) | Time:00:00.00 | Mem:81.10M, Peak:81.10M | Scene, ViewLayer | Updating Meshes Flags
Fra:1 Mem:98.29M (Peak 98.29M) | Time:00:00.00 | Mem:81.10M, Peak:81.10M | Scene, ViewLayer | Updating Objects
Fra:1 Mem:98.29M (Peak 98.29M) | Time:00:00.00 | Mem:81.10M, Peak:81.10M | Scene, ViewLayer | Updating Objects | Copying Transformations to device
Fra:1 Mem:98.29M (Peak 98.29M) | Time:00:00.00 | Mem:81.10M, Peak:81.10M | Scene, ViewLayer | Updating Objects | Applying Static Transformations
Fra:1 Mem:98.29M (Peak 98.29M) | Time:00:00.00 | Mem:81.10M, Peak:81.10M | Scene, ViewLayer | Updating Particle Systems
Fra:1 Mem:98.29M (Peak 98.29M) | Time:00:00.00 | Mem:81.10M, Peak:81.10M | Scene, ViewLayer | Updating Meshes
Fra:1 Mem:98.17M (Peak 98.29M) | Time:00:00.00 | Mem:80.98M, Peak:81.10M | Scene, ViewLayer | Updating Mesh | Computing attributes
Fra:1 Mem:98.17M (Peak 98.29M) | Time:00:00.00 | Mem:80.98M, Peak:81.10M | Scene, ViewLayer | Updating Mesh | Copying Attributes to device
Fra:1 Mem:98.17M (Peak 98.29M) | Time:00:00.00 | Mem:80.98M, Peak:81.10M | Scene, ViewLayer | Updating Scene BVH | Building
Fra:1 Mem:98.17M (Peak 98.29M) | Time:00:00.00 | Mem:80.98M, Peak:81.10M | Scene, ViewLayer | Updating Scene BVH | Building BVH
Fra:1 Mem:98.17M (Peak 98.29M) | Time:00:00.00 | Mem:80.98M, Peak:81.10M | Scene, ViewLayer | Updating Scene BVH | Building BVH 0%
Fra:1 Mem:98.17M (Peak 98.29M) | Time:00:00.00 | Mem:80.99M, Peak:81.10M | Scene, ViewLayer | Updating Scene BVH | Copying BVH to device
Fra:1 Mem:98.17M (Peak 98.29M) | Time:00:00.00 | Mem:80.99M, Peak:81.10M | Scene, ViewLayer | Updating Mesh | Computing normals
Fra:1 Mem:98.29M (Peak 98.29M) | Time:00:00.00 | Mem:80.99M, Peak:81.10M | Scene, ViewLayer | Updating Mesh | Copying Mesh to device
Fra:1 Mem:98.29M (Peak 98.29M) | Time:00:00.00 | Mem:81.10M, Peak:81.10M | Scene, ViewLayer | Updating Objects Flags
Fra:1 Mem:98.29M (Peak 98.29M) | Time:00:00.00 | Mem:81.10M, Peak:81.10M | Scene, ViewLayer | Updating Primitive Offsets
Fra:1 Mem:98.29M (Peak 98.29M) | Time:00:00.00 | Mem:81.10M, Peak:81.10M | Scene, ViewLayer | Updating Images
Fra:1 Mem:98.29M (Peak 98.29M) | Time:00:00.00 | Mem:81.10M, Peak:81.10M | Scene, ViewLayer | Updating Camera Volume
Fra:1 Mem:98.29M (Peak 98.29M) | Time:00:00.00 | Mem:81.10M, Peak:81.10M | Scene, ViewLayer | Updating Lookup Tables
Fra:1 Mem:98.29M (Peak 98.29M) | Time:00:00.00 | Mem:81.10M, Peak:81.10M | Scene, ViewLayer | Updating Lights
Fra:1 Mem:97.84M (Peak 98.29M) | Time:00:00.00 | Mem:80.66M, Peak:81.10M | Scene, ViewLayer | Updating Lights | Computing tree
Fra:1 Mem:98.29M (Peak 98.29M) | Time:00:00.03 | Mem:81.10M, Peak:81.10M | Scene, ViewLayer | Updating Integrator
Fra:1 Mem:98.29M (Peak 98.29M) | Time:00:00.03 | Mem:81.10M, Peak:81.10M | Scene, ViewLayer | Updating Film
Fra:1 Mem:98.29M (Peak 98.29M) | Time:00:00.03 | Mem:81.10M, Peak:81.10M | Scene, ViewLayer | Updating Lookup Tables
Fra:1 Mem:98.29M (Peak 98.29M) | Time:00:00.03 | Mem:81.10M, Peak:81.10M | Scene, ViewLayer | Updating Baking
Fra:1 Mem:98.29M (Peak 98.29M) | Time:00:00.03 | Mem:81.10M, Peak:81.10M | Scene, ViewLayer | Updating Device | Writing constant memory
Fra:1 Mem:98.29M (Peak 98.29M) | Time:00:00.03 | Mem:81.10M, Peak:81.10M | Scene, ViewLayer | Sample 0/256
Fra:1 Mem:98.35M (Peak 98.35M) | Time:00:00.03 | Remaining:00:00.36 | Mem:81.17M, Peak:81.17M | Scene, ViewLayer | Sample 1/256
Fra:1 Mem:98.35M (Peak 98.35M) | Time:00:00.11 | Remaining:00:00.54 | Mem:81.17M, Peak:81.17M | Scene, ViewLayer | Sample 32/256
Fra:1 Mem:98.35M (Peak 98.35M) | Time:00:00.11 | Remaining:00:00.35 | Mem:81.17M, Peak:81.17M | Scene, ViewLayer | Sample 48/256
Fra:1 Mem:98.35M (Peak 98.35M) | Time:00:00.12 | Remaining:00:00.25 | Mem:81.17M, Peak:81.17M | Scene, ViewLayer | Sample 64/256
Fra:1 Mem:98.35M (Peak 98.35M) | Time:00:00.13 | Remaining:00:00.20 | Mem:81.17M, Peak:81.17M | Scene, ViewLayer | Sample 80/256
Fra:1 Mem:98.35M (Peak 98.35M) | Time:00:00.13 | Remaining:00:00.16 | Mem:81.17M, Peak:81.17M | Scene, ViewLayer | Sample 96/256
Fra:1 Mem:98.35M (Peak 98.35M) | Time:00:00.13 | Remaining:00:00.12 | Mem:81.17M, Peak:81.17M | Scene, ViewLayer | Sample 112/256
Fra:1 Mem:98.35M (Peak 98.35M) | Time:00:00.13 | Remaining:00:00.10 | Mem:81.17M, Peak:81.17M | Scene, ViewLayer | Sample 128/256
Fra:1 Mem:98.35M (Peak 98.35M) | Time:00:00.14 | Remaining:00:00.07 | Mem:81.17M, Peak:81.17M | Scene, ViewLayer | Sample 144/256
Fra:1 Mem:98.35M (Peak 98.35M) | Time:00:00.14 | Remaining:00:00.06 | Mem:81.17M, Peak:81.17M | Scene, ViewLayer | Sample 160/256
Fra:1 Mem:98.35M (Peak 98.35M) | Time:00:00.14 | Remaining:00:00.04 | Mem:81.17M, Peak:81.17M | Scene, ViewLayer | Sample 176/256
Fra:1 Mem:98.35M (Peak 98.35M) | Time:00:00.14 | Remaining:00:00.03 | Mem:81.17M, Peak:81.17M | Scene, ViewLayer | Sample 192/256
Fra:1 Mem:98.35M (Peak 98.35M) | Time:00:00.15 | Remaining:00:00.02 | Mem:81.17M, Peak:81.17M | Scene, ViewLayer | Sample 208/256
Fra:1 Mem:98.35M (Peak 98.35M) | Time:00:00.15 | Remaining:00:00.01 | Mem:81.17M, Peak:81.17M | Scene, ViewLayer | Sample 224/256
Fra:1 Mem:98.35M (Peak 98.35M) | Time:00:00.16 | Remaining:00:00.00 | Mem:81.17M, Peak:81.17M | Scene, ViewLayer | Sample 240/256
Fra:1 Mem:98.51M (Peak 98.51M) | Time:00:00.16 | Mem:81.17M, Peak:81.17M | Scene, ViewLayer | Sample 256/256
Fra:1 Mem:98.51M (Peak 98.51M) | Time:00:00.16 | Mem:81.17M, Peak:81.17M | Scene, ViewLayer | Finished
Saved: 'C:\Users\usman_pyywgw5\Downloads\fyp\out\sim\tmp\s000008\lwir_neg0.exr'
Time: 00:00.16 (Saving: 00:00.00)

    lwir neg0    crop 18x17 px @4x: 0.2s
Fra:1 Mem:97.61M (Peak 98.29M) | Time:00:00.00 | Mem:81.17M, Peak:81.17M | Scene, ViewLayer | Synchronizing object | ground
Fra:1 Mem:97.61M (Peak 98.29M) | Time:00:00.00 | Mem:81.17M, Peak:81.17M | Scene, ViewLayer | Initializing
Fra:1 Mem:97.45M (Peak 98.29M) | Time:00:00.00 | Mem:81.17M, Peak:81.17M | Scene, ViewLayer | Waiting for render to start
Fra:1 Mem:97.45M (Peak 98.29M) | Time:00:00.00 | Mem:81.17M, Peak:81.17M | Scene, ViewLayer | Loading render kernels (may take a few minutes the first time)
Fra:1 Mem:97.45M (Peak 98.29M) | Time:00:00.00 | Mem:81.17M, Peak:81.17M | Scene, ViewLayer | Updating Scene
Fra:1 Mem:97.45M (Peak 98.29M) | Time:00:00.00 | Mem:81.17M, Peak:81.17M | Scene, ViewLayer | Updating Shaders
Fra:1 Mem:97.45M (Peak 98.29M) | Time:00:00.00 | Mem:81.17M, Peak:81.17M | Scene, ViewLayer | Updating Background
Fra:1 Mem:97.45M (Peak 98.29M) | Time:00:00.00 | Mem:81.17M, Peak:81.17M | Scene, ViewLayer | Updating Camera
Fra:1 Mem:97.45M (Peak 98.29M) | Time:00:00.00 | Mem:81.17M, Peak:81.17M | Scene, ViewLayer | Updating Meshes Flags
Fra:1 Mem:97.45M (Peak 98.29M) | Time:00:00.00 | Mem:80.97M, Peak:81.17M | Scene, ViewLayer | Updating Objects
Fra:1 Mem:97.45M (Peak 98.29M) | Time:00:00.00 | Mem:80.97M, Peak:81.17M | Scene, ViewLayer | Updating Objects | Copying Transformations to device
Fra:1 Mem:97.45M (Peak 98.29M) | Time:00:00.00 | Mem:80.97M, Peak:81.17M | Scene, ViewLayer | Updating Objects | Applying Static Transformations
Fra:1 Mem:97.45M (Peak 98.29M) | Time:00:00.00 | Mem:80.97M, Peak:81.17M | Scene, ViewLayer | Updating Particle Systems
Fra:1 Mem:97.45M (Peak 98.29M) | Time:00:00.00 | Mem:80.97M, Peak:81.17M | Scene, ViewLayer | Updating Meshes
Fra:1 Mem:97.33M (Peak 98.29M) | Time:00:00.00 | Mem:80.85M, Peak:81.17M | Scene, ViewLayer | Updating Mesh | Computing attributes
Fra:1 Mem:97.33M (Peak 98.29M) | Time:00:00.00 | Mem:80.85M, Peak:81.17M | Scene, ViewLayer | Updating Mesh | Copying Attributes to device
Fra:1 Mem:97.33M (Peak 98.29M) | Time:00:00.00 | Mem:80.85M, Peak:81.17M | Scene, ViewLayer | Updating Scene BVH | Building
Fra:1 Mem:97.33M (Peak 98.29M) | Time:00:00.00 | Mem:80.85M, Peak:81.17M | Scene, ViewLayer | Updating Scene BVH | Building BVH
Fra:1 Mem:97.33M (Peak 98.29M) | Time:00:00.00 | Mem:80.86M, Peak:81.17M | Scene, ViewLayer | Updating Scene BVH | Copying BVH to device
Fra:1 Mem:97.33M (Peak 98.29M) | Time:00:00.00 | Mem:80.86M, Peak:81.17M | Scene, ViewLayer | Updating Mesh | Computing normals
Fra:1 Mem:97.33M (Peak 98.29M) | Time:00:00.00 | Mem:80.86M, Peak:81.17M | Scene, ViewLayer | Updating Mesh | Copying Mesh to device
Fra:1 Mem:97.33M (Peak 98.29M) | Time:00:00.00 | Mem:80.86M, Peak:81.17M | Scene, ViewLayer | Updating Objects Flags
Fra:1 Mem:97.33M (Peak 98.29M) | Time:00:00.00 | Mem:80.86M, Peak:81.17M | Scene, ViewLayer | Updating Primitive Offsets
Fra:1 Mem:97.33M (Peak 98.29M) | Time:00:00.00 | Mem:80.86M, Peak:81.17M | Scene, ViewLayer | Updating Images
Fra:1 Mem:97.30M (Peak 98.29M) | Time:00:00.00 | Mem:80.82M, Peak:81.17M | Scene, ViewLayer | Updating Images | Loading sky_nishita
Fra:1 Mem:98.30M (Peak 98.30M) | Time:00:00.38 | Mem:81.82M, Peak:81.82M | Scene, ViewLayer | Updating Camera Volume
Fra:1 Mem:98.30M (Peak 98.30M) | Time:00:00.38 | Mem:81.82M, Peak:81.82M | Scene, ViewLayer | Updating Lookup Tables
Fra:1 Mem:98.30M (Peak 98.30M) | Time:00:00.38 | Mem:81.82M, Peak:81.82M | Scene, ViewLayer | Updating Lights
Fra:1 Mem:33.82M (Peak 98.30M) | Time:00:00.40 | Mem:17.35M, Peak:81.82M | Scene, ViewLayer | Updating Lights | Importance map
Fra:1 Mem:97.85M (Peak 385.82M) | Time:00:02.55 | Mem:81.38M, Peak:241.35M | Scene, ViewLayer | Updating Lights | Computing tree
Fra:1 Mem:97.85M (Peak 385.82M) | Time:00:02.55 | Mem:81.38M, Peak:241.35M | Scene, ViewLayer | Updating Integrator
Fra:1 Mem:97.85M (Peak 385.82M) | Time:00:02.55 | Mem:81.38M, Peak:241.35M | Scene, ViewLayer | Updating Film
Fra:1 Mem:97.85M (Peak 385.82M) | Time:00:02.55 | Mem:81.29M, Peak:241.35M | Scene, ViewLayer | Updating Lookup Tables
Fra:1 Mem:97.85M (Peak 385.82M) | Time:00:02.55 | Mem:81.38M, Peak:241.35M | Scene, ViewLayer | Updating Baking
Fra:1 Mem:97.85M (Peak 385.82M) | Time:00:02.55 | Mem:81.38M, Peak:241.35M | Scene, ViewLayer | Updating Device | Writing constant memory
Fra:1 Mem:97.85M (Peak 385.82M) | Time:00:02.55 | Mem:81.38M, Peak:241.35M | Scene, ViewLayer | Sample 0/256
Fra:1 Mem:162.61M (Peak 385.82M) | Time:00:03.20 | Remaining:02:45.51 | Mem:146.14M, Peak:241.35M | Scene, ViewLayer | Sample 1/256
Fra:1 Mem:162.61M (Peak 385.82M) | Time:00:21.03 | Remaining:02:09.35 | Mem:146.14M, Peak:241.35M | Scene, ViewLayer | Sample 32/256
Fra:1 Mem:202.61M (Peak 385.82M) | Time:00:21.22 | Remaining:02:10.71 | Mem:146.14M, Peak:241.35M | Scene, ViewLayer | Sample 0/256
Fra:1 Mem:202.61M (Peak 385.82M) | Time:00:21.22 | Remaining:02:10.71 | Mem:146.14M, Peak:241.35M | Scene, ViewLayer | Finished
Saved: 'C:\Users\usman_pyywgw5\Downloads\fyp\out\sim\tmp\s000008\swir_bg.exr'
Time: 00:21.43 (Saving: 00:00.20)

    swir background 1280x1024: 23.1s
Fra:1 Mem:163.38M (Peak 163.38M) | Time:00:00.00 | Mem:146.14M, Peak:146.14M | Scene, ViewLayer | Synchronizing object | ground
Fra:1 Mem:163.38M (Peak 163.38M) | Time:00:00.00 | Mem:146.14M, Peak:146.14M | Scene, ViewLayer | Synchronizing object | neg0
Fra:1 Mem:163.38M (Peak 163.38M) | Time:00:00.00 | Mem:146.14M, Peak:146.14M | Scene, ViewLayer | Synchronizing object | KAL
Fra:1 Mem:163.57M (Peak 163.57M) | Time:00:00.00 | Mem:146.14M, Peak:146.14M | Scene, ViewLayer | Initializing
Fra:1 Mem:163.57M (Peak 163.57M) | Time:00:00.00 | Mem:146.14M, Peak:146.14M | Scene, ViewLayer | Waiting for render to start
Fra:1 Mem:163.57M (Peak 163.57M) | Time:00:00.00 | Mem:146.14M, Peak:146.14M | Scene, ViewLayer | Loading render kernels (may take a few minutes the first time)
Fra:1 Mem:163.57M (Peak 163.57M) | Time:00:00.00 | Mem:146.14M, Peak:146.14M | Scene, ViewLayer | Updating Scene
Fra:1 Mem:163.57M (Peak 163.57M) | Time:00:00.00 | Mem:146.14M, Peak:146.14M | Scene, ViewLayer | Updating Shaders
Fra:1 Mem:163.58M (Peak 163.58M) | Time:00:00.00 | Mem:146.15M, Peak:146.15M | Scene, ViewLayer | Updating Procedurals
Fra:1 Mem:163.58M (Peak 163.58M) | Time:00:00.00 | Mem:146.15M, Peak:146.15M | Scene, ViewLayer | Updating Background
Fra:1 Mem:163.58M (Peak 163.58M) | Time:00:00.00 | Mem:146.15M, Peak:146.15M | Scene, ViewLayer | Updating Camera
Fra:1 Mem:163.58M (Peak 163.58M) | Time:00:00.00 | Mem:146.06M, Peak:146.15M | Scene, ViewLayer | Updating Meshes Flags
Fra:1 Mem:163.58M (Peak 163.58M) | Time:00:00.00 | Mem:146.06M, Peak:146.15M | Scene, ViewLayer | Updating Objects
Fra:1 Mem:163.58M (Peak 163.58M) | Time:00:00.00 | Mem:146.06M, Peak:146.15M | Scene, ViewLayer | Updating Objects | Copying Transformations to device
Fra:1 Mem:163.58M (Peak 163.58M) | Time:00:00.00 | Mem:146.06M, Peak:146.15M | Scene, ViewLayer | Updating Objects | Applying Static Transformations
Fra:1 Mem:163.58M (Peak 163.58M) | Time:00:00.00 | Mem:146.06M, Peak:146.15M | Scene, ViewLayer | Updating Particle Systems
Fra:1 Mem:163.58M (Peak 163.58M) | Time:00:00.00 | Mem:146.06M, Peak:146.15M | Scene, ViewLayer | Updating Meshes
Fra:1 Mem:163.62M (Peak 163.62M) | Time:00:00.00 | Mem:146.06M, Peak:146.15M | Scene, ViewLayer | Updating Mesh | Computing attributes
Fra:1 Mem:163.71M (Peak 163.71M) | Time:00:00.00 | Mem:146.06M, Peak:146.15M | Scene, ViewLayer | Updating Mesh | Copying Attributes to device
Fra:1 Mem:163.71M (Peak 163.71M) | Time:00:00.00 | Mem:146.14M, Peak:146.15M | Scene, ViewLayer | Updating Geometry BVH neg0 2/2 | Building BVH
Fra:1 Mem:163.71M (Peak 163.71M) | Time:00:00.00 | Mem:146.15M, Peak:146.15M | Scene, ViewLayer | Updating Geometry BVH neg0 2/2 | Building BVH 0%
Fra:1 Mem:163.71M (Peak 163.71M) | Time:00:00.01 | Mem:146.17M, Peak:146.18M | Scene, ViewLayer | Updating Geometry BVH KAL 1/2 | Building BVH
Fra:1 Mem:163.71M (Peak 163.71M) | Time:00:00.01 | Mem:146.33M, Peak:146.41M | Scene, ViewLayer | Updating Scene BVH | Building
Fra:1 Mem:163.71M (Peak 163.71M) | Time:00:00.01 | Mem:146.33M, Peak:146.41M | Scene, ViewLayer | Updating Scene BVH | Building BVH
Fra:1 Mem:163.71M (Peak 163.71M) | Time:00:00.01 | Mem:146.33M, Peak:146.41M | Scene, ViewLayer | Updating Scene BVH | Copying BVH to device
Fra:1 Mem:163.71M (Peak 163.71M) | Time:00:00.01 | Mem:146.33M, Peak:146.41M | Scene, ViewLayer | Updating Mesh | Computing normals
Fra:1 Mem:163.82M (Peak 163.82M) | Time:00:00.01 | Mem:146.33M, Peak:146.41M | Scene, ViewLayer | Updating Mesh | Copying Mesh to device
Fra:1 Mem:163.82M (Peak 163.82M) | Time:00:00.01 | Mem:146.45M, Peak:146.45M | Scene, ViewLayer | Updating Objects Flags
Fra:1 Mem:163.82M (Peak 163.82M) | Time:00:00.01 | Mem:146.45M, Peak:146.45M | Scene, ViewLayer | Updating Primitive Offsets
Fra:1 Mem:163.82M (Peak 163.82M) | Time:00:00.01 | Mem:146.45M, Peak:146.45M | Scene, ViewLayer | Updating Images
Fra:1 Mem:163.82M (Peak 163.82M) | Time:00:00.01 | Mem:146.45M, Peak:146.45M | Scene, ViewLayer | Updating Camera Volume
Fra:1 Mem:163.82M (Peak 163.82M) | Time:00:00.01 | Mem:146.45M, Peak:146.45M | Scene, ViewLayer | Updating Lookup Tables
Fra:1 Mem:163.82M (Peak 163.82M) | Time:00:00.01 | Mem:146.54M, Peak:146.54M | Scene, ViewLayer | Updating Lights
Fra:1 Mem:163.82M (Peak 163.82M) | Time:00:00.01 | Mem:146.54M, Peak:146.54M | Scene, ViewLayer | Updating Lights | Computing tree
Fra:1 Mem:163.82M (Peak 163.82M) | Time:00:00.01 | Mem:146.54M, Peak:146.54M | Scene, ViewLayer | Updating Integrator
Fra:1 Mem:163.82M (Peak 163.82M) | Time:00:00.01 | Mem:146.54M, Peak:146.54M | Scene, ViewLayer | Updating Film
Fra:1 Mem:163.82M (Peak 163.82M) | Time:00:00.01 | Mem:146.54M, Peak:146.54M | Scene, ViewLayer | Updating Lookup Tables
Fra:1 Mem:163.82M (Peak 163.82M) | Time:00:00.01 | Mem:146.54M, Peak:146.54M | Scene, ViewLayer | Updating Baking
Fra:1 Mem:163.82M (Peak 163.82M) | Time:00:00.01 | Mem:146.54M, Peak:146.54M | Scene, ViewLayer | Updating Device | Writing constant memory
Fra:1 Mem:163.82M (Peak 163.82M) | Time:00:00.01 | Mem:146.54M, Peak:146.54M | Scene, ViewLayer | Sample 0/256
Fra:1 Mem:99.00M (Peak 163.82M) | Time:00:00.03 | Remaining:00:05.19 | Mem:81.71M, Peak:146.54M | Scene, ViewLayer | Sample 1/256
Fra:1 Mem:99.00M (Peak 163.82M) | Time:00:00.14 | Remaining:00:00.92 | Mem:81.71M, Peak:146.54M | Scene, ViewLayer | Sample 32/256
Fra:1 Mem:99.11M (Peak 163.82M) | Time:00:00.14 | Remaining:00:00.93 | Mem:81.71M, Peak:146.54M | Scene, ViewLayer | Sample 0/256
Fra:1 Mem:99.11M (Peak 163.82M) | Time:00:00.14 | Remaining:00:00.93 | Mem:81.71M, Peak:146.54M | Scene, ViewLayer | Finished
Saved: 'C:\Users\usman_pyywgw5\Downloads\fyp\out\sim\tmp\s000008\swir_target.exr'
Time: 00:00.15 (Saving: 00:00.00)

    swir target  crop 33x27 px @2x: 0.2s
Fra:1 Mem:99.00M (Peak 99.00M) | Time:00:00.00 | Mem:81.71M, Peak:81.71M | Scene, ViewLayer | Synchronizing object | ground
Fra:1 Mem:99.00M (Peak 99.00M) | Time:00:00.00 | Mem:81.71M, Peak:81.71M | Scene, ViewLayer | Initializing
Fra:1 Mem:99.00M (Peak 99.00M) | Time:00:00.00 | Mem:81.71M, Peak:81.71M | Scene, ViewLayer | Waiting for render to start
Fra:1 Mem:99.00M (Peak 99.00M) | Time:00:00.00 | Mem:81.71M, Peak:81.71M | Scene, ViewLayer | Updating Scene
Fra:1 Mem:99.00M (Peak 99.00M) | Time:00:00.00 | Mem:81.71M, Peak:81.71M | Scene, ViewLayer | Updating Shaders
Fra:1 Mem:99.00M (Peak 99.00M) | Time:00:00.00 | Mem:81.71M, Peak:81.71M | Scene, ViewLayer | Updating Background
Fra:1 Mem:99.00M (Peak 99.00M) | Time:00:00.00 | Mem:81.71M, Peak:81.71M | Scene, ViewLayer | Updating Camera
Fra:1 Mem:99.00M (Peak 99.00M) | Time:00:00.00 | Mem:81.71M, Peak:81.71M | Scene, ViewLayer | Updating Meshes Flags
Fra:1 Mem:99.00M (Peak 99.00M) | Time:00:00.00 | Mem:81.71M, Peak:81.71M | Scene, ViewLayer | Updating Objects
Fra:1 Mem:99.00M (Peak 99.00M) | Time:00:00.00 | Mem:81.71M, Peak:81.71M | Scene, ViewLayer | Updating Objects | Copying Transformations to device
Fra:1 Mem:99.00M (Peak 99.00M) | Time:00:00.00 | Mem:81.71M, Peak:81.71M | Scene, ViewLayer | Updating Objects | Applying Static Transformations
Fra:1 Mem:99.00M (Peak 99.00M) | Time:00:00.00 | Mem:81.71M, Peak:81.71M | Scene, ViewLayer | Updating Particle Systems
Fra:1 Mem:99.00M (Peak 99.00M) | Time:00:00.00 | Mem:81.71M, Peak:81.71M | Scene, ViewLayer | Updating Meshes
Fra:1 Mem:98.80M (Peak 99.00M) | Time:00:00.00 | Mem:81.51M, Peak:81.71M | Scene, ViewLayer | Updating Mesh | Computing attributes
Fra:1 Mem:98.88M (Peak 99.00M) | Time:00:00.00 | Mem:81.51M, Peak:81.71M | Scene, ViewLayer | Updating Mesh | Copying Attributes to device
Fra:1 Mem:98.88M (Peak 99.00M) | Time:00:00.00 | Mem:81.59M, Peak:81.71M | Scene, ViewLayer | Updating Scene BVH | Building
Fra:1 Mem:98.88M (Peak 99.00M) | Time:00:00.00 | Mem:81.59M, Peak:81.71M | Scene, ViewLayer | Updating Scene BVH | Building BVH
Fra:1 Mem:98.88M (Peak 99.00M) | Time:00:00.00 | Mem:81.60M, Peak:81.71M | Scene, ViewLayer | Updating Scene BVH | Copying BVH to device
Fra:1 Mem:98.88M (Peak 99.00M) | Time:00:00.00 | Mem:81.60M, Peak:81.71M | Scene, ViewLayer | Updating Mesh | Computing normals
Fra:1 Mem:99.00M (Peak 99.00M) | Time:00:00.00 | Mem:81.60M, Peak:81.71M | Scene, ViewLayer | Updating Mesh | Copying Mesh to device
Fra:1 Mem:99.00M (Peak 99.00M) | Time:00:00.00 | Mem:81.71M, Peak:81.71M | Scene, ViewLayer | Updating Objects Flags
Fra:1 Mem:99.00M (Peak 99.00M) | Time:00:00.00 | Mem:81.71M, Peak:81.71M | Scene, ViewLayer | Updating Primitive Offsets
Fra:1 Mem:99.00M (Peak 99.00M) | Time:00:00.00 | Mem:81.71M, Peak:81.71M | Scene, ViewLayer | Updating Images
Fra:1 Mem:99.00M (Peak 99.00M) | Time:00:00.00 | Mem:81.71M, Peak:81.71M | Scene, ViewLayer | Updating Camera Volume
Fra:1 Mem:99.00M (Peak 99.00M) | Time:00:00.00 | Mem:81.71M, Peak:81.71M | Scene, ViewLayer | Updating Lookup Tables
Fra:1 Mem:99.00M (Peak 99.00M) | Time:00:00.00 | Mem:81.71M, Peak:81.71M | Scene, ViewLayer | Updating Lights
Fra:1 Mem:99.00M (Peak 99.00M) | Time:00:00.00 | Mem:81.71M, Peak:81.71M | Scene, ViewLayer | Updating Lights | Computing tree
Fra:1 Mem:99.00M (Peak 99.00M) | Time:00:00.00 | Mem:81.71M, Peak:81.71M | Scene, ViewLayer | Updating Integrator
Fra:1 Mem:99.00M (Peak 99.00M) | Time:00:00.00 | Mem:81.71M, Peak:81.71M | Scene, ViewLayer | Updating Film
Fra:1 Mem:99.00M (Peak 99.00M) | Time:00:00.00 | Mem:81.71M, Peak:81.71M | Scene, ViewLayer | Updating Lookup Tables
Fra:1 Mem:99.00M (Peak 99.00M) | Time:00:00.00 | Mem:81.71M, Peak:81.71M | Scene, ViewLayer | Updating Baking
Fra:1 Mem:99.00M (Peak 99.00M) | Time:00:00.00 | Mem:81.71M, Peak:81.71M | Scene, ViewLayer | Updating Device | Writing constant memory
Fra:1 Mem:99.00M (Peak 99.00M) | Time:00:00.00 | Mem:81.71M, Peak:81.71M | Scene, ViewLayer | Sample 0/256
Fra:1 Mem:99.07M (Peak 99.07M) | Time:00:00.00 | Remaining:00:01.00 | Mem:81.78M, Peak:81.78M | Scene, ViewLayer | Sample 1/256
Fra:1 Mem:99.07M (Peak 99.07M) | Time:00:00.11 | Remaining:00:00.76 | Mem:81.78M, Peak:81.78M | Scene, ViewLayer | Sample 32/256
Fra:1 Mem:99.22M (Peak 99.22M) | Time:00:00.11 | Remaining:00:00.78 | Mem:81.78M, Peak:81.78M | Scene, ViewLayer | Sample 0/256
Fra:1 Mem:99.22M (Peak 99.22M) | Time:00:00.11 | Remaining:00:00.78 | Mem:81.78M, Peak:81.78M | Scene, ViewLayer | Finished
Saved: 'C:\Users\usman_pyywgw5\Downloads\fyp\out\sim\tmp\s000008\swir_neg0.exr'
Time: 00:00.12 (Saving: 00:00.00)

    swir neg0    crop 18x17 px @4x: 0.2s
[s000008] done in 64.4s  calibration 3.5, build 1.1, rgb 27.4, lwir 6.4, swir 23.4, write 1.2
[s000036] train open_sky day hfov 10 bin 2-4 (3.7 px @ 2860 m) negatives ['bird']
Fra:1 Mem:12.47M (Peak 12.47M) | Time:00:00.00 | Mem:0.00M, Peak:0.00M | Scene, ViewLayer | Synchronizing object | calib_plane
Fra:1 Mem:12.47M (Peak 12.47M) | Time:00:00.00 | Mem:0.00M, Peak:0.00M | Scene, ViewLayer | Initializing
Fra:1 Mem:12.31M (Peak 12.47M) | Time:00:00.00 | Mem:0.00M, Peak:0.00M | Scene, ViewLayer | Waiting for render to start
Fra:1 Mem:12.31M (Peak 12.47M) | Time:00:00.00 | Mem:0.00M, Peak:0.00M | Scene, ViewLayer | Loading render kernels (may take a few minutes the first time)
Fra:1 Mem:12.31M (Peak 12.47M) | Time:00:00.00 | Mem:0.00M, Peak:0.00M | Scene, ViewLayer | Updating Scene
Fra:1 Mem:12.31M (Peak 12.47M) | Time:00:00.00 | Mem:0.00M, Peak:0.00M | Scene, ViewLayer | Updating Shaders
Fra:1 Mem:12.39M (Peak 12.47M) | Time:00:00.00 | Mem:0.00M, Peak:0.00M | Scene, ViewLayer | Updating Procedurals
Fra:1 Mem:12.39M (Peak 12.47M) | Time:00:00.00 | Mem:0.00M, Peak:0.00M | Scene, ViewLayer | Updating Background
Fra:1 Mem:12.39M (Peak 12.47M) | Time:00:00.00 | Mem:0.00M, Peak:0.00M | Scene, ViewLayer | Updating Camera
Fra:1 Mem:12.39M (Peak 12.47M) | Time:00:00.00 | Mem:0.00M, Peak:0.00M | Scene, ViewLayer | Updating Meshes Flags
Fra:1 Mem:12.39M (Peak 12.47M) | Time:00:00.00 | Mem:0.00M, Peak:0.00M | Scene, ViewLayer | Updating Objects
Fra:1 Mem:12.39M (Peak 12.47M) | Time:00:00.00 | Mem:0.00M, Peak:0.00M | Scene, ViewLayer | Updating Objects | Copying Transformations to device
Fra:1 Mem:12.39M (Peak 12.47M) | Time:00:00.00 | Mem:0.00M, Peak:0.00M | Scene, ViewLayer | Updating Objects | Applying Static Transformations
Fra:1 Mem:12.39M (Peak 12.47M) | Time:00:00.00 | Mem:0.00M, Peak:0.00M | Scene, ViewLayer | Updating Particle Systems
Fra:1 Mem:12.39M (Peak 12.47M) | Time:00:00.00 | Mem:0.00M, Peak:0.00M | Scene, ViewLayer | Updating Particle Systems | Copying Particles to device
Fra:1 Mem:12.39M (Peak 12.47M) | Time:00:00.00 | Mem:0.00M, Peak:0.00M | Scene, ViewLayer | Updating Meshes
Fra:1 Mem:12.39M (Peak 12.47M) | Time:00:00.00 | Mem:0.00M, Peak:0.00M | Scene, ViewLayer | Updating Mesh | Computing attributes
Fra:1 Mem:12.39M (Peak 12.47M) | Time:00:00.00 | Mem:0.00M, Peak:0.00M | Scene, ViewLayer | Updating Mesh | Copying Attributes to device
Fra:1 Mem:12.39M (Peak 12.47M) | Time:00:00.00 | Mem:0.00M, Peak:0.00M | Scene, ViewLayer | Updating Scene BVH | Building
Fra:1 Mem:12.39M (Peak 12.47M) | Time:00:00.00 | Mem:0.00M, Peak:0.00M | Scene, ViewLayer | Updating Scene BVH | Building BVH
Fra:1 Mem:12.39M (Peak 12.47M) | Time:00:00.00 | Mem:0.00M, Peak:0.00M | Scene, ViewLayer | Updating Scene BVH | Building BVH 0%
Fra:1 Mem:12.39M (Peak 12.47M) | Time:00:00.00 | Mem:0.00M, Peak:0.00M | Scene, ViewLayer | Updating Scene BVH | Copying BVH to device
Fra:1 Mem:12.39M (Peak 12.47M) | Time:00:00.00 | Mem:0.00M, Peak:0.00M | Scene, ViewLayer | Updating Mesh | Computing normals
Fra:1 Mem:12.39M (Peak 12.47M) | Time:00:00.00 | Mem:0.00M, Peak:0.00M | Scene, ViewLayer | Updating Mesh | Copying Mesh to device
Fra:1 Mem:12.39M (Peak 12.47M) | Time:00:00.00 | Mem:0.00M, Peak:0.00M | Scene, ViewLayer | Updating Objects Flags
Fra:1 Mem:12.39M (Peak 12.47M) | Time:00:00.00 | Mem:0.00M, Peak:0.00M | Scene, ViewLayer | Updating Primitive Offsets
Fra:1 Mem:12.39M (Peak 12.47M) | Time:00:00.00 | Mem:0.00M, Peak:0.00M | Scene, ViewLayer | Updating Images
Fra:1 Mem:12.39M (Peak 12.47M) | Time:00:00.00 | Mem:0.00M, Peak:0.00M | Scene, ViewLayer | Updating Images | Loading sky_nishita
Fra:1 Mem:13.40M (Peak 13.40M) | Time:00:00.39 | Mem:1.00M, Peak:1.00M | Scene, ViewLayer | Updating Camera Volume
Fra:1 Mem:13.40M (Peak 13.40M) | Time:00:00.39 | Mem:1.00M, Peak:1.00M | Scene, ViewLayer | Updating Lookup Tables
Fra:1 Mem:13.40M (Peak 13.40M) | Time:00:00.39 | Mem:1.08M, Peak:1.08M | Scene, ViewLayer | Updating Lights
Fra:1 Mem:13.40M (Peak 13.40M) | Time:00:00.39 | Mem:1.08M, Peak:1.08M | Scene, ViewLayer | Updating Lights | Importance map
Fra:1 Mem:14.41M (Peak 18.90M) | Time:00:00.43 | Mem:2.10M, Peak:4.60M | Scene, ViewLayer | Updating Lights | Computing tree
Fra:1 Mem:14.41M (Peak 18.90M) | Time:00:00.43 | Mem:2.10M, Peak:4.60M | Scene, ViewLayer | Updating Integrator
Fra:1 Mem:14.41M (Peak 18.90M) | Time:00:00.43 | Mem:2.10M, Peak:4.60M | Scene, ViewLayer | Updating Film
Fra:1 Mem:14.41M (Peak 18.90M) | Time:00:00.43 | Mem:2.02M, Peak:4.60M | Scene, ViewLayer | Updating Lookup Tables
Fra:1 Mem:14.41M (Peak 18.90M) | Time:00:00.43 | Mem:2.10M, Peak:4.60M | Scene, ViewLayer | Updating Baking
Fra:1 Mem:14.41M (Peak 18.90M) | Time:00:00.43 | Mem:2.10M, Peak:4.60M | Scene, ViewLayer | Updating Device | Writing constant memory
Fra:1 Mem:14.41M (Peak 18.90M) | Time:00:00.43 | Mem:2.10M, Peak:4.60M | Scene, ViewLayer | Sample 0/256
Fra:1 Mem:14.43M (Peak 18.90M) | Time:00:00.44 | Remaining:00:00.35 | Mem:2.11M, Peak:4.60M | Scene, ViewLayer | Sample 1/256
Fra:1 Mem:14.43M (Peak 18.90M) | Time:00:00.46 | Mem:2.11M, Peak:4.60M | Scene, ViewLayer | Sample 256/256
Fra:1 Mem:14.43M (Peak 18.90M) | Time:00:00.46 | Mem:2.11M, Peak:4.60M | Scene, ViewLayer | Finished
Saved: 'C:\Users\usman_pyywgw5\AppData\Local\Temp\fyp_calib_16540_1.exr'
Time: 00:00.47 (Saving: 00:00.00)

Fra:1 Mem:12.48M (Peak 12.48M) | Time:00:00.00 | Mem:0.00M, Peak:0.00M | Scene, ViewLayer | Synchronizing object | calib_plane
Fra:1 Mem:12.48M (Peak 12.48M) | Time:00:00.00 | Mem:0.00M, Peak:0.00M | Scene, ViewLayer | Initializing
Fra:1 Mem:12.32M (Peak 12.48M) | Time:00:00.00 | Mem:0.00M, Peak:0.00M | Scene, ViewLayer | Waiting for render to start
Fra:1 Mem:12.32M (Peak 12.48M) | Time:00:00.00 | Mem:0.00M, Peak:0.00M | Scene, ViewLayer | Loading render kernels (may take a few minutes the first time)
Fra:1 Mem:12.32M (Peak 12.48M) | Time:00:00.00 | Mem:0.00M, Peak:0.00M | Scene, ViewLayer | Updating Scene
Fra:1 Mem:12.32M (Peak 12.48M) | Time:00:00.00 | Mem:0.00M, Peak:0.00M | Scene, ViewLayer | Updating Shaders
Fra:1 Mem:12.41M (Peak 12.48M) | Time:00:00.00 | Mem:0.00M, Peak:0.00M | Scene, ViewLayer | Updating Procedurals
Fra:1 Mem:12.41M (Peak 12.48M) | Time:00:00.00 | Mem:0.00M, Peak:0.00M | Scene, ViewLayer | Updating Background
Fra:1 Mem:12.41M (Peak 12.48M) | Time:00:00.00 | Mem:0.00M, Peak:0.00M | Scene, ViewLayer | Updating Camera
Fra:1 Mem:12.41M (Peak 12.48M) | Time:00:00.00 | Mem:0.00M, Peak:0.00M | Scene, ViewLayer | Updating Meshes Flags
Fra:1 Mem:12.41M (Peak 12.48M) | Time:00:00.00 | Mem:0.00M, Peak:0.00M | Scene, ViewLayer | Updating Objects
Fra:1 Mem:12.41M (Peak 12.48M) | Time:00:00.00 | Mem:0.00M, Peak:0.00M | Scene, ViewLayer | Updating Objects | Copying Transformations to device
Fra:1 Mem:12.41M (Peak 12.48M) | Time:00:00.00 | Mem:0.00M, Peak:0.00M | Scene, ViewLayer | Updating Objects | Applying Static Transformations
Fra:1 Mem:12.41M (Peak 12.48M) | Time:00:00.00 | Mem:0.00M, Peak:0.00M | Scene, ViewLayer | Updating Particle Systems
Fra:1 Mem:12.41M (Peak 12.48M) | Time:00:00.00 | Mem:0.00M, Peak:0.00M | Scene, ViewLayer | Updating Particle Systems | Copying Particles to device
Fra:1 Mem:12.41M (Peak 12.48M) | Time:00:00.00 | Mem:0.00M, Peak:0.00M | Scene, ViewLayer | Updating Meshes
Fra:1 Mem:12.41M (Peak 12.48M) | Time:00:00.00 | Mem:0.00M, Peak:0.00M | Scene, ViewLayer | Updating Mesh | Computing attributes
Fra:1 Mem:12.41M (Peak 12.48M) | Time:00:00.00 | Mem:0.00M, Peak:0.00M | Scene, ViewLayer | Updating Mesh | Copying Attributes to device
Fra:1 Mem:12.41M (Peak 12.48M) | Time:00:00.00 | Mem:0.00M, Peak:0.00M | Scene, ViewLayer | Updating Scene BVH | Building
Fra:1 Mem:12.41M (Peak 12.48M) | Time:00:00.00 | Mem:0.00M, Peak:0.00M | Scene, ViewLayer | Updating Scene BVH | Building BVH
Fra:1 Mem:12.41M (Peak 12.48M) | Time:00:00.00 | Mem:0.00M, Peak:0.00M | Scene, ViewLayer | Updating Scene BVH | Building BVH 0%
Fra:1 Mem:12.41M (Peak 12.48M) | Time:00:00.00 | Mem:0.00M, Peak:0.00M | Scene, ViewLayer | Updating Scene BVH | Copying BVH to device
Fra:1 Mem:12.41M (Peak 12.48M) | Time:00:00.00 | Mem:0.00M, Peak:0.00M | Scene, ViewLayer | Updating Mesh | Computing normals
Fra:1 Mem:12.41M (Peak 12.48M) | Time:00:00.00 | Mem:0.00M, Peak:0.00M | Scene, ViewLayer | Updating Mesh | Copying Mesh to device
Fra:1 Mem:12.41M (Peak 12.48M) | Time:00:00.00 | Mem:0.00M, Peak:0.00M | Scene, ViewLayer | Updating Objects Flags
Fra:1 Mem:12.41M (Peak 12.48M) | Time:00:00.00 | Mem:0.00M, Peak:0.00M | Scene, ViewLayer | Updating Primitive Offsets
Fra:1 Mem:12.41M (Peak 12.48M) | Time:00:00.00 | Mem:0.00M, Peak:0.00M | Scene, ViewLayer | Updating Images
Fra:1 Mem:12.41M (Peak 12.48M) | Time:00:00.00 | Mem:0.00M, Peak:0.00M | Scene, ViewLayer | Updating Images | Loading sky_nishita
Fra:1 Mem:13.42M (Peak 13.42M) | Time:00:00.37 | Mem:1.00M, Peak:1.00M | Scene, ViewLayer | Updating Camera Volume
Fra:1 Mem:13.42M (Peak 13.42M) | Time:00:00.37 | Mem:1.00M, Peak:1.00M | Scene, ViewLayer | Updating Lookup Tables
Fra:1 Mem:13.42M (Peak 13.42M) | Time:00:00.37 | Mem:1.08M, Peak:1.08M | Scene, ViewLayer | Updating Lights
Fra:1 Mem:13.42M (Peak 13.42M) | Time:00:00.37 | Mem:1.08M, Peak:1.08M | Scene, ViewLayer | Updating Lights | Importance map
Fra:1 Mem:77.45M (Peak 365.42M) | Time:00:02.15 | Mem:65.13M, Peak:225.10M | Scene, ViewLayer | Updating Lights | Computing tree
Fra:1 Mem:77.45M (Peak 365.42M) | Time:00:02.15 | Mem:65.13M, Peak:225.10M | Scene, ViewLayer | Updating Integrator
Fra:1 Mem:77.45M (Peak 365.42M) | Time:00:02.15 | Mem:65.13M, Peak:225.10M | Scene, ViewLayer | Updating Film
Fra:1 Mem:77.45M (Peak 365.42M) | Time:00:02.15 | Mem:65.05M, Peak:225.10M | Scene, ViewLayer | Updating Lookup Tables
Fra:1 Mem:77.45M (Peak 365.42M) | Time:00:02.15 | Mem:65.13M, Peak:225.10M | Scene, ViewLayer | Updating Baking
Fra:1 Mem:77.45M (Peak 365.42M) | Time:00:02.15 | Mem:65.13M, Peak:225.10M | Scene, ViewLayer | Updating Device | Writing constant memory
Fra:1 Mem:77.45M (Peak 365.42M) | Time:00:02.15 | Mem:65.13M, Peak:225.10M | Scene, ViewLayer | Sample 0/256
Fra:1 Mem:77.47M (Peak 365.42M) | Time:00:02.15 | Remaining:00:00.20 | Mem:65.13M, Peak:225.10M | Scene, ViewLayer | Sample 1/256
Fra:1 Mem:77.47M (Peak 365.42M) | Time:00:02.21 | Mem:65.13M, Peak:225.10M | Scene, ViewLayer | Sample 256/256
Fra:1 Mem:77.47M (Peak 365.42M) | Time:00:02.21 | Mem:65.13M, Peak:225.10M | Scene, ViewLayer | Finished
Saved: 'C:\Users\usman_pyywgw5\AppData\Local\Temp\fyp_calib_16540_0.exr'
Time: 00:02.23 (Saving: 00:00.00)

Fra:1 Mem:16.15M (Peak 16.15M) | Time:00:00.00 | Mem:0.00M, Peak:0.00M | Scene, ViewLayer | Synchronizing object | ground
Fra:1 Mem:16.15M (Peak 16.15M) | Time:00:00.00 | Mem:0.00M, Peak:0.00M | Scene, ViewLayer | Initializing
Fra:1 Mem:16.14M (Peak 16.15M) | Time:00:00.00 | Mem:0.00M, Peak:0.00M | Scene, ViewLayer | Waiting for render to start
Fra:1 Mem:16.14M (Peak 16.15M) | Time:00:00.00 | Mem:0.00M, Peak:0.00M | Scene, ViewLayer | Loading render kernels (may take a few minutes the first time)
Fra:1 Mem:16.14M (Peak 16.15M) | Time:00:00.00 | Mem:0.00M, Peak:0.00M | Scene, ViewLayer | Updating Scene
Fra:1 Mem:16.14M (Peak 16.15M) | Time:00:00.00 | Mem:0.00M, Peak:0.00M | Scene, ViewLayer | Updating Shaders
Fra:1 Mem:16.23M (Peak 16.23M) | Time:00:00.00 | Mem:0.00M, Peak:0.00M | Scene, ViewLayer | Updating Procedurals
Fra:1 Mem:16.23M (Peak 16.23M) | Time:00:00.00 | Mem:0.00M, Peak:0.00M | Scene, ViewLayer | Updating Background
Fra:1 Mem:16.23M (Peak 16.23M) | Time:00:00.00 | Mem:0.00M, Peak:0.00M | Scene, ViewLayer | Updating Camera
Fra:1 Mem:16.23M (Peak 16.23M) | Time:00:00.00 | Mem:0.00M, Peak:0.00M | Scene, ViewLayer | Updating Meshes Flags
Fra:1 Mem:16.23M (Peak 16.23M) | Time:00:00.00 | Mem:0.00M, Peak:0.00M | Scene, ViewLayer | Updating Objects
Fra:1 Mem:16.23M (Peak 16.23M) | Time:00:00.00 | Mem:0.00M, Peak:0.00M | Scene, ViewLayer | Updating Objects | Copying Transformations to device
Fra:1 Mem:16.23M (Peak 16.23M) | Time:00:00.00 | Mem:0.00M, Peak:0.00M | Scene, ViewLayer | Updating Objects | Applying Static Transformations
Fra:1 Mem:16.23M (Peak 16.23M) | Time:00:00.00 | Mem:0.00M, Peak:0.00M | Scene, ViewLayer | Updating Particle Systems
Fra:1 Mem:16.23M (Peak 16.23M) | Time:00:00.00 | Mem:0.00M, Peak:0.00M | Scene, ViewLayer | Updating Particle Systems | Copying Particles to device
Fra:1 Mem:16.23M (Peak 16.23M) | Time:00:00.00 | Mem:0.00M, Peak:0.00M | Scene, ViewLayer | Updating Meshes
Fra:1 Mem:16.23M (Peak 16.23M) | Time:00:00.00 | Mem:0.00M, Peak:0.00M | Scene, ViewLayer | Updating Mesh | Computing attributes
Fra:1 Mem:16.23M (Peak 16.23M) | Time:00:00.00 | Mem:0.00M, Peak:0.00M | Scene, ViewLayer | Updating Mesh | Copying Attributes to device
Fra:1 Mem:16.23M (Peak 16.23M) | Time:00:00.00 | Mem:0.00M, Peak:0.00M | Scene, ViewLayer | Updating Scene BVH | Building
Fra:1 Mem:16.23M (Peak 16.23M) | Time:00:00.00 | Mem:0.00M, Peak:0.00M | Scene, ViewLayer | Updating Scene BVH | Building BVH
Fra:1 Mem:16.23M (Peak 16.23M) | Time:00:00.00 | Mem:0.00M, Peak:0.00M | Scene, ViewLayer | Updating Scene BVH | Building BVH 0%
Fra:1 Mem:16.23M (Peak 16.23M) | Time:00:00.00 | Mem:0.00M, Peak:0.00M | Scene, ViewLayer | Updating Scene BVH | Copying BVH to device
Fra:1 Mem:16.23M (Peak 16.23M) | Time:00:00.00 | Mem:0.00M, Peak:0.00M | Scene, ViewLayer | Updating Mesh | Computing normals
Fra:1 Mem:16.23M (Peak 16.23M) | Time:00:00.00 | Mem:0.00M, Peak:0.00M | Scene, ViewLayer | Updating Mesh | Copying Mesh to device
Fra:1 Mem:16.23M (Peak 16.23M) | Time:00:00.00 | Mem:0.00M, Peak:0.00M | Scene, ViewLayer | Updating Objects Flags
Fra:1 Mem:16.23M (Peak 16.23M) | Time:00:00.00 | Mem:0.00M, Peak:0.00M | Scene, ViewLayer | Updating Primitive Offsets
Fra:1 Mem:16.23M (Peak 16.23M) | Time:00:00.00 | Mem:0.00M, Peak:0.00M | Scene, ViewLayer | Updating Images
Fra:1 Mem:16.23M (Peak 16.23M) | Time:00:00.00 | Mem:0.00M, Peak:0.00M | Scene, ViewLayer | Updating Images | Loading sky_nishita
Fra:1 Mem:17.24M (Peak 17.24M) | Time:00:00.38 | Mem:1.00M, Peak:1.00M | Scene, ViewLayer | Updating Camera Volume
Fra:1 Mem:17.24M (Peak 17.24M) | Time:00:00.38 | Mem:1.00M, Peak:1.00M | Scene, ViewLayer | Updating Lookup Tables
Fra:1 Mem:17.24M (Peak 17.24M) | Time:00:00.38 | Mem:1.08M, Peak:1.08M | Scene, ViewLayer | Updating Lights
Fra:1 Mem:17.24M (Peak 17.24M) | Time:00:00.38 | Mem:1.08M, Peak:1.08M | Scene, ViewLayer | Updating Lights | Importance map
Fra:1 Mem:81.27M (Peak 369.24M) | Time:00:02.08 | Mem:65.13M, Peak:225.10M | Scene, ViewLayer | Updating Lights | Computing tree
Fra:1 Mem:81.27M (Peak 369.24M) | Time:00:02.08 | Mem:65.13M, Peak:225.10M | Scene, ViewLayer | Updating Integrator
Fra:1 Mem:81.27M (Peak 369.24M) | Time:00:02.08 | Mem:65.13M, Peak:225.10M | Scene, ViewLayer | Updating Film
Fra:1 Mem:81.27M (Peak 369.24M) | Time:00:02.08 | Mem:65.05M, Peak:225.10M | Scene, ViewLayer | Updating Lookup Tables
Fra:1 Mem:81.27M (Peak 369.24M) | Time:00:02.08 | Mem:65.13M, Peak:225.10M | Scene, ViewLayer | Updating Baking
Fra:1 Mem:81.27M (Peak 369.24M) | Time:00:02.08 | Mem:65.13M, Peak:225.10M | Scene, ViewLayer | Updating Device | Writing constant memory
Fra:1 Mem:81.28M (Peak 369.24M) | Time:00:02.08 | Mem:65.13M, Peak:225.10M | Scene, ViewLayer | Sample 0/256
Fra:1 Mem:146.29M (Peak 369.24M) | Time:00:02.63 | Remaining:02:19.79 | Mem:130.13M, Peak:225.10M | Scene, ViewLayer | Sample 1/256
Fra:1 Mem:146.29M (Peak 369.24M) | Time:00:18.82 | Remaining:01:57.18 | Mem:130.13M, Peak:225.10M | Scene, ViewLayer | Sample 32/256
Fra:1 Mem:186.29M (Peak 369.24M) | Time:00:19.01 | Remaining:01:58.50 | Mem:130.13M, Peak:225.10M | Scene, ViewLayer | Sample 0/256
Fra:1 Mem:186.29M (Peak 369.24M) | Time:00:19.01 | Remaining:01:58.50 | Mem:130.13M, Peak:225.10M | Scene, ViewLayer | Finished
Saved: 'C:\Users\usman_pyywgw5\Downloads\fyp\out\sim\tmp\s000036\rgb_bg.exr'
Time: 00:19.31 (Saving: 00:00.29)

    rgb background 1280x1024: 21.4s
Fra:1 Mem:147.03M (Peak 147.03M) | Time:00:00.00 | Mem:130.13M, Peak:130.13M | Scene, ViewLayer | Synchronizing object | ground
Fra:1 Mem:147.03M (Peak 147.03M) | Time:00:00.00 | Mem:130.13M, Peak:130.13M | Scene, ViewLayer | Synchronizing object | KAL
Fra:1 Mem:147.26M (Peak 147.26M) | Time:00:00.00 | Mem:130.13M, Peak:130.13M | Scene, ViewLayer | Initializing
Fra:1 Mem:147.25M (Peak 147.26M) | Time:00:00.00 | Mem:130.13M, Peak:130.13M | Scene, ViewLayer | Updating Images | Loading decal_atlas.png
Fra:1 Mem:163.25M (Peak 195.26M) | Time:00:00.16 | Mem:146.13M, Peak:146.13M | Scene, ViewLayer | Waiting for render to start
Fra:1 Mem:163.25M (Peak 195.26M) | Time:00:00.16 | Mem:146.13M, Peak:146.13M | Scene, ViewLayer | Loading render kernels (may take a few minutes the first time)
Fra:1 Mem:163.25M (Peak 195.26M) | Time:00:00.16 | Mem:146.13M, Peak:146.13M | Scene, ViewLayer | Updating Scene
Fra:1 Mem:163.25M (Peak 195.26M) | Time:00:00.16 | Mem:146.13M, Peak:146.13M | Scene, ViewLayer | Updating Shaders
Fra:1 Mem:163.26M (Peak 195.26M) | Time:00:00.16 | Mem:146.14M, Peak:146.14M | Scene, ViewLayer | Updating Procedurals
Fra:1 Mem:163.26M (Peak 195.26M) | Time:00:00.16 | Mem:146.14M, Peak:146.14M | Scene, ViewLayer | Updating Background
Fra:1 Mem:163.26M (Peak 195.26M) | Time:00:00.16 | Mem:146.14M, Peak:146.14M | Scene, ViewLayer | Updating Camera
Fra:1 Mem:163.26M (Peak 195.26M) | Time:00:00.16 | Mem:146.06M, Peak:146.14M | Scene, ViewLayer | Updating Meshes Flags
Fra:1 Mem:163.26M (Peak 195.26M) | Time:00:00.16 | Mem:146.06M, Peak:146.14M | Scene, ViewLayer | Updating Objects
Fra:1 Mem:163.26M (Peak 195.26M) | Time:00:00.16 | Mem:146.06M, Peak:146.14M | Scene, ViewLayer | Updating Objects | Copying Transformations to device
Fra:1 Mem:163.26M (Peak 195.26M) | Time:00:00.16 | Mem:146.06M, Peak:146.14M | Scene, ViewLayer | Updating Objects | Applying Static Transformations
Fra:1 Mem:163.26M (Peak 195.26M) | Time:00:00.16 | Mem:146.06M, Peak:146.14M | Scene, ViewLayer | Updating Particle Systems
Fra:1 Mem:163.26M (Peak 195.26M) | Time:00:00.16 | Mem:146.06M, Peak:146.14M | Scene, ViewLayer | Updating Meshes
Fra:1 Mem:163.30M (Peak 195.26M) | Time:00:00.16 | Mem:146.06M, Peak:146.14M | Scene, ViewLayer | Updating Mesh | Computing attributes
Fra:1 Mem:163.38M (Peak 195.26M) | Time:00:00.16 | Mem:146.06M, Peak:146.14M | Scene, ViewLayer | Updating Mesh | Copying Attributes to device
Fra:1 Mem:163.38M (Peak 195.26M) | Time:00:00.16 | Mem:146.14M, Peak:146.14M | Scene, ViewLayer | Updating Geometry BVH neg0 2/2 | Building BVH
Fra:1 Mem:163.38M (Peak 195.26M) | Time:00:00.16 | Mem:146.14M, Peak:146.14M | Scene, ViewLayer | Updating Geometry BVH KAL 1/2 | Building BVH
Fra:1 Mem:163.38M (Peak 195.26M) | Time:00:00.16 | Mem:146.14M, Peak:146.14M | Scene, ViewLayer | Updating Geometry BVH KAL 1/2 | Building BVH 0%
Fra:1 Mem:163.38M (Peak 195.26M) | Time:00:00.16 | Mem:146.31M, Peak:146.38M | Scene, ViewLayer | Updating Scene BVH | Building
Fra:1 Mem:163.38M (Peak 195.26M) | Time:00:00.16 | Mem:146.31M, Peak:146.38M | Scene, ViewLayer | Updating Scene BVH | Building BVH
Fra:1 Mem:163.38M (Peak 195.26M) | Time:00:00.16 | Mem:146.31M, Peak:146.38M | Scene, ViewLayer | Updating Scene BVH | Copying BVH to device
Fra:1 Mem:163.38M (Peak 195.26M) | Time:00:00.16 | Mem:146.31M, Peak:146.38M | Scene, ViewLayer | Updating Mesh | Computing normals
Fra:1 Mem:163.49M (Peak 195.26M) | Time:00:00.16 | Mem:146.31M, Peak:146.38M | Scene, ViewLayer | Updating Mesh | Copying Mesh to device
Fra:1 Mem:163.49M (Peak 195.26M) | Time:00:00.16 | Mem:146.42M, Peak:146.42M | Scene, ViewLayer | Updating Objects Flags
Fra:1 Mem:163.49M (Peak 195.26M) | Time:00:00.16 | Mem:146.42M, Peak:146.42M | Scene, ViewLayer | Updating Primitive Offsets
Fra:1 Mem:163.49M (Peak 195.26M) | Time:00:00.16 | Mem:146.42M, Peak:146.42M | Scene, ViewLayer | Updating Images
Fra:1 Mem:163.49M (Peak 195.26M) | Time:00:00.16 | Mem:146.42M, Peak:146.42M | Scene, ViewLayer | Updating Camera Volume
Fra:1 Mem:163.49M (Peak 195.26M) | Time:00:00.16 | Mem:146.42M, Peak:146.42M | Scene, ViewLayer | Updating Lookup Tables
Fra:1 Mem:163.49M (Peak 195.26M) | Time:00:00.16 | Mem:146.51M, Peak:146.51M | Scene, ViewLayer | Updating Lights
Fra:1 Mem:163.49M (Peak 195.26M) | Time:00:00.16 | Mem:146.51M, Peak:146.51M | Scene, ViewLayer | Updating Lights | Computing tree
Fra:1 Mem:163.49M (Peak 195.26M) | Time:00:00.16 | Mem:146.51M, Peak:146.51M | Scene, ViewLayer | Updating Integrator
Fra:1 Mem:163.49M (Peak 195.26M) | Time:00:00.16 | Mem:146.51M, Peak:146.51M | Scene, ViewLayer | Updating Film
Fra:1 Mem:163.49M (Peak 195.26M) | Time:00:00.16 | Mem:146.51M, Peak:146.51M | Scene, ViewLayer | Updating Lookup Tables
Fra:1 Mem:163.49M (Peak 195.26M) | Time:00:00.16 | Mem:146.51M, Peak:146.51M | Scene, ViewLayer | Updating Baking
Fra:1 Mem:163.49M (Peak 195.26M) | Time:00:00.16 | Mem:146.51M, Peak:146.51M | Scene, ViewLayer | Updating Device | Writing constant memory
Fra:1 Mem:163.49M (Peak 195.26M) | Time:00:00.16 | Mem:146.51M, Peak:146.51M | Scene, ViewLayer | Sample 0/256
Fra:1 Mem:98.71M (Peak 195.26M) | Time:00:00.18 | Remaining:00:04.27 | Mem:81.72M, Peak:146.51M | Scene, ViewLayer | Sample 1/256
Fra:1 Mem:98.71M (Peak 195.26M) | Time:00:00.25 | Remaining:00:00.65 | Mem:81.72M, Peak:146.51M | Scene, ViewLayer | Sample 32/256
Fra:1 Mem:98.71M (Peak 195.26M) | Time:00:00.26 | Remaining:00:00.42 | Mem:81.72M, Peak:146.51M | Scene, ViewLayer | Sample 48/256
Fra:1 Mem:98.71M (Peak 195.26M) | Time:00:00.27 | Remaining:00:00.31 | Mem:81.72M, Peak:146.51M | Scene, ViewLayer | Sample 64/256
Fra:1 Mem:98.71M (Peak 195.26M) | Time:00:00.28 | Remaining:00:00.25 | Mem:81.72M, Peak:146.51M | Scene, ViewLayer | Sample 80/256
Fra:1 Mem:98.71M (Peak 195.26M) | Time:00:00.29 | Remaining:00:00.20 | Mem:81.72M, Peak:146.51M | Scene, ViewLayer | Sample 96/256
Fra:1 Mem:98.71M (Peak 195.26M) | Time:00:00.29 | Remaining:00:00.16 | Mem:81.72M, Peak:146.51M | Scene, ViewLayer | Sample 112/256
Fra:1 Mem:98.71M (Peak 195.26M) | Time:00:00.30 | Remaining:00:00.14 | Mem:81.72M, Peak:146.51M | Scene, ViewLayer | Sample 128/256
Fra:1 Mem:98.71M (Peak 195.26M) | Time:00:00.31 | Remaining:00:00.11 | Mem:81.72M, Peak:146.51M | Scene, ViewLayer | Sample 144/256
Fra:1 Mem:98.71M (Peak 195.26M) | Time:00:00.31 | Remaining:00:00.08 | Mem:81.72M, Peak:146.51M | Scene, ViewLayer | Sample 160/256
Fra:1 Mem:98.71M (Peak 195.26M) | Time:00:00.31 | Remaining:00:00.06 | Mem:81.72M, Peak:146.51M | Scene, ViewLayer | Sample 176/256
Fra:1 Mem:98.71M (Peak 195.26M) | Time:00:00.32 | Remaining:00:00.05 | Mem:81.72M, Peak:146.51M | Scene, ViewLayer | Sample 192/256
Fra:1 Mem:98.71M (Peak 195.26M) | Time:00:00.32 | Remaining:00:00.03 | Mem:81.72M, Peak:146.51M | Scene, ViewLayer | Sample 208/256
Fra:1 Mem:98.71M (Peak 195.26M) | Time:00:00.33 | Remaining:00:00.02 | Mem:81.72M, Peak:146.51M | Scene, ViewLayer | Sample 224/256
Fra:1 Mem:98.71M (Peak 195.26M) | Time:00:00.33 | Remaining:00:00.01 | Mem:81.72M, Peak:146.51M | Scene, ViewLayer | Sample 240/256
Fra:1 Mem:98.84M (Peak 195.26M) | Time:00:00.34 | Mem:81.72M, Peak:146.51M | Scene, ViewLayer | Sample 256/256
Fra:1 Mem:98.84M (Peak 195.26M) | Time:00:00.34 | Mem:81.72M, Peak:146.51M | Scene, ViewLayer | Finished
Saved: 'C:\Users\usman_pyywgw5\Downloads\fyp\out\sim\tmp\s000036\rgb_target.exr'
Time: 00:00.34 (Saving: 00:00.00)

    rgb target  crop 17x16 px @4x: 0.4s
Fra:1 Mem:98.71M (Peak 98.71M) | Time:00:00.00 | Mem:81.72M, Peak:81.72M | Scene, ViewLayer | Synchronizing object | ground
Fra:1 Mem:98.71M (Peak 98.71M) | Time:00:00.00 | Mem:81.72M, Peak:81.72M | Scene, ViewLayer | Initializing
Fra:1 Mem:98.71M (Peak 98.71M) | Time:00:00.00 | Mem:81.72M, Peak:81.72M | Scene, ViewLayer | Waiting for render to start
Fra:1 Mem:98.71M (Peak 98.71M) | Time:00:00.00 | Mem:81.72M, Peak:81.72M | Scene, ViewLayer | Updating Scene
Fra:1 Mem:98.71M (Peak 98.71M) | Time:00:00.00 | Mem:81.72M, Peak:81.72M | Scene, ViewLayer | Updating Shaders
Fra:1 Mem:98.71M (Peak 98.71M) | Time:00:00.00 | Mem:81.72M, Peak:81.72M | Scene, ViewLayer | Updating Background
Fra:1 Mem:98.71M (Peak 98.71M) | Time:00:00.00 | Mem:81.72M, Peak:81.72M | Scene, ViewLayer | Updating Camera
Fra:1 Mem:98.71M (Peak 98.71M) | Time:00:00.00 | Mem:81.72M, Peak:81.72M | Scene, ViewLayer | Updating Meshes Flags
Fra:1 Mem:98.71M (Peak 98.71M) | Time:00:00.00 | Mem:81.72M, Peak:81.72M | Scene, ViewLayer | Updating Objects
Fra:1 Mem:98.71M (Peak 98.71M) | Time:00:00.00 | Mem:81.72M, Peak:81.72M | Scene, ViewLayer | Updating Objects | Copying Transformations to device
Fra:1 Mem:98.71M (Peak 98.71M) | Time:00:00.00 | Mem:81.72M, Peak:81.72M | Scene, ViewLayer | Updating Objects | Applying Static Transformations
Fra:1 Mem:98.71M (Peak 98.71M) | Time:00:00.00 | Mem:81.72M, Peak:81.72M | Scene, ViewLayer | Updating Particle Systems
Fra:1 Mem:98.71M (Peak 98.71M) | Time:00:00.00 | Mem:81.72M, Peak:81.72M | Scene, ViewLayer | Updating Meshes
Fra:1 Mem:98.52M (Peak 98.71M) | Time:00:00.00 | Mem:81.53M, Peak:81.72M | Scene, ViewLayer | Updating Mesh | Computing attributes
Fra:1 Mem:98.60M (Peak 98.71M) | Time:00:00.00 | Mem:81.53M, Peak:81.72M | Scene, ViewLayer | Updating Mesh | Copying Attributes to device
Fra:1 Mem:98.60M (Peak 98.71M) | Time:00:00.00 | Mem:81.61M, Peak:81.72M | Scene, ViewLayer | Updating Scene BVH | Building
Fra:1 Mem:98.60M (Peak 98.71M) | Time:00:00.00 | Mem:81.61M, Peak:81.72M | Scene, ViewLayer | Updating Scene BVH | Building BVH
Fra:1 Mem:98.60M (Peak 98.71M) | Time:00:00.00 | Mem:81.61M, Peak:81.72M | Scene, ViewLayer | Updating Scene BVH | Copying BVH to device
Fra:1 Mem:98.60M (Peak 98.71M) | Time:00:00.00 | Mem:81.61M, Peak:81.72M | Scene, ViewLayer | Updating Mesh | Computing normals
Fra:1 Mem:98.71M (Peak 98.71M) | Time:00:00.00 | Mem:81.61M, Peak:81.72M | Scene, ViewLayer | Updating Mesh | Copying Mesh to device
Fra:1 Mem:98.71M (Peak 98.71M) | Time:00:00.00 | Mem:81.72M, Peak:81.72M | Scene, ViewLayer | Updating Objects Flags
Fra:1 Mem:98.71M (Peak 98.71M) | Time:00:00.00 | Mem:81.72M, Peak:81.72M | Scene, ViewLayer | Updating Primitive Offsets
Fra:1 Mem:98.71M (Peak 98.71M) | Time:00:00.00 | Mem:81.72M, Peak:81.72M | Scene, ViewLayer | Updating Images
Fra:1 Mem:98.71M (Peak 98.71M) | Time:00:00.00 | Mem:81.72M, Peak:81.72M | Scene, ViewLayer | Updating Camera Volume
Fra:1 Mem:98.71M (Peak 98.71M) | Time:00:00.00 | Mem:81.72M, Peak:81.72M | Scene, ViewLayer | Updating Lookup Tables
Fra:1 Mem:98.71M (Peak 98.71M) | Time:00:00.00 | Mem:81.72M, Peak:81.72M | Scene, ViewLayer | Updating Lights
Fra:1 Mem:98.71M (Peak 98.71M) | Time:00:00.00 | Mem:81.72M, Peak:81.72M | Scene, ViewLayer | Updating Lights | Computing tree
Fra:1 Mem:98.71M (Peak 98.71M) | Time:00:00.00 | Mem:81.72M, Peak:81.72M | Scene, ViewLayer | Updating Integrator
Fra:1 Mem:98.71M (Peak 98.71M) | Time:00:00.00 | Mem:81.72M, Peak:81.72M | Scene, ViewLayer | Updating Film
Fra:1 Mem:98.71M (Peak 98.71M) | Time:00:00.00 | Mem:81.72M, Peak:81.72M | Scene, ViewLayer | Updating Lookup Tables
Fra:1 Mem:98.71M (Peak 98.71M) | Time:00:00.00 | Mem:81.72M, Peak:81.72M | Scene, ViewLayer | Updating Baking
Fra:1 Mem:98.71M (Peak 98.71M) | Time:00:00.00 | Mem:81.72M, Peak:81.72M | Scene, ViewLayer | Updating Device | Writing constant memory
Fra:1 Mem:98.71M (Peak 98.71M) | Time:00:00.00 | Mem:81.72M, Peak:81.72M | Scene, ViewLayer | Sample 0/256
Fra:1 Mem:98.59M (Peak 98.71M) | Time:00:00.00 | Remaining:00:00.34 | Mem:81.61M, Peak:81.72M | Scene, ViewLayer | Sample 1/256
Fra:1 Mem:98.59M (Peak 98.71M) | Time:00:00.05 | Remaining:00:00.32 | Mem:81.61M, Peak:81.72M | Scene, ViewLayer | Sample 32/256
Fra:1 Mem:98.59M (Peak 98.71M) | Time:00:00.07 | Remaining:00:00.29 | Mem:81.61M, Peak:81.72M | Scene, ViewLayer | Sample 48/256
Fra:1 Mem:98.59M (Peak 98.71M) | Time:00:00.08 | Remaining:00:00.22 | Mem:81.61M, Peak:81.72M | Scene, ViewLayer | Sample 64/256
Fra:1 Mem:98.59M (Peak 98.71M) | Time:00:00.09 | Remaining:00:00.19 | Mem:81.61M, Peak:81.72M | Scene, ViewLayer | Sample 80/256
Fra:1 Mem:98.59M (Peak 98.71M) | Time:00:00.10 | Remaining:00:00.15 | Mem:81.61M, Peak:81.72M | Scene, ViewLayer | Sample 96/256
Fra:1 Mem:98.59M (Peak 98.71M) | Time:00:00.10 | Remaining:00:00.13 | Mem:81.61M, Peak:81.72M | Scene, ViewLayer | Sample 112/256
Fra:1 Mem:98.59M (Peak 98.71M) | Time:00:00.11 | Remaining:00:00.11 | Mem:81.61M, Peak:81.72M | Scene, ViewLayer | Sample 128/256
Fra:1 Mem:98.59M (Peak 98.71M) | Time:00:00.12 | Remaining:00:00.09 | Mem:81.61M, Peak:81.72M | Scene, ViewLayer | Sample 144/256
Fra:1 Mem:98.59M (Peak 98.71M) | Time:00:00.12 | Remaining:00:00.07 | Mem:81.61M, Peak:81.72M | Scene, ViewLayer | Sample 160/256
Fra:1 Mem:98.59M (Peak 98.71M) | Time:00:00.13 | Remaining:00:00.05 | Mem:81.61M, Peak:81.72M | Scene, ViewLayer | Sample 176/256
Fra:1 Mem:98.59M (Peak 98.71M) | Time:00:00.14 | Remaining:00:00.04 | Mem:81.61M, Peak:81.72M | Scene, ViewLayer | Sample 192/256
Fra:1 Mem:98.59M (Peak 98.71M) | Time:00:00.14 | Remaining:00:00.03 | Mem:81.61M, Peak:81.72M | Scene, ViewLayer | Sample 208/256
Fra:1 Mem:98.59M (Peak 98.71M) | Time:00:00.15 | Remaining:00:00.02 | Mem:81.61M, Peak:81.72M | Scene, ViewLayer | Sample 224/256
Fra:1 Mem:98.59M (Peak 98.71M) | Time:00:00.15 | Remaining:00:00.01 | Mem:81.61M, Peak:81.72M | Scene, ViewLayer | Sample 240/256
Fra:1 Mem:98.66M (Peak 98.71M) | Time:00:00.16 | Mem:81.61M, Peak:81.72M | Scene, ViewLayer | Sample 256/256
Fra:1 Mem:98.66M (Peak 98.71M) | Time:00:00.16 | Mem:81.61M, Peak:81.72M | Scene, ViewLayer | Finished
Saved: 'C:\Users\usman_pyywgw5\Downloads\fyp\out\sim\tmp\s000036\rgb_neg0.exr'
Time: 00:00.16 (Saving: 00:00.00)

    rgb neg0    crop 25x20 px @2x: 0.2s
Fra:1 Mem:97.89M (Peak 98.54M) | Time:00:00.00 | Mem:81.61M, Peak:81.61M | Scene, ViewLayer | Synchronizing object | ground
Fra:1 Mem:97.89M (Peak 98.54M) | Time:00:00.00 | Mem:81.61M, Peak:81.61M | Scene, ViewLayer | Initializing
Fra:1 Mem:97.66M (Peak 98.54M) | Time:00:00.00 | Mem:81.61M, Peak:81.61M | Scene, ViewLayer | Updating Images | Loading lwir_sky_lut
Fra:1 Mem:97.69M (Peak 98.54M) | Time:00:00.00 | Mem:81.64M, Peak:81.64M | Scene, ViewLayer | Waiting for render to start
Fra:1 Mem:97.69M (Peak 98.54M) | Time:00:00.00 | Mem:81.64M, Peak:81.64M | Scene, ViewLayer | Loading render kernels (may take a few minutes the first time)
Fra:1 Mem:97.69M (Peak 98.54M) | Time:00:00.00 | Mem:81.64M, Peak:81.64M | Scene, ViewLayer | Updating Scene
Fra:1 Mem:97.69M (Peak 98.54M) | Time:00:00.00 | Mem:81.64M, Peak:81.64M | Scene, ViewLayer | Updating Shaders
Fra:1 Mem:97.68M (Peak 98.54M) | Time:00:00.00 | Mem:81.63M, Peak:81.64M | Scene, ViewLayer | Updating Background
Fra:1 Mem:97.68M (Peak 98.54M) | Time:00:00.00 | Mem:81.63M, Peak:81.64M | Scene, ViewLayer | Updating Camera
Fra:1 Mem:97.68M (Peak 98.54M) | Time:00:00.00 | Mem:81.63M, Peak:81.64M | Scene, ViewLayer | Updating Meshes Flags
Fra:1 Mem:97.68M (Peak 98.54M) | Time:00:00.00 | Mem:81.45M, Peak:81.64M | Scene, ViewLayer | Updating Objects
Fra:1 Mem:97.68M (Peak 98.54M) | Time:00:00.00 | Mem:81.45M, Peak:81.64M | Scene, ViewLayer | Updating Objects | Copying Transformations to device
Fra:1 Mem:97.68M (Peak 98.54M) | Time:00:00.00 | Mem:81.45M, Peak:81.64M | Scene, ViewLayer | Updating Objects | Applying Static Transformations
Fra:1 Mem:97.68M (Peak 98.54M) | Time:00:00.00 | Mem:81.45M, Peak:81.64M | Scene, ViewLayer | Updating Particle Systems
Fra:1 Mem:97.68M (Peak 98.54M) | Time:00:00.00 | Mem:81.45M, Peak:81.64M | Scene, ViewLayer | Updating Meshes
Fra:1 Mem:97.49M (Peak 98.54M) | Time:00:00.00 | Mem:81.26M, Peak:81.64M | Scene, ViewLayer | Updating Mesh | Computing attributes
Fra:1 Mem:97.49M (Peak 98.54M) | Time:00:00.00 | Mem:81.26M, Peak:81.64M | Scene, ViewLayer | Updating Mesh | Copying Attributes to device
Fra:1 Mem:97.49M (Peak 98.54M) | Time:00:00.00 | Mem:81.26M, Peak:81.64M | Scene, ViewLayer | Updating Scene BVH | Building
Fra:1 Mem:97.49M (Peak 98.54M) | Time:00:00.00 | Mem:81.26M, Peak:81.64M | Scene, ViewLayer | Updating Scene BVH | Building BVH
Fra:1 Mem:97.49M (Peak 98.54M) | Time:00:00.00 | Mem:81.26M, Peak:81.64M | Scene, ViewLayer | Updating Scene BVH | Building BVH 0%
Fra:1 Mem:97.49M (Peak 98.54M) | Time:00:00.00 | Mem:81.26M, Peak:81.64M | Scene, ViewLayer | Updating Scene BVH | Copying BVH to device
Fra:1 Mem:97.49M (Peak 98.54M) | Time:00:00.00 | Mem:81.26M, Peak:81.64M | Scene, ViewLayer | Updating Mesh | Computing normals
Fra:1 Mem:97.49M (Peak 98.54M) | Time:00:00.00 | Mem:81.26M, Peak:81.64M | Scene, ViewLayer | Updating Mesh | Copying Mesh to device
Fra:1 Mem:97.49M (Peak 98.54M) | Time:00:00.00 | Mem:81.26M, Peak:81.64M | Scene, ViewLayer | Updating Objects Flags
Fra:1 Mem:97.49M (Peak 98.54M) | Time:00:00.00 | Mem:81.26M, Peak:81.64M | Scene, ViewLayer | Updating Primitive Offsets
Fra:1 Mem:97.49M (Peak 98.54M) | Time:00:00.00 | Mem:81.26M, Peak:81.64M | Scene, ViewLayer | Updating Images
Fra:1 Mem:96.49M (Peak 98.54M) | Time:00:00.00 | Mem:80.26M, Peak:81.64M | Scene, ViewLayer | Updating Camera Volume
Fra:1 Mem:96.49M (Peak 98.54M) | Time:00:00.00 | Mem:80.26M, Peak:81.64M | Scene, ViewLayer | Updating Lookup Tables
Fra:1 Mem:96.49M (Peak 98.54M) | Time:00:00.00 | Mem:80.26M, Peak:81.64M | Scene, ViewLayer | Updating Lights
Fra:1 Mem:32.46M (Peak 98.54M) | Time:00:00.01 | Mem:16.23M, Peak:81.64M | Scene, ViewLayer | Updating Lights | Importance map
Fra:1 Mem:96.49M (Peak 384.46M) | Time:00:01.91 | Mem:80.26M, Peak:240.23M | Scene, ViewLayer | Updating Lights | Computing tree
Fra:1 Mem:96.49M (Peak 384.46M) | Time:00:01.91 | Mem:80.26M, Peak:240.23M | Scene, ViewLayer | Updating Integrator
Fra:1 Mem:96.49M (Peak 384.46M) | Time:00:01.91 | Mem:80.26M, Peak:240.23M | Scene, ViewLayer | Updating Film
Fra:1 Mem:96.49M (Peak 384.46M) | Time:00:01.91 | Mem:80.18M, Peak:240.23M | Scene, ViewLayer | Updating Lookup Tables
Fra:1 Mem:96.49M (Peak 384.46M) | Time:00:01.91 | Mem:80.26M, Peak:240.23M | Scene, ViewLayer | Updating Baking
Fra:1 Mem:96.49M (Peak 384.46M) | Time:00:01.91 | Mem:80.26M, Peak:240.23M | Scene, ViewLayer | Updating Device | Writing constant memory
Fra:1 Mem:96.49M (Peak 384.46M) | Time:00:01.91 | Mem:80.26M, Peak:240.23M | Scene, ViewLayer | Sample 0/4
Fra:1 Mem:161.39M (Peak 384.46M) | Time:00:02.41 | Remaining:00:01.50 | Mem:145.16M, Peak:240.23M | Scene, ViewLayer | Sample 1/4
Fra:1 Mem:201.39M (Peak 384.46M) | Time:00:04.00 | Mem:145.16M, Peak:240.23M | Scene, ViewLayer | Sample 4/4
Fra:1 Mem:201.39M (Peak 384.46M) | Time:00:04.00 | Mem:145.16M, Peak:240.23M | Scene, ViewLayer | Finished
Saved: 'C:\Users\usman_pyywgw5\Downloads\fyp\out\sim\tmp\s000036\lwir_bg.exr'
Time: 00:04.22 (Saving: 00:00.22)

    lwir background 1280x1024: 5.6s
Fra:1 Mem:162.10M (Peak 162.10M) | Time:00:00.00 | Mem:145.16M, Peak:145.16M | Scene, ViewLayer | Synchronizing object | ground
Fra:1 Mem:162.10M (Peak 162.10M) | Time:00:00.00 | Mem:145.16M, Peak:145.16M | Scene, ViewLayer | Synchronizing object | neg0
Fra:1 Mem:162.10M (Peak 162.10M) | Time:00:00.00 | Mem:145.16M, Peak:145.16M | Scene, ViewLayer | Synchronizing object | KAL
Fra:1 Mem:162.21M (Peak 162.21M) | Time:00:00.00 | Mem:145.16M, Peak:145.16M | Scene, ViewLayer | Initializing
Fra:1 Mem:162.20M (Peak 162.21M) | Time:00:00.00 | Mem:145.16M, Peak:145.16M | Scene, ViewLayer | Waiting for render to start
Fra:1 Mem:162.20M (Peak 162.21M) | Time:00:00.00 | Mem:145.16M, Peak:145.16M | Scene, ViewLayer | Loading render kernels (may take a few minutes the first time)
Fra:1 Mem:162.20M (Peak 162.21M) | Time:00:00.00 | Mem:145.16M, Peak:145.16M | Scene, ViewLayer | Updating Scene
Fra:1 Mem:162.20M (Peak 162.21M) | Time:00:00.00 | Mem:145.16M, Peak:145.16M | Scene, ViewLayer | Updating Shaders
Fra:1 Mem:162.21M (Peak 162.21M) | Time:00:00.00 | Mem:145.17M, Peak:145.17M | Scene, ViewLayer | Updating Procedurals
Fra:1 Mem:162.21M (Peak 162.21M) | Time:00:00.00 | Mem:145.17M, Peak:145.17M | Scene, ViewLayer | Updating Background
Fra:1 Mem:162.21M (Peak 162.21M) | Time:00:00.00 | Mem:145.17M, Peak:145.17M | Scene, ViewLayer | Updating Camera
Fra:1 Mem:162.21M (Peak 162.21M) | Time:00:00.00 | Mem:145.08M, Peak:145.17M | Scene, ViewLayer | Updating Meshes Flags
Fra:1 Mem:162.21M (Peak 162.21M) | Time:00:00.00 | Mem:145.08M, Peak:145.17M | Scene, ViewLayer | Updating Objects
Fra:1 Mem:162.21M (Peak 162.21M) | Time:00:00.00 | Mem:145.08M, Peak:145.17M | Scene, ViewLayer | Updating Objects | Copying Transformations to device
Fra:1 Mem:162.21M (Peak 162.21M) | Time:00:00.00 | Mem:145.08M, Peak:145.17M | Scene, ViewLayer | Updating Objects | Applying Static Transformations
Fra:1 Mem:162.21M (Peak 162.21M) | Time:00:00.00 | Mem:145.08M, Peak:145.17M | Scene, ViewLayer | Updating Particle Systems
Fra:1 Mem:162.21M (Peak 162.21M) | Time:00:00.00 | Mem:145.08M, Peak:145.17M | Scene, ViewLayer | Updating Meshes
Fra:1 Mem:162.25M (Peak 162.25M) | Time:00:00.00 | Mem:145.08M, Peak:145.17M | Scene, ViewLayer | Updating Mesh | Computing attributes
Fra:1 Mem:162.25M (Peak 162.25M) | Time:00:00.00 | Mem:145.08M, Peak:145.17M | Scene, ViewLayer | Updating Mesh | Copying Attributes to device
Fra:1 Mem:162.25M (Peak 162.25M) | Time:00:00.00 | Mem:145.08M, Peak:145.17M | Scene, ViewLayer | Updating Geometry BVH neg0 2/2 | Building BVH
Fra:1 Mem:162.25M (Peak 162.25M) | Time:00:00.00 | Mem:145.08M, Peak:145.17M | Scene, ViewLayer | Updating Geometry BVH KAL 1/2 | Building BVH
Fra:1 Mem:162.25M (Peak 162.25M) | Time:00:00.00 | Mem:145.16M, Peak:145.17M | Scene, ViewLayer | Updating Geometry BVH KAL 1/2 | Building BVH 0%
Fra:1 Mem:162.25M (Peak 162.25M) | Time:00:00.00 | Mem:145.26M, Peak:145.33M | Scene, ViewLayer | Updating Scene BVH | Building
Fra:1 Mem:162.25M (Peak 162.25M) | Time:00:00.00 | Mem:145.26M, Peak:145.33M | Scene, ViewLayer | Updating Scene BVH | Building BVH
Fra:1 Mem:162.25M (Peak 162.25M) | Time:00:00.00 | Mem:145.26M, Peak:145.33M | Scene, ViewLayer | Updating Scene BVH | Copying BVH to device
Fra:1 Mem:162.25M (Peak 162.25M) | Time:00:00.00 | Mem:145.26M, Peak:145.33M | Scene, ViewLayer | Updating Mesh | Computing normals
Fra:1 Mem:162.36M (Peak 162.36M) | Time:00:00.00 | Mem:145.26M, Peak:145.33M | Scene, ViewLayer | Updating Mesh | Copying Mesh to device
Fra:1 Mem:162.36M (Peak 162.36M) | Time:00:00.00 | Mem:145.37M, Peak:145.37M | Scene, ViewLayer | Updating Objects Flags
Fra:1 Mem:162.36M (Peak 162.36M) | Time:00:00.00 | Mem:145.37M, Peak:145.37M | Scene, ViewLayer | Updating Primitive Offsets
Fra:1 Mem:162.36M (Peak 162.36M) | Time:00:00.00 | Mem:145.37M, Peak:145.37M | Scene, ViewLayer | Updating Images
Fra:1 Mem:146.36M (Peak 162.36M) | Time:00:00.00 | Mem:129.37M, Peak:145.37M | Scene, ViewLayer | Updating Camera Volume
Fra:1 Mem:146.36M (Peak 162.36M) | Time:00:00.00 | Mem:129.37M, Peak:145.37M | Scene, ViewLayer | Updating Lookup Tables
Fra:1 Mem:146.36M (Peak 162.36M) | Time:00:00.00 | Mem:129.45M, Peak:145.37M | Scene, ViewLayer | Updating Lights
Fra:1 Mem:146.36M (Peak 162.36M) | Time:00:00.00 | Mem:129.45M, Peak:145.37M | Scene, ViewLayer | Updating Lights | Computing tree
Fra:1 Mem:146.78M (Peak 162.36M) | Time:00:00.03 | Mem:129.88M, Peak:145.37M | Scene, ViewLayer | Updating Integrator
Fra:1 Mem:146.78M (Peak 162.36M) | Time:00:00.03 | Mem:129.88M, Peak:145.37M | Scene, ViewLayer | Updating Film
Fra:1 Mem:146.78M (Peak 162.36M) | Time:00:00.03 | Mem:129.88M, Peak:145.37M | Scene, ViewLayer | Updating Lookup Tables
Fra:1 Mem:146.78M (Peak 162.36M) | Time:00:00.03 | Mem:129.88M, Peak:145.37M | Scene, ViewLayer | Updating Baking
Fra:1 Mem:146.78M (Peak 162.36M) | Time:00:00.03 | Mem:129.88M, Peak:145.37M | Scene, ViewLayer | Updating Device | Writing constant memory
Fra:1 Mem:146.78M (Peak 162.36M) | Time:00:00.03 | Mem:129.88M, Peak:145.37M | Scene, ViewLayer | Sample 0/256
Fra:1 Mem:82.00M (Peak 162.36M) | Time:00:00.05 | Remaining:00:04.54 | Mem:65.10M, Peak:145.37M | Scene, ViewLayer | Sample 1/256
Fra:1 Mem:82.00M (Peak 162.36M) | Time:00:00.10 | Remaining:00:00.50 | Mem:65.10M, Peak:145.37M | Scene, ViewLayer | Sample 32/256
Fra:1 Mem:82.00M (Peak 162.36M) | Time:00:00.10 | Remaining:00:00.31 | Mem:65.10M, Peak:145.37M | Scene, ViewLayer | Sample 48/256
Fra:1 Mem:82.00M (Peak 162.36M) | Time:00:00.10 | Remaining:00:00.22 | Mem:65.10M, Peak:145.37M | Scene, ViewLayer | Sample 64/256
Fra:1 Mem:82.00M (Peak 162.36M) | Time:00:00.10 | Remaining:00:00.16 | Mem:65.10M, Peak:145.37M | Scene, ViewLayer | Sample 80/256
Fra:1 Mem:82.00M (Peak 162.36M) | Time:00:00.10 | Remaining:00:00.12 | Mem:65.10M, Peak:145.37M | Scene, ViewLayer | Sample 96/256
Fra:1 Mem:82.00M (Peak 162.36M) | Time:00:00.10 | Remaining:00:00.09 | Mem:65.10M, Peak:145.37M | Scene, ViewLayer | Sample 112/256
Fra:1 Mem:82.00M (Peak 162.36M) | Time:00:00.10 | Remaining:00:00.07 | Mem:65.10M, Peak:145.37M | Scene, ViewLayer | Sample 128/256
Fra:1 Mem:82.00M (Peak 162.36M) | Time:00:00.11 | Remaining:00:00.05 | Mem:65.10M, Peak:145.37M | Scene, ViewLayer | Sample 144/256
Fra:1 Mem:82.00M (Peak 162.36M) | Time:00:00.11 | Remaining:00:00.04 | Mem:65.10M, Peak:145.37M | Scene, ViewLayer | Sample 160/256
Fra:1 Mem:82.00M (Peak 162.36M) | Time:00:00.11 | Remaining:00:00.03 | Mem:65.10M, Peak:145.37M | Scene, ViewLayer | Sample 176/256
Fra:1 Mem:82.00M (Peak 162.36M) | Time:00:00.11 | Remaining:00:00.02 | Mem:65.10M, Peak:145.37M | Scene, ViewLayer | Sample 192/256
Fra:1 Mem:82.00M (Peak 162.36M) | Time:00:00.11 | Remaining:00:00.01 | Mem:65.10M, Peak:145.37M | Scene, ViewLayer | Sample 208/256
Fra:1 Mem:82.00M (Peak 162.36M) | Time:00:00.11 | Remaining:00:00.01 | Mem:65.10M, Peak:145.37M | Scene, ViewLayer | Sample 224/256
Fra:1 Mem:82.00M (Peak 162.36M) | Time:00:00.11 | Remaining:00:00.00 | Mem:65.10M, Peak:145.37M | Scene, ViewLayer | Sample 240/256
Fra:1 Mem:82.14M (Peak 162.36M) | Time:00:00.11 | Mem:65.10M, Peak:145.37M | Scene, ViewLayer | Sample 256/256
Fra:1 Mem:82.14M (Peak 162.36M) | Time:00:00.11 | Mem:65.10M, Peak:145.37M | Scene, ViewLayer | Finished
Saved: 'C:\Users\usman_pyywgw5\Downloads\fyp\out\sim\tmp\s000036\lwir_target.exr'
Time: 00:00.12 (Saving: 00:00.00)

    lwir target  crop 17x16 px @4x: 0.2s
Fra:1 Mem:82.00M (Peak 82.00M) | Time:00:00.00 | Mem:65.10M, Peak:65.10M | Scene, ViewLayer | Synchronizing object | ground
Fra:1 Mem:82.00M (Peak 82.00M) | Time:00:00.00 | Mem:65.10M, Peak:65.10M | Scene, ViewLayer | Initializing
Fra:1 Mem:82.00M (Peak 82.00M) | Time:00:00.00 | Mem:65.10M, Peak:65.10M | Scene, ViewLayer | Waiting for render to start
Fra:1 Mem:82.00M (Peak 82.00M) | Time:00:00.00 | Mem:65.10M, Peak:65.10M | Scene, ViewLayer | Updating Scene
Fra:1 Mem:82.00M (Peak 82.00M) | Time:00:00.00 | Mem:65.10M, Peak:65.10M | Scene, ViewLayer | Updating Shaders
Fra:1 Mem:82.00M (Peak 82.00M) | Time:00:00.00 | Mem:65.10M, Peak:65.10M | Scene, ViewLayer | Updating Background
Fra:1 Mem:82.00M (Peak 82.00M) | Time:00:00.00 | Mem:65.10M, Peak:65.10M | Scene, ViewLayer | Updating Camera
Fra:1 Mem:82.00M (Peak 82.00M) | Time:00:00.00 | Mem:65.10M, Peak:65.10M | Scene, ViewLayer | Updating Meshes Flags
Fra:1 Mem:82.00M (Peak 82.00M) | Time:00:00.00 | Mem:65.09M, Peak:65.10M | Scene, ViewLayer | Updating Objects
Fra:1 Mem:82.00M (Peak 82.00M) | Time:00:00.00 | Mem:65.09M, Peak:65.10M | Scene, ViewLayer | Updating Objects | Copying Transformations to device
Fra:1 Mem:82.00M (Peak 82.00M) | Time:00:00.00 | Mem:65.09M, Peak:65.10M | Scene, ViewLayer | Updating Objects | Applying Static Transformations
Fra:1 Mem:82.00M (Peak 82.00M) | Time:00:00.00 | Mem:65.09M, Peak:65.10M | Scene, ViewLayer | Updating Particle Systems
Fra:1 Mem:82.00M (Peak 82.00M) | Time:00:00.00 | Mem:65.09M, Peak:65.10M | Scene, ViewLayer | Updating Meshes
Fra:1 Mem:81.89M (Peak 82.00M) | Time:00:00.00 | Mem:64.98M, Peak:65.10M | Scene, ViewLayer | Updating Mesh | Computing attributes
Fra:1 Mem:81.89M (Peak 82.00M) | Time:00:00.00 | Mem:64.98M, Peak:65.10M | Scene, ViewLayer | Updating Mesh | Copying Attributes to device
Fra:1 Mem:81.89M (Peak 82.00M) | Time:00:00.00 | Mem:64.98M, Peak:65.10M | Scene, ViewLayer | Updating Scene BVH | Building
Fra:1 Mem:81.89M (Peak 82.00M) | Time:00:00.00 | Mem:64.98M, Peak:65.10M | Scene, ViewLayer | Updating Scene BVH | Building BVH
Fra:1 Mem:81.89M (Peak 82.00M) | Time:00:00.00 | Mem:64.99M, Peak:65.10M | Scene, ViewLayer | Updating Scene BVH | Copying BVH to device
Fra:1 Mem:81.89M (Peak 82.00M) | Time:00:00.00 | Mem:64.99M, Peak:65.10M | Scene, ViewLayer | Updating Mesh | Computing normals
Fra:1 Mem:82.00M (Peak 82.00M) | Time:00:00.00 | Mem:64.99M, Peak:65.10M | Scene, ViewLayer | Updating Mesh | Copying Mesh to device
Fra:1 Mem:82.00M (Peak 82.00M) | Time:00:00.00 | Mem:65.10M, Peak:65.10M | Scene, ViewLayer | Updating Objects Flags
Fra:1 Mem:82.00M (Peak 82.00M) | Time:00:00.00 | Mem:65.10M, Peak:65.10M | Scene, ViewLayer | Updating Primitive Offsets
Fra:1 Mem:82.00M (Peak 82.00M) | Time:00:00.00 | Mem:65.10M, Peak:65.10M | Scene, ViewLayer | Updating Images
Fra:1 Mem:82.00M (Peak 82.00M) | Time:00:00.00 | Mem:65.10M, Peak:65.10M | Scene, ViewLayer | Updating Camera Volume
Fra:1 Mem:82.00M (Peak 82.00M) | Time:00:00.00 | Mem:65.10M, Peak:65.10M | Scene, ViewLayer | Updating Lookup Tables
Fra:1 Mem:82.00M (Peak 82.00M) | Time:00:00.00 | Mem:65.10M, Peak:65.10M | Scene, ViewLayer | Updating Lights
Fra:1 Mem:81.57M (Peak 82.00M) | Time:00:00.00 | Mem:64.67M, Peak:65.10M | Scene, ViewLayer | Updating Lights | Computing tree
Fra:1 Mem:82.00M (Peak 82.00M) | Time:00:00.03 | Mem:65.10M, Peak:65.10M | Scene, ViewLayer | Updating Integrator
Fra:1 Mem:82.00M (Peak 82.00M) | Time:00:00.03 | Mem:65.10M, Peak:65.10M | Scene, ViewLayer | Updating Film
Fra:1 Mem:82.00M (Peak 82.00M) | Time:00:00.03 | Mem:65.10M, Peak:65.10M | Scene, ViewLayer | Updating Lookup Tables
Fra:1 Mem:82.00M (Peak 82.00M) | Time:00:00.03 | Mem:65.10M, Peak:65.10M | Scene, ViewLayer | Updating Baking
Fra:1 Mem:82.00M (Peak 82.00M) | Time:00:00.03 | Mem:65.10M, Peak:65.10M | Scene, ViewLayer | Updating Device | Writing constant memory
Fra:1 Mem:82.00M (Peak 82.00M) | Time:00:00.03 | Mem:65.10M, Peak:65.10M | Scene, ViewLayer | Sample 0/256
Fra:1 Mem:81.88M (Peak 82.00M) | Time:00:00.03 | Remaining:00:00.15 | Mem:64.98M, Peak:65.10M | Scene, ViewLayer | Sample 1/256
Fra:1 Mem:81.88M (Peak 82.00M) | Time:00:00.05 | Remaining:00:00.14 | Mem:64.98M, Peak:65.10M | Scene, ViewLayer | Sample 32/256
Fra:1 Mem:81.88M (Peak 82.00M) | Time:00:00.05 | Remaining:00:00.09 | Mem:64.98M, Peak:65.10M | Scene, ViewLayer | Sample 48/256
Fra:1 Mem:81.88M (Peak 82.00M) | Time:00:00.05 | Remaining:00:00.06 | Mem:64.98M, Peak:65.10M | Scene, ViewLayer | Sample 64/256
Fra:1 Mem:81.88M (Peak 82.00M) | Time:00:00.05 | Remaining:00:00.05 | Mem:64.98M, Peak:65.10M | Scene, ViewLayer | Sample 80/256
Fra:1 Mem:81.88M (Peak 82.00M) | Time:00:00.05 | Remaining:00:00.04 | Mem:64.98M, Peak:65.10M | Scene, ViewLayer | Sample 96/256
Fra:1 Mem:81.88M (Peak 82.00M) | Time:00:00.05 | Remaining:00:00.03 | Mem:64.98M, Peak:65.10M | Scene, ViewLayer | Sample 112/256
Fra:1 Mem:81.88M (Peak 82.00M) | Time:00:00.05 | Remaining:00:00.02 | Mem:64.98M, Peak:65.10M | Scene, ViewLayer | Sample 128/256
Fra:1 Mem:81.88M (Peak 82.00M) | Time:00:00.06 | Remaining:00:00.02 | Mem:64.98M, Peak:65.10M | Scene, ViewLayer | Sample 144/256
Fra:1 Mem:81.88M (Peak 82.00M) | Time:00:00.06 | Remaining:00:00.01 | Mem:64.98M, Peak:65.10M | Scene, ViewLayer | Sample 160/256
Fra:1 Mem:81.88M (Peak 82.00M) | Time:00:00.06 | Remaining:00:00.01 | Mem:64.98M, Peak:65.10M | Scene, ViewLayer | Sample 176/256
Fra:1 Mem:81.88M (Peak 82.00M) | Time:00:00.06 | Remaining:00:00.01 | Mem:64.98M, Peak:65.10M | Scene, ViewLayer | Sample 192/256
Fra:1 Mem:81.88M (Peak 82.00M) | Time:00:00.06 | Remaining:00:00.00 | Mem:64.98M, Peak:65.10M | Scene, ViewLayer | Sample 208/256
Fra:1 Mem:81.88M (Peak 82.00M) | Time:00:00.06 | Remaining:00:00.00 | Mem:64.98M, Peak:65.10M | Scene, ViewLayer | Sample 224/256
Fra:1 Mem:81.88M (Peak 82.00M) | Time:00:00.06 | Remaining:00:00.00 | Mem:64.98M, Peak:65.10M | Scene, ViewLayer | Sample 240/256
Fra:1 Mem:81.95M (Peak 82.00M) | Time:00:00.06 | Mem:64.98M, Peak:65.10M | Scene, ViewLayer | Sample 256/256
Fra:1 Mem:81.95M (Peak 82.00M) | Time:00:00.06 | Mem:64.98M, Peak:65.10M | Scene, ViewLayer | Finished
Saved: 'C:\Users\usman_pyywgw5\Downloads\fyp\out\sim\tmp\s000036\lwir_neg0.exr'
Time: 00:00.06 (Saving: 00:00.00)

    lwir neg0    crop 25x20 px @2x: 0.1s
Fra:1 Mem:81.20M (Peak 81.83M) | Time:00:00.00 | Mem:64.98M, Peak:64.98M | Scene, ViewLayer | Synchronizing object | ground
Fra:1 Mem:81.20M (Peak 81.83M) | Time:00:00.00 | Mem:64.98M, Peak:64.98M | Scene, ViewLayer | Initializing
Fra:1 Mem:81.05M (Peak 81.83M) | Time:00:00.00 | Mem:64.98M, Peak:64.98M | Scene, ViewLayer | Waiting for render to start
Fra:1 Mem:81.05M (Peak 81.83M) | Time:00:00.00 | Mem:64.98M, Peak:64.98M | Scene, ViewLayer | Loading render kernels (may take a few minutes the first time)
Fra:1 Mem:81.05M (Peak 81.83M) | Time:00:00.00 | Mem:64.98M, Peak:64.98M | Scene, ViewLayer | Updating Scene
Fra:1 Mem:81.05M (Peak 81.83M) | Time:00:00.00 | Mem:64.98M, Peak:64.98M | Scene, ViewLayer | Updating Shaders
Fra:1 Mem:81.05M (Peak 81.83M) | Time:00:00.00 | Mem:64.98M, Peak:64.98M | Scene, ViewLayer | Updating Procedurals
Fra:1 Mem:81.05M (Peak 81.83M) | Time:00:00.00 | Mem:64.98M, Peak:64.98M | Scene, ViewLayer | Updating Background
Fra:1 Mem:81.05M (Peak 81.83M) | Time:00:00.00 | Mem:64.98M, Peak:64.98M | Scene, ViewLayer | Updating Camera
Fra:1 Mem:81.05M (Peak 81.83M) | Time:00:00.00 | Mem:64.98M, Peak:64.98M | Scene, ViewLayer | Updating Meshes Flags
Fra:1 Mem:81.05M (Peak 81.83M) | Time:00:00.00 | Mem:64.80M, Peak:64.98M | Scene, ViewLayer | Updating Objects
Fra:1 Mem:81.05M (Peak 81.83M) | Time:00:00.00 | Mem:64.80M, Peak:64.98M | Scene, ViewLayer | Updating Objects | Copying Transformations to device
Fra:1 Mem:81.05M (Peak 81.83M) | Time:00:00.00 | Mem:64.80M, Peak:64.98M | Scene, ViewLayer | Updating Objects | Applying Static Transformations
Fra:1 Mem:81.05M (Peak 81.83M) | Time:00:00.00 | Mem:64.80M, Peak:64.98M | Scene, ViewLayer | Updating Particle Systems
Fra:1 Mem:81.05M (Peak 81.83M) | Time:00:00.00 | Mem:64.80M, Peak:64.98M | Scene, ViewLayer | Updating Meshes
Fra:1 Mem:80.94M (Peak 81.83M) | Time:00:00.00 | Mem:64.69M, Peak:64.98M | Scene, ViewLayer | Updating Mesh | Computing attributes
Fra:1 Mem:80.94M (Peak 81.83M) | Time:00:00.00 | Mem:64.69M, Peak:64.98M | Scene, ViewLayer | Updating Mesh | Copying Attributes to device
Fra:1 Mem:80.94M (Peak 81.83M) | Time:00:00.00 | Mem:64.69M, Peak:64.98M | Scene, ViewLayer | Updating Scene BVH | Building
Fra:1 Mem:80.94M (Peak 81.83M) | Time:00:00.00 | Mem:64.69M, Peak:64.98M | Scene, ViewLayer | Updating Scene BVH | Building BVH
Fra:1 Mem:80.94M (Peak 81.83M) | Time:00:00.00 | Mem:64.69M, Peak:64.98M | Scene, ViewLayer | Updating Scene BVH | Copying BVH to device
Fra:1 Mem:80.94M (Peak 81.83M) | Time:00:00.00 | Mem:64.69M, Peak:64.98M | Scene, ViewLayer | Updating Mesh | Computing normals
Fra:1 Mem:80.94M (Peak 81.83M) | Time:00:00.00 | Mem:64.69M, Peak:64.98M | Scene, ViewLayer | Updating Mesh | Copying Mesh to device
Fra:1 Mem:80.94M (Peak 81.83M) | Time:00:00.00 | Mem:64.69M, Peak:64.98M | Scene, ViewLayer | Updating Objects Flags
Fra:1 Mem:80.94M (Peak 81.83M) | Time:00:00.00 | Mem:64.69M, Peak:64.98M | Scene, ViewLayer | Updating Primitive Offsets
Fra:1 Mem:80.94M (Peak 81.83M) | Time:00:00.00 | Mem:64.69M, Peak:64.98M | Scene, ViewLayer | Updating Images
Fra:1 Mem:80.91M (Peak 81.83M) | Time:00:00.00 | Mem:64.66M, Peak:64.98M | Scene, ViewLayer | Updating Images | Loading sky_nishita
Fra:1 Mem:81.91M (Peak 81.91M) | Time:00:00.37 | Mem:65.66M, Peak:65.66M | Scene, ViewLayer | Updating Camera Volume
Fra:1 Mem:81.91M (Peak 81.91M) | Time:00:00.37 | Mem:65.66M, Peak:65.66M | Scene, ViewLayer | Updating Lookup Tables
Fra:1 Mem:81.91M (Peak 81.91M) | Time:00:00.37 | Mem:65.66M, Peak:65.66M | Scene, ViewLayer | Updating Lights
Fra:1 Mem:17.45M (Peak 81.91M) | Time:00:00.38 | Mem:1.20M, Peak:65.66M | Scene, ViewLayer | Updating Lights | Importance map
Fra:1 Mem:81.48M (Peak 369.45M) | Time:00:02.29 | Mem:65.23M, Peak:225.20M | Scene, ViewLayer | Updating Lights | Computing tree
Fra:1 Mem:81.48M (Peak 369.45M) | Time:00:02.29 | Mem:65.23M, Peak:225.20M | Scene, ViewLayer | Updating Integrator
Fra:1 Mem:81.48M (Peak 369.45M) | Time:00:02.29 | Mem:65.23M, Peak:225.20M | Scene, ViewLayer | Updating Film
Fra:1 Mem:81.48M (Peak 369.45M) | Time:00:02.29 | Mem:65.15M, Peak:225.20M | Scene, ViewLayer | Updating Lookup Tables
Fra:1 Mem:81.48M (Peak 369.45M) | Time:00:02.29 | Mem:65.23M, Peak:225.20M | Scene, ViewLayer | Updating Baking
Fra:1 Mem:81.48M (Peak 369.45M) | Time:00:02.29 | Mem:65.23M, Peak:225.20M | Scene, ViewLayer | Updating Device | Writing constant memory
Fra:1 Mem:81.48M (Peak 369.45M) | Time:00:02.29 | Mem:65.23M, Peak:225.20M | Scene, ViewLayer | Sample 0/256
Fra:1 Mem:146.38M (Peak 369.45M) | Time:00:02.88 | Remaining:02:30.63 | Mem:130.13M, Peak:225.20M | Scene, ViewLayer | Sample 1/256
Fra:1 Mem:146.38M (Peak 369.45M) | Time:00:20.50 | Remaining:02:07.45 | Mem:130.13M, Peak:225.20M | Scene, ViewLayer | Sample 32/256
Fra:1 Mem:186.38M (Peak 369.45M) | Time:00:20.69 | Remaining:02:08.79 | Mem:130.13M, Peak:225.20M | Scene, ViewLayer | Sample 0/256
Fra:1 Mem:186.38M (Peak 369.45M) | Time:00:20.69 | Remaining:02:08.79 | Mem:130.13M, Peak:225.20M | Scene, ViewLayer | Finished
Saved: 'C:\Users\usman_pyywgw5\Downloads\fyp\out\sim\tmp\s000036\swir_bg.exr'
Time: 00:20.93 (Saving: 00:00.24)

    swir background 1280x1024: 22.3s
Fra:1 Mem:147.11M (Peak 147.11M) | Time:00:00.00 | Mem:130.13M, Peak:130.13M | Scene, ViewLayer | Synchronizing object | ground
Fra:1 Mem:147.11M (Peak 147.11M) | Time:00:00.00 | Mem:130.13M, Peak:130.13M | Scene, ViewLayer | Synchronizing object | neg0
Fra:1 Mem:147.30M (Peak 147.30M) | Time:00:00.00 | Mem:130.13M, Peak:130.13M | Scene, ViewLayer | Initializing
Fra:1 Mem:147.30M (Peak 147.30M) | Time:00:00.00 | Mem:130.13M, Peak:130.13M | Scene, ViewLayer | Updating Images | Loading decal_atlas.png
Fra:1 Mem:163.30M (Peak 195.31M) | Time:00:00.13 | Mem:146.13M, Peak:146.13M | Scene, ViewLayer | Waiting for render to start
Fra:1 Mem:163.30M (Peak 195.31M) | Time:00:00.13 | Mem:146.13M, Peak:146.13M | Scene, ViewLayer | Loading render kernels (may take a few minutes the first time)
Fra:1 Mem:163.30M (Peak 195.31M) | Time:00:00.13 | Mem:146.13M, Peak:146.13M | Scene, ViewLayer | Updating Scene
Fra:1 Mem:163.30M (Peak 195.31M) | Time:00:00.13 | Mem:146.13M, Peak:146.13M | Scene, ViewLayer | Updating Shaders
Fra:1 Mem:163.31M (Peak 195.31M) | Time:00:00.13 | Mem:146.14M, Peak:146.14M | Scene, ViewLayer | Updating Procedurals
Fra:1 Mem:163.31M (Peak 195.31M) | Time:00:00.13 | Mem:146.14M, Peak:146.14M | Scene, ViewLayer | Updating Background
Fra:1 Mem:163.31M (Peak 195.31M) | Time:00:00.13 | Mem:146.14M, Peak:146.14M | Scene, ViewLayer | Updating Camera
Fra:1 Mem:163.31M (Peak 195.31M) | Time:00:00.13 | Mem:146.06M, Peak:146.14M | Scene, ViewLayer | Updating Meshes Flags
Fra:1 Mem:163.31M (Peak 195.31M) | Time:00:00.13 | Mem:146.06M, Peak:146.14M | Scene, ViewLayer | Updating Objects
Fra:1 Mem:163.31M (Peak 195.31M) | Time:00:00.13 | Mem:146.06M, Peak:146.14M | Scene, ViewLayer | Updating Objects | Copying Transformations to device
Fra:1 Mem:163.31M (Peak 195.31M) | Time:00:00.13 | Mem:146.06M, Peak:146.14M | Scene, ViewLayer | Updating Objects | Applying Static Transformations
Fra:1 Mem:163.31M (Peak 195.31M) | Time:00:00.13 | Mem:146.06M, Peak:146.14M | Scene, ViewLayer | Updating Particle Systems
Fra:1 Mem:163.31M (Peak 195.31M) | Time:00:00.13 | Mem:146.06M, Peak:146.14M | Scene, ViewLayer | Updating Meshes
Fra:1 Mem:163.35M (Peak 195.31M) | Time:00:00.13 | Mem:146.06M, Peak:146.14M | Scene, ViewLayer | Updating Mesh | Computing attributes
Fra:1 Mem:163.43M (Peak 195.31M) | Time:00:00.13 | Mem:146.06M, Peak:146.14M | Scene, ViewLayer | Updating Mesh | Copying Attributes to device
Fra:1 Mem:163.43M (Peak 195.31M) | Time:00:00.13 | Mem:146.14M, Peak:146.14M | Scene, ViewLayer | Updating Geometry BVH neg0 2/2 | Building BVH
Fra:1 Mem:163.43M (Peak 195.31M) | Time:00:00.13 | Mem:146.14M, Peak:146.14M | Scene, ViewLayer | Updating Geometry BVH KAL 1/2 | Building BVH
Fra:1 Mem:163.43M (Peak 195.31M) | Time:00:00.13 | Mem:146.22M, Peak:146.22M | Scene, ViewLayer | Updating Geometry BVH KAL 1/2 | Building BVH 0%
Fra:1 Mem:163.43M (Peak 195.31M) | Time:00:00.13 | Mem:146.31M, Peak:146.39M | Scene, ViewLayer | Updating Scene BVH | Building
Fra:1 Mem:163.43M (Peak 195.31M) | Time:00:00.13 | Mem:146.31M, Peak:146.39M | Scene, ViewLayer | Updating Scene BVH | Building BVH
Fra:1 Mem:163.43M (Peak 195.31M) | Time:00:00.13 | Mem:146.31M, Peak:146.39M | Scene, ViewLayer | Updating Scene BVH | Copying BVH to device
Fra:1 Mem:163.43M (Peak 195.31M) | Time:00:00.13 | Mem:146.31M, Peak:146.39M | Scene, ViewLayer | Updating Mesh | Computing normals
Fra:1 Mem:163.53M (Peak 195.31M) | Time:00:00.13 | Mem:146.31M, Peak:146.39M | Scene, ViewLayer | Updating Mesh | Copying Mesh to device
Fra:1 Mem:163.53M (Peak 195.31M) | Time:00:00.13 | Mem:146.42M, Peak:146.42M | Scene, ViewLayer | Updating Objects Flags
Fra:1 Mem:163.53M (Peak 195.31M) | Time:00:00.13 | Mem:146.42M, Peak:146.42M | Scene, ViewLayer | Updating Primitive Offsets
Fra:1 Mem:163.53M (Peak 195.31M) | Time:00:00.13 | Mem:146.42M, Peak:146.42M | Scene, ViewLayer | Updating Images
Fra:1 Mem:163.53M (Peak 195.31M) | Time:00:00.13 | Mem:146.42M, Peak:146.42M | Scene, ViewLayer | Updating Camera Volume
Fra:1 Mem:163.53M (Peak 195.31M) | Time:00:00.13 | Mem:146.42M, Peak:146.42M | Scene, ViewLayer | Updating Lookup Tables
Fra:1 Mem:163.53M (Peak 195.31M) | Time:00:00.13 | Mem:146.51M, Peak:146.51M | Scene, ViewLayer | Updating Lights
Fra:1 Mem:163.53M (Peak 195.31M) | Time:00:00.13 | Mem:146.51M, Peak:146.51M | Scene, ViewLayer | Updating Lights | Computing tree
Fra:1 Mem:163.53M (Peak 195.31M) | Time:00:00.13 | Mem:146.51M, Peak:146.51M | Scene, ViewLayer | Updating Integrator
Fra:1 Mem:163.53M (Peak 195.31M) | Time:00:00.13 | Mem:146.51M, Peak:146.51M | Scene, ViewLayer | Updating Film
Fra:1 Mem:163.53M (Peak 195.31M) | Time:00:00.13 | Mem:146.51M, Peak:146.51M | Scene, ViewLayer | Updating Lookup Tables
Fra:1 Mem:163.53M (Peak 195.31M) | Time:00:00.13 | Mem:146.51M, Peak:146.51M | Scene, ViewLayer | Updating Baking
Fra:1 Mem:163.53M (Peak 195.31M) | Time:00:00.13 | Mem:146.51M, Peak:146.51M | Scene, ViewLayer | Updating Device | Writing constant memory
Fra:1 Mem:163.54M (Peak 195.31M) | Time:00:00.13 | Mem:146.51M, Peak:146.51M | Scene, ViewLayer | Sample 0/256
Fra:1 Mem:98.75M (Peak 195.31M) | Time:00:00.14 | Remaining:00:03.47 | Mem:81.72M, Peak:146.51M | Scene, ViewLayer | Sample 1/256
Fra:1 Mem:98.75M (Peak 195.31M) | Time:00:00.22 | Remaining:00:00.61 | Mem:81.72M, Peak:146.51M | Scene, ViewLayer | Sample 32/256
Fra:1 Mem:98.75M (Peak 195.31M) | Time:00:00.23 | Remaining:00:00.42 | Mem:81.72M, Peak:146.51M | Scene, ViewLayer | Sample 48/256
Fra:1 Mem:98.75M (Peak 195.31M) | Time:00:00.23 | Remaining:00:00.30 | Mem:81.72M, Peak:146.51M | Scene, ViewLayer | Sample 64/256
Fra:1 Mem:98.75M (Peak 195.31M) | Time:00:00.24 | Remaining:00:00.23 | Mem:81.72M, Peak:146.51M | Scene, ViewLayer | Sample 80/256
Fra:1 Mem:98.75M (Peak 195.31M) | Time:00:00.24 | Remaining:00:00.18 | Mem:81.72M, Peak:146.51M | Scene, ViewLayer | Sample 96/256
Fra:1 Mem:98.75M (Peak 195.31M) | Time:00:00.24 | Remaining:00:00.14 | Mem:81.72M, Peak:146.51M | Scene, ViewLayer | Sample 112/256
Fra:1 Mem:98.75M (Peak 195.31M) | Time:00:00.26 | Remaining:00:00.12 | Mem:81.72M, Peak:146.51M | Scene, ViewLayer | Sample 128/256
Fra:1 Mem:98.75M (Peak 195.31M) | Time:00:00.26 | Remaining:00:00.09 | Mem:81.72M, Peak:146.51M | Scene, ViewLayer | Sample 144/256
Fra:1 Mem:98.75M (Peak 195.31M) | Time:00:00.26 | Remaining:00:00.07 | Mem:81.72M, Peak:146.51M | Scene, ViewLayer | Sample 160/256
Fra:1 Mem:98.75M (Peak 195.31M) | Time:00:00.26 | Remaining:00:00.05 | Mem:81.72M, Peak:146.51M | Scene, ViewLayer | Sample 176/256
Fra:1 Mem:98.75M (Peak 195.31M) | Time:00:00.26 | Remaining:00:00.04 | Mem:81.72M, Peak:146.51M | Scene, ViewLayer | Sample 192/256
Fra:1 Mem:98.75M (Peak 195.31M) | Time:00:00.27 | Remaining:00:00.03 | Mem:81.72M, Peak:146.51M | Scene, ViewLayer | Sample 208/256
Fra:1 Mem:98.75M (Peak 195.31M) | Time:00:00.27 | Remaining:00:00.02 | Mem:81.72M, Peak:146.51M | Scene, ViewLayer | Sample 224/256
Fra:1 Mem:98.75M (Peak 195.31M) | Time:00:00.28 | Remaining:00:00.00 | Mem:81.72M, Peak:146.51M | Scene, ViewLayer | Sample 240/256
Fra:1 Mem:98.89M (Peak 195.31M) | Time:00:00.28 | Mem:81.72M, Peak:146.51M | Scene, ViewLayer | Sample 256/256
Fra:1 Mem:98.89M (Peak 195.31M) | Time:00:00.28 | Mem:81.72M, Peak:146.51M | Scene, ViewLayer | Finished
Saved: 'C:\Users\usman_pyywgw5\Downloads\fyp\out\sim\tmp\s000036\swir_target.exr'
Time: 00:00.29 (Saving: 00:00.00)

    swir target  crop 17x16 px @4x: 0.3s
Fra:1 Mem:98.75M (Peak 98.75M) | Time:00:00.00 | Mem:81.72M, Peak:81.72M | Scene, ViewLayer | Synchronizing object | ground
Fra:1 Mem:98.75M (Peak 98.75M) | Time:00:00.00 | Mem:81.72M, Peak:81.72M | Scene, ViewLayer | Initializing
Fra:1 Mem:98.75M (Peak 98.75M) | Time:00:00.00 | Mem:81.72M, Peak:81.72M | Scene, ViewLayer | Waiting for render to start
Fra:1 Mem:98.75M (Peak 98.75M) | Time:00:00.00 | Mem:81.72M, Peak:81.72M | Scene, ViewLayer | Updating Scene
Fra:1 Mem:98.75M (Peak 98.75M) | Time:00:00.00 | Mem:81.72M, Peak:81.72M | Scene, ViewLayer | Updating Shaders
Fra:1 Mem:98.75M (Peak 98.75M) | Time:00:00.00 | Mem:81.72M, Peak:81.72M | Scene, ViewLayer | Updating Background
Fra:1 Mem:98.75M (Peak 98.75M) | Time:00:00.00 | Mem:81.72M, Peak:81.72M | Scene, ViewLayer | Updating Camera
Fra:1 Mem:98.75M (Peak 98.75M) | Time:00:00.00 | Mem:81.72M, Peak:81.72M | Scene, ViewLayer | Updating Meshes Flags
Fra:1 Mem:98.75M (Peak 98.75M) | Time:00:00.00 | Mem:81.72M, Peak:81.72M | Scene, ViewLayer | Updating Objects
Fra:1 Mem:98.75M (Peak 98.75M) | Time:00:00.00 | Mem:81.72M, Peak:81.72M | Scene, ViewLayer | Updating Objects | Copying Transformations to device
Fra:1 Mem:98.75M (Peak 98.75M) | Time:00:00.00 | Mem:81.72M, Peak:81.72M | Scene, ViewLayer | Updating Objects | Applying Static Transformations
Fra:1 Mem:98.75M (Peak 98.75M) | Time:00:00.00 | Mem:81.72M, Peak:81.72M | Scene, ViewLayer | Updating Particle Systems
Fra:1 Mem:98.75M (Peak 98.75M) | Time:00:00.00 | Mem:81.72M, Peak:81.72M | Scene, ViewLayer | Updating Meshes
Fra:1 Mem:98.56M (Peak 98.75M) | Time:00:00.00 | Mem:81.53M, Peak:81.72M | Scene, ViewLayer | Updating Mesh | Computing attributes
Fra:1 Mem:98.64M (Peak 98.75M) | Time:00:00.00 | Mem:81.53M, Peak:81.72M | Scene, ViewLayer | Updating Mesh | Copying Attributes to device
Fra:1 Mem:98.64M (Peak 98.75M) | Time:00:00.00 | Mem:81.61M, Peak:81.72M | Scene, ViewLayer | Updating Scene BVH | Building
Fra:1 Mem:98.64M (Peak 98.75M) | Time:00:00.00 | Mem:81.61M, Peak:81.72M | Scene, ViewLayer | Updating Scene BVH | Building BVH
Fra:1 Mem:98.64M (Peak 98.75M) | Time:00:00.00 | Mem:81.61M, Peak:81.72M | Scene, ViewLayer | Updating Scene BVH | Copying BVH to device
Fra:1 Mem:98.64M (Peak 98.75M) | Time:00:00.00 | Mem:81.61M, Peak:81.72M | Scene, ViewLayer | Updating Mesh | Computing normals
Fra:1 Mem:98.75M (Peak 98.75M) | Time:00:00.00 | Mem:81.61M, Peak:81.72M | Scene, ViewLayer | Updating Mesh | Copying Mesh to device
Fra:1 Mem:98.75M (Peak 98.75M) | Time:00:00.00 | Mem:81.72M, Peak:81.72M | Scene, ViewLayer | Updating Objects Flags
Fra:1 Mem:98.75M (Peak 98.75M) | Time:00:00.00 | Mem:81.72M, Peak:81.72M | Scene, ViewLayer | Updating Primitive Offsets
Fra:1 Mem:98.75M (Peak 98.75M) | Time:00:00.00 | Mem:81.72M, Peak:81.72M | Scene, ViewLayer | Updating Images
Fra:1 Mem:98.75M (Peak 98.75M) | Time:00:00.00 | Mem:81.72M, Peak:81.72M | Scene, ViewLayer | Updating Camera Volume
Fra:1 Mem:98.75M (Peak 98.75M) | Time:00:00.00 | Mem:81.72M, Peak:81.72M | Scene, ViewLayer | Updating Lookup Tables
Fra:1 Mem:98.75M (Peak 98.75M) | Time:00:00.00 | Mem:81.72M, Peak:81.72M | Scene, ViewLayer | Updating Lights
Fra:1 Mem:98.75M (Peak 98.75M) | Time:00:00.00 | Mem:81.72M, Peak:81.72M | Scene, ViewLayer | Updating Lights | Computing tree
Fra:1 Mem:98.75M (Peak 98.75M) | Time:00:00.00 | Mem:81.72M, Peak:81.72M | Scene, ViewLayer | Updating Integrator
Fra:1 Mem:98.75M (Peak 98.75M) | Time:00:00.00 | Mem:81.72M, Peak:81.72M | Scene, ViewLayer | Updating Film
Fra:1 Mem:98.75M (Peak 98.75M) | Time:00:00.00 | Mem:81.72M, Peak:81.72M | Scene, ViewLayer | Updating Lookup Tables
Fra:1 Mem:98.75M (Peak 98.75M) | Time:00:00.00 | Mem:81.72M, Peak:81.72M | Scene, ViewLayer | Updating Baking
Fra:1 Mem:98.75M (Peak 98.75M) | Time:00:00.00 | Mem:81.72M, Peak:81.72M | Scene, ViewLayer | Updating Device | Writing constant memory
Fra:1 Mem:98.75M (Peak 98.75M) | Time:00:00.00 | Mem:81.72M, Peak:81.72M | Scene, ViewLayer | Sample 0/256
Fra:1 Mem:98.63M (Peak 98.75M) | Time:00:00.00 | Remaining:00:00.74 | Mem:81.61M, Peak:81.72M | Scene, ViewLayer | Sample 1/256
Fra:1 Mem:98.63M (Peak 98.75M) | Time:00:00.05 | Remaining:00:00.34 | Mem:81.61M, Peak:81.72M | Scene, ViewLayer | Sample 32/256
Fra:1 Mem:98.63M (Peak 98.75M) | Time:00:00.07 | Remaining:00:00.27 | Mem:81.61M, Peak:81.72M | Scene, ViewLayer | Sample 48/256
Fra:1 Mem:98.63M (Peak 98.75M) | Time:00:00.07 | Remaining:00:00.21 | Mem:81.61M, Peak:81.72M | Scene, ViewLayer | Sample 64/256
Fra:1 Mem:98.63M (Peak 98.75M) | Time:00:00.09 | Remaining:00:00.18 | Mem:81.61M, Peak:81.72M | Scene, ViewLayer | Sample 80/256
Fra:1 Mem:98.63M (Peak 98.75M) | Time:00:00.10 | Remaining:00:00.15 | Mem:81.61M, Peak:81.72M | Scene, ViewLayer | Sample 96/256
Fra:1 Mem:98.63M (Peak 98.75M) | Time:00:00.10 | Remaining:00:00.13 | Mem:81.61M, Peak:81.72M | Scene, ViewLayer | Sample 112/256
Fra:1 Mem:98.63M (Peak 98.75M) | Time:00:00.11 | Remaining:00:00.11 | Mem:81.61M, Peak:81.72M | Scene, ViewLayer | Sample 128/256
Fra:1 Mem:98.63M (Peak 98.75M) | Time:00:00.12 | Remaining:00:00.09 | Mem:81.61M, Peak:81.72M | Scene, ViewLayer | Sample 144/256
Fra:1 Mem:98.63M (Peak 98.75M) | Time:00:00.12 | Remaining:00:00.07 | Mem:81.61M, Peak:81.72M | Scene, ViewLayer | Sample 160/256
Fra:1 Mem:98.63M (Peak 98.75M) | Time:00:00.12 | Remaining:00:00.05 | Mem:81.61M, Peak:81.72M | Scene, ViewLayer | Sample 176/256
Fra:1 Mem:98.63M (Peak 98.75M) | Time:00:00.14 | Remaining:00:00.04 | Mem:81.61M, Peak:81.72M | Scene, ViewLayer | Sample 192/256
Fra:1 Mem:98.63M (Peak 98.75M) | Time:00:00.14 | Remaining:00:00.03 | Mem:81.61M, Peak:81.72M | Scene, ViewLayer | Sample 208/256
Fra:1 Mem:98.63M (Peak 98.75M) | Time:00:00.15 | Remaining:00:00.02 | Mem:81.61M, Peak:81.72M | Scene, ViewLayer | Sample 224/256
Fra:1 Mem:98.63M (Peak 98.75M) | Time:00:00.15 | Remaining:00:00.00 | Mem:81.61M, Peak:81.72M | Scene, ViewLayer | Sample 240/256
Fra:1 Mem:98.70M (Peak 98.75M) | Time:00:00.15 | Mem:81.61M, Peak:81.72M | Scene, ViewLayer | Sample 256/256
Fra:1 Mem:98.70M (Peak 98.75M) | Time:00:00.15 | Mem:81.61M, Peak:81.72M | Scene, ViewLayer | Finished
Saved: 'C:\Users\usman_pyywgw5\Downloads\fyp\out\sim\tmp\s000036\swir_neg0.exr'
Time: 00:00.15 (Saving: 00:00.00)

    swir neg0    crop 25x20 px @2x: 0.2s
[s000036] done in 56.2s  calibration 2.9, build 0.6, rgb 22.0, lwir 5.9, swir 22.8, write 1.2
[s000004] train horizon dusk hfov 50 bin 32-64 (35.7 px @ 94 m) negatives []
Fra:1 Mem:12.47M (Peak 12.47M) | Time:00:00.00 | Mem:0.00M, Peak:0.00M | Scene, ViewLayer | Synchronizing object | calib_plane
Fra:1 Mem:12.47M (Peak 12.47M) | Time:00:00.00 | Mem:0.00M, Peak:0.00M | Scene, ViewLayer | Initializing
Fra:1 Mem:12.31M (Peak 12.47M) | Time:00:00.00 | Mem:0.00M, Peak:0.00M | Scene, ViewLayer | Waiting for render to start
Fra:1 Mem:12.31M (Peak 12.47M) | Time:00:00.00 | Mem:0.00M, Peak:0.00M | Scene, ViewLayer | Loading render kernels (may take a few minutes the first time)
Fra:1 Mem:12.31M (Peak 12.47M) | Time:00:00.00 | Mem:0.00M, Peak:0.00M | Scene, ViewLayer | Updating Scene
Fra:1 Mem:12.31M (Peak 12.47M) | Time:00:00.00 | Mem:0.00M, Peak:0.00M | Scene, ViewLayer | Updating Shaders
Fra:1 Mem:12.39M (Peak 12.47M) | Time:00:00.00 | Mem:0.00M, Peak:0.00M | Scene, ViewLayer | Updating Procedurals
Fra:1 Mem:12.39M (Peak 12.47M) | Time:00:00.00 | Mem:0.00M, Peak:0.00M | Scene, ViewLayer | Updating Background
Fra:1 Mem:12.39M (Peak 12.47M) | Time:00:00.00 | Mem:0.00M, Peak:0.00M | Scene, ViewLayer | Updating Camera
Fra:1 Mem:12.39M (Peak 12.47M) | Time:00:00.00 | Mem:0.00M, Peak:0.00M | Scene, ViewLayer | Updating Meshes Flags
Fra:1 Mem:12.39M (Peak 12.47M) | Time:00:00.00 | Mem:0.00M, Peak:0.00M | Scene, ViewLayer | Updating Objects
Fra:1 Mem:12.39M (Peak 12.47M) | Time:00:00.00 | Mem:0.00M, Peak:0.00M | Scene, ViewLayer | Updating Objects | Copying Transformations to device
Fra:1 Mem:12.39M (Peak 12.47M) | Time:00:00.00 | Mem:0.00M, Peak:0.00M | Scene, ViewLayer | Updating Objects | Applying Static Transformations
Fra:1 Mem:12.39M (Peak 12.47M) | Time:00:00.00 | Mem:0.00M, Peak:0.00M | Scene, ViewLayer | Updating Particle Systems
Fra:1 Mem:12.39M (Peak 12.47M) | Time:00:00.00 | Mem:0.00M, Peak:0.00M | Scene, ViewLayer | Updating Particle Systems | Copying Particles to device
Fra:1 Mem:12.39M (Peak 12.47M) | Time:00:00.00 | Mem:0.00M, Peak:0.00M | Scene, ViewLayer | Updating Meshes
Fra:1 Mem:12.39M (Peak 12.47M) | Time:00:00.00 | Mem:0.00M, Peak:0.00M | Scene, ViewLayer | Updating Mesh | Computing attributes
Fra:1 Mem:12.39M (Peak 12.47M) | Time:00:00.00 | Mem:0.00M, Peak:0.00M | Scene, ViewLayer | Updating Mesh | Copying Attributes to device
Fra:1 Mem:12.39M (Peak 12.47M) | Time:00:00.00 | Mem:0.00M, Peak:0.00M | Scene, ViewLayer | Updating Scene BVH | Building
Fra:1 Mem:12.39M (Peak 12.47M) | Time:00:00.00 | Mem:0.00M, Peak:0.00M | Scene, ViewLayer | Updating Scene BVH | Building BVH
Fra:1 Mem:12.39M (Peak 12.47M) | Time:00:00.00 | Mem:0.00M, Peak:0.00M | Scene, ViewLayer | Updating Scene BVH | Building BVH 0%
Fra:1 Mem:12.39M (Peak 12.47M) | Time:00:00.00 | Mem:0.00M, Peak:0.00M | Scene, ViewLayer | Updating Scene BVH | Copying BVH to device
Fra:1 Mem:12.39M (Peak 12.47M) | Time:00:00.00 | Mem:0.00M, Peak:0.00M | Scene, ViewLayer | Updating Mesh | Computing normals
Fra:1 Mem:12.39M (Peak 12.47M) | Time:00:00.00 | Mem:0.00M, Peak:0.00M | Scene, ViewLayer | Updating Mesh | Copying Mesh to device
Fra:1 Mem:12.39M (Peak 12.47M) | Time:00:00.00 | Mem:0.00M, Peak:0.00M | Scene, ViewLayer | Updating Objects Flags
Fra:1 Mem:12.39M (Peak 12.47M) | Time:00:00.00 | Mem:0.00M, Peak:0.00M | Scene, ViewLayer | Updating Primitive Offsets
Fra:1 Mem:12.39M (Peak 12.47M) | Time:00:00.00 | Mem:0.00M, Peak:0.00M | Scene, ViewLayer | Updating Images
Fra:1 Mem:12.39M (Peak 12.47M) | Time:00:00.00 | Mem:0.00M, Peak:0.00M | Scene, ViewLayer | Updating Images | Loading sky_nishita
Fra:1 Mem:13.40M (Peak 13.40M) | Time:00:00.41 | Mem:1.00M, Peak:1.00M | Scene, ViewLayer | Updating Camera Volume
Fra:1 Mem:13.40M (Peak 13.40M) | Time:00:00.41 | Mem:1.00M, Peak:1.00M | Scene, ViewLayer | Updating Lookup Tables
Fra:1 Mem:13.40M (Peak 13.40M) | Time:00:00.41 | Mem:1.08M, Peak:1.08M | Scene, ViewLayer | Updating Lights
Fra:1 Mem:13.40M (Peak 13.40M) | Time:00:00.41 | Mem:1.08M, Peak:1.08M | Scene, ViewLayer | Updating Lights | Importance map
Fra:1 Mem:14.41M (Peak 18.90M) | Time:00:00.45 | Mem:2.10M, Peak:4.60M | Scene, ViewLayer | Updating Lights | Computing tree
Fra:1 Mem:14.41M (Peak 18.90M) | Time:00:00.45 | Mem:2.10M, Peak:4.60M | Scene, ViewLayer | Updating Integrator
Fra:1 Mem:14.41M (Peak 18.90M) | Time:00:00.45 | Mem:2.10M, Peak:4.60M | Scene, ViewLayer | Updating Film
Fra:1 Mem:14.41M (Peak 18.90M) | Time:00:00.45 | Mem:2.02M, Peak:4.60M | Scene, ViewLayer | Updating Lookup Tables
Fra:1 Mem:14.41M (Peak 18.90M) | Time:00:00.45 | Mem:2.10M, Peak:4.60M | Scene, ViewLayer | Updating Baking
Fra:1 Mem:14.41M (Peak 18.90M) | Time:00:00.45 | Mem:2.10M, Peak:4.60M | Scene, ViewLayer | Updating Device | Writing constant memory
Fra:1 Mem:14.41M (Peak 18.90M) | Time:00:00.45 | Mem:2.10M, Peak:4.60M | Scene, ViewLayer | Sample 0/256
Fra:1 Mem:14.43M (Peak 18.90M) | Time:00:00.45 | Remaining:00:00.10 | Mem:2.11M, Peak:4.60M | Scene, ViewLayer | Sample 1/256
Fra:1 Mem:14.43M (Peak 18.90M) | Time:00:00.49 | Mem:2.11M, Peak:4.60M | Scene, ViewLayer | Sample 256/256
Fra:1 Mem:14.43M (Peak 18.90M) | Time:00:00.49 | Mem:2.11M, Peak:4.60M | Scene, ViewLayer | Finished
Saved: 'C:\Users\usman_pyywgw5\AppData\Local\Temp\fyp_calib_16540_1.exr'
Time: 00:00.49 (Saving: 00:00.00)

Fra:1 Mem:12.48M (Peak 12.48M) | Time:00:00.00 | Mem:0.00M, Peak:0.00M | Scene, ViewLayer | Synchronizing object | calib_plane
Fra:1 Mem:12.48M (Peak 12.48M) | Time:00:00.00 | Mem:0.00M, Peak:0.00M | Scene, ViewLayer | Initializing
Fra:1 Mem:12.32M (Peak 12.48M) | Time:00:00.00 | Mem:0.00M, Peak:0.00M | Scene, ViewLayer | Waiting for render to start
Fra:1 Mem:12.32M (Peak 12.48M) | Time:00:00.00 | Mem:0.00M, Peak:0.00M | Scene, ViewLayer | Loading render kernels (may take a few minutes the first time)
Fra:1 Mem:12.32M (Peak 12.48M) | Time:00:00.00 | Mem:0.00M, Peak:0.00M | Scene, ViewLayer | Updating Scene
Fra:1 Mem:12.32M (Peak 12.48M) | Time:00:00.00 | Mem:0.00M, Peak:0.00M | Scene, ViewLayer | Updating Shaders
Fra:1 Mem:12.41M (Peak 12.48M) | Time:00:00.00 | Mem:0.00M, Peak:0.00M | Scene, ViewLayer | Updating Procedurals
Fra:1 Mem:12.41M (Peak 12.48M) | Time:00:00.00 | Mem:0.00M, Peak:0.00M | Scene, ViewLayer | Updating Background
Fra:1 Mem:12.41M (Peak 12.48M) | Time:00:00.00 | Mem:0.00M, Peak:0.00M | Scene, ViewLayer | Updating Camera
Fra:1 Mem:12.41M (Peak 12.48M) | Time:00:00.00 | Mem:0.00M, Peak:0.00M | Scene, ViewLayer | Updating Meshes Flags
Fra:1 Mem:12.41M (Peak 12.48M) | Time:00:00.00 | Mem:0.00M, Peak:0.00M | Scene, ViewLayer | Updating Objects
Fra:1 Mem:12.41M (Peak 12.48M) | Time:00:00.00 | Mem:0.00M, Peak:0.00M | Scene, ViewLayer | Updating Objects | Copying Transformations to device
Fra:1 Mem:12.41M (Peak 12.48M) | Time:00:00.00 | Mem:0.00M, Peak:0.00M | Scene, ViewLayer | Updating Objects | Applying Static Transformations
Fra:1 Mem:12.41M (Peak 12.48M) | Time:00:00.00 | Mem:0.00M, Peak:0.00M | Scene, ViewLayer | Updating Particle Systems
Fra:1 Mem:12.41M (Peak 12.48M) | Time:00:00.00 | Mem:0.00M, Peak:0.00M | Scene, ViewLayer | Updating Particle Systems | Copying Particles to device
Fra:1 Mem:12.41M (Peak 12.48M) | Time:00:00.00 | Mem:0.00M, Peak:0.00M | Scene, ViewLayer | Updating Meshes
Fra:1 Mem:12.41M (Peak 12.48M) | Time:00:00.00 | Mem:0.00M, Peak:0.00M | Scene, ViewLayer | Updating Mesh | Computing attributes
Fra:1 Mem:12.41M (Peak 12.48M) | Time:00:00.00 | Mem:0.00M, Peak:0.00M | Scene, ViewLayer | Updating Mesh | Copying Attributes to device
Fra:1 Mem:12.41M (Peak 12.48M) | Time:00:00.00 | Mem:0.00M, Peak:0.00M | Scene, ViewLayer | Updating Scene BVH | Building
Fra:1 Mem:12.41M (Peak 12.48M) | Time:00:00.00 | Mem:0.00M, Peak:0.00M | Scene, ViewLayer | Updating Scene BVH | Building BVH
Fra:1 Mem:12.41M (Peak 12.48M) | Time:00:00.00 | Mem:0.00M, Peak:0.00M | Scene, ViewLayer | Updating Scene BVH | Building BVH 0%
Fra:1 Mem:12.41M (Peak 12.48M) | Time:00:00.00 | Mem:0.00M, Peak:0.00M | Scene, ViewLayer | Updating Scene BVH | Copying BVH to device
Fra:1 Mem:12.41M (Peak 12.48M) | Time:00:00.00 | Mem:0.00M, Peak:0.00M | Scene, ViewLayer | Updating Mesh | Computing normals
Fra:1 Mem:12.41M (Peak 12.48M) | Time:00:00.00 | Mem:0.00M, Peak:0.00M | Scene, ViewLayer | Updating Mesh | Copying Mesh to device
Fra:1 Mem:12.41M (Peak 12.48M) | Time:00:00.00 | Mem:0.00M, Peak:0.00M | Scene, ViewLayer | Updating Objects Flags
Fra:1 Mem:12.41M (Peak 12.48M) | Time:00:00.00 | Mem:0.00M, Peak:0.00M | Scene, ViewLayer | Updating Primitive Offsets
Fra:1 Mem:12.41M (Peak 12.48M) | Time:00:00.00 | Mem:0.00M, Peak:0.00M | Scene, ViewLayer | Updating Images
Fra:1 Mem:12.41M (Peak 12.48M) | Time:00:00.00 | Mem:0.00M, Peak:0.00M | Scene, ViewLayer | Updating Images | Loading sky_nishita
Fra:1 Mem:13.42M (Peak 13.42M) | Time:00:00.37 | Mem:1.00M, Peak:1.00M | Scene, ViewLayer | Updating Camera Volume
Fra:1 Mem:13.42M (Peak 13.42M) | Time:00:00.37 | Mem:1.00M, Peak:1.00M | Scene, ViewLayer | Updating Lookup Tables
Fra:1 Mem:13.42M (Peak 13.42M) | Time:00:00.37 | Mem:1.08M, Peak:1.08M | Scene, ViewLayer | Updating Lights
Fra:1 Mem:13.42M (Peak 13.42M) | Time:00:00.37 | Mem:1.08M, Peak:1.08M | Scene, ViewLayer | Updating Lights | Importance map
Fra:1 Mem:77.45M (Peak 365.42M) | Time:00:02.05 | Mem:65.13M, Peak:225.10M | Scene, ViewLayer | Updating Lights | Computing tree
Fra:1 Mem:77.45M (Peak 365.42M) | Time:00:02.05 | Mem:65.13M, Peak:225.10M | Scene, ViewLayer | Updating Integrator
Fra:1 Mem:77.45M (Peak 365.42M) | Time:00:02.05 | Mem:65.13M, Peak:225.10M | Scene, ViewLayer | Updating Film
Fra:1 Mem:77.45M (Peak 365.42M) | Time:00:02.05 | Mem:65.05M, Peak:225.10M | Scene, ViewLayer | Updating Lookup Tables
Fra:1 Mem:77.45M (Peak 365.42M) | Time:00:02.05 | Mem:65.13M, Peak:225.10M | Scene, ViewLayer | Updating Baking
Fra:1 Mem:77.45M (Peak 365.42M) | Time:00:02.05 | Mem:65.13M, Peak:225.10M | Scene, ViewLayer | Updating Device | Writing constant memory
Fra:1 Mem:77.45M (Peak 365.42M) | Time:00:02.05 | Mem:65.13M, Peak:225.10M | Scene, ViewLayer | Sample 0/256
Fra:1 Mem:77.47M (Peak 365.42M) | Time:00:02.05 | Remaining:00:00.17 | Mem:65.13M, Peak:225.10M | Scene, ViewLayer | Sample 1/256
Fra:1 Mem:77.47M (Peak 365.42M) | Time:00:02.12 | Mem:65.13M, Peak:225.10M | Scene, ViewLayer | Sample 256/256
Fra:1 Mem:77.47M (Peak 365.42M) | Time:00:02.12 | Mem:65.13M, Peak:225.10M | Scene, ViewLayer | Finished
Saved: 'C:\Users\usman_pyywgw5\AppData\Local\Temp\fyp_calib_16540_0.exr'
Time: 00:02.13 (Saving: 00:00.00)

Fra:1 Mem:18.69M (Peak 18.69M) | Time:00:00.00 | Mem:0.00M, Peak:0.00M | Scene, ViewLayer | Synchronizing object | ground
Fra:1 Mem:19.26M (Peak 19.26M) | Time:00:00.00 | Mem:0.00M, Peak:0.00M | Scene, ViewLayer | Synchronizing object | structures
Fra:1 Mem:23.00M (Peak 23.00M) | Time:00:00.00 | Mem:0.00M, Peak:0.00M | Scene, ViewLayer | Initializing
Fra:1 Mem:23.00M (Peak 23.00M) | Time:00:00.00 | Mem:0.00M, Peak:0.00M | Scene, ViewLayer | Waiting for render to start
Fra:1 Mem:23.00M (Peak 23.00M) | Time:00:00.01 | Mem:0.00M, Peak:0.00M | Scene, ViewLayer | Loading render kernels (may take a few minutes the first time)
Fra:1 Mem:23.00M (Peak 23.00M) | Time:00:00.01 | Mem:0.00M, Peak:0.00M | Scene, ViewLayer | Updating Scene
Fra:1 Mem:23.00M (Peak 23.00M) | Time:00:00.01 | Mem:0.00M, Peak:0.00M | Scene, ViewLayer | Updating Shaders
Fra:1 Mem:23.08M (Peak 23.08M) | Time:00:00.01 | Mem:0.00M, Peak:0.00M | Scene, ViewLayer | Updating Procedurals
Fra:1 Mem:23.08M (Peak 23.08M) | Time:00:00.01 | Mem:0.00M, Peak:0.00M | Scene, ViewLayer | Updating Background
Fra:1 Mem:23.08M (Peak 23.08M) | Time:00:00.01 | Mem:0.00M, Peak:0.00M | Scene, ViewLayer | Updating Camera
Fra:1 Mem:23.08M (Peak 23.08M) | Time:00:00.01 | Mem:0.00M, Peak:0.00M | Scene, ViewLayer | Updating Meshes Flags
Fra:1 Mem:23.08M (Peak 23.08M) | Time:00:00.01 | Mem:0.00M, Peak:0.00M | Scene, ViewLayer | Updating Objects
Fra:1 Mem:23.08M (Peak 23.08M) | Time:00:00.01 | Mem:0.00M, Peak:0.00M | Scene, ViewLayer | Updating Objects | Copying Transformations to device
Fra:1 Mem:23.09M (Peak 23.09M) | Time:00:00.01 | Mem:0.00M, Peak:0.00M | Scene, ViewLayer | Updating Objects | Applying Static Transformations
Fra:1 Mem:23.09M (Peak 23.09M) | Time:00:00.01 | Mem:0.00M, Peak:0.00M | Scene, ViewLayer | Updating Particle Systems
Fra:1 Mem:23.09M (Peak 23.09M) | Time:00:00.01 | Mem:0.00M, Peak:0.00M | Scene, ViewLayer | Updating Particle Systems | Copying Particles to device
Fra:1 Mem:23.09M (Peak 23.09M) | Time:00:00.01 | Mem:0.00M, Peak:0.00M | Scene, ViewLayer | Updating Meshes
Fra:1 Mem:23.86M (Peak 23.86M) | Time:00:00.01 | Mem:0.00M, Peak:0.00M | Scene, ViewLayer | Updating Mesh | Computing attributes
Fra:1 Mem:24.15M (Peak 24.15M) | Time:00:00.01 | Mem:0.00M, Peak:0.00M | Scene, ViewLayer | Updating Mesh | Copying Attributes to device
Fra:1 Mem:24.15M (Peak 24.15M) | Time:00:00.01 | Mem:0.30M, Peak:0.30M | Scene, ViewLayer | Updating Scene BVH | Building
Fra:1 Mem:24.15M (Peak 24.15M) | Time:00:00.01 | Mem:0.30M, Peak:0.30M | Scene, ViewLayer | Updating Scene BVH | Building BVH
Fra:1 Mem:24.15M (Peak 24.15M) | Time:00:00.01 | Mem:1.84M, Peak:1.84M | Scene, ViewLayer | Updating Scene BVH | Building BVH 0%
Fra:1 Mem:24.15M (Peak 24.15M) | Time:00:00.02 | Mem:3.69M, Peak:5.23M | Scene, ViewLayer | Updating Scene BVH | Copying BVH to device
Fra:1 Mem:24.15M (Peak 24.15M) | Time:00:00.02 | Mem:3.69M, Peak:5.23M | Scene, ViewLayer | Updating Mesh | Computing normals
Fra:1 Mem:25.90M (Peak 25.90M) | Time:00:00.02 | Mem:3.69M, Peak:5.23M | Scene, ViewLayer | Updating Mesh | Copying Mesh to device
Fra:1 Mem:25.90M (Peak 25.90M) | Time:00:00.02 | Mem:5.44M, Peak:5.44M | Scene, ViewLayer | Updating Objects Flags
Fra:1 Mem:25.90M (Peak 25.90M) | Time:00:00.02 | Mem:5.44M, Peak:5.44M | Scene, ViewLayer | Updating Primitive Offsets
Fra:1 Mem:25.90M (Peak 25.90M) | Time:00:00.02 | Mem:5.44M, Peak:5.44M | Scene, ViewLayer | Updating Images
Fra:1 Mem:25.90M (Peak 25.90M) | Time:00:00.02 | Mem:5.44M, Peak:5.44M | Scene, ViewLayer | Updating Images | Loading sky_nishita
Fra:1 Mem:26.91M (Peak 26.91M) | Time:00:00.42 | Mem:6.44M, Peak:6.44M | Scene, ViewLayer | Updating Camera Volume
Fra:1 Mem:26.91M (Peak 26.91M) | Time:00:00.42 | Mem:6.44M, Peak:6.44M | Scene, ViewLayer | Updating Lookup Tables
Fra:1 Mem:26.91M (Peak 26.91M) | Time:00:00.42 | Mem:6.52M, Peak:6.52M | Scene, ViewLayer | Updating Lights
Fra:1 Mem:26.91M (Peak 26.91M) | Time:00:00.42 | Mem:6.52M, Peak:6.52M | Scene, ViewLayer | Updating Lights | Importance map
Fra:1 Mem:90.94M (Peak 378.91M) | Time:00:02.08 | Mem:70.56M, Peak:230.53M | Scene, ViewLayer | Updating Lights | Computing tree
Fra:1 Mem:90.94M (Peak 378.91M) | Time:00:02.08 | Mem:70.56M, Peak:230.53M | Scene, ViewLayer | Updating Integrator
Fra:1 Mem:90.94M (Peak 378.91M) | Time:00:02.08 | Mem:70.56M, Peak:230.53M | Scene, ViewLayer | Updating Film
Fra:1 Mem:90.95M (Peak 378.91M) | Time:00:02.08 | Mem:70.48M, Peak:230.53M | Scene, ViewLayer | Updating Lookup Tables
Fra:1 Mem:90.95M (Peak 378.91M) | Time:00:02.08 | Mem:70.57M, Peak:230.53M | Scene, ViewLayer | Updating Baking
Fra:1 Mem:90.95M (Peak 378.91M) | Time:00:02.08 | Mem:70.57M, Peak:230.53M | Scene, ViewLayer | Updating Device | Writing constant memory
Fra:1 Mem:90.95M (Peak 378.91M) | Time:00:02.08 | Mem:70.57M, Peak:230.53M | Scene, ViewLayer | Sample 0/256
Fra:1 Mem:155.96M (Peak 378.91M) | Time:00:04.37 | Remaining:09:41.82 | Mem:135.57M, Peak:230.53M | Scene, ViewLayer | Sample 1/256
Fra:1 Mem:155.96M (Peak 378.91M) | Time:00:40.19 | Remaining:08:55.66 | Mem:135.57M, Peak:230.53M | Scene, ViewLayer | Sample 17/256
Fra:1 Mem:155.96M (Peak 378.91M) | Time:01:13.57 | Remaining:08:20.42 | Mem:135.57M, Peak:230.53M | Scene, ViewLayer | Sample 32/256
Fra:1 Mem:155.96M (Peak 378.91M) | Time:01:44.48 | Remaining:07:23.70 | Mem:135.57M, Peak:230.53M | Scene, ViewLayer | Sample 48/256
Fra:1 Mem:155.96M (Peak 378.91M) | Time:02:16.95 | Remaining:06:44.59 | Mem:135.57M, Peak:230.53M | Scene, ViewLayer | Sample 64/256
Fra:1 Mem:155.96M (Peak 378.91M) | Time:02:46.42 | Remaining:06:01.54 | Mem:135.57M, Peak:230.53M | Scene, ViewLayer | Sample 80/256
Fra:1 Mem:155.96M (Peak 378.91M) | Time:03:11.77 | Remaining:05:16.14 | Mem:135.57M, Peak:230.53M | Scene, ViewLayer | Sample 96/256
Fra:1 Mem:155.96M (Peak 378.91M) | Time:03:33.37 | Remaining:04:31.65 | Mem:135.57M, Peak:230.53M | Scene, ViewLayer | Sample 112/256
Fra:1 Mem:155.96M (Peak 378.91M) | Time:03:52.04 | Remaining:03:49.95 | Mem:135.57M, Peak:230.53M | Scene, ViewLayer | Sample 128/256
Fra:1 Mem:155.96M (Peak 378.91M) | Time:04:06.25 | Remaining:03:09.90 | Mem:135.57M, Peak:230.53M | Scene, ViewLayer | Sample 144/256
Fra:1 Mem:155.96M (Peak 378.91M) | Time:04:17.17 | Remaining:02:33.04 | Mem:135.57M, Peak:230.53M | Scene, ViewLayer | Sample 160/256
Fra:1 Mem:155.96M (Peak 378.91M) | Time:04:25.13 | Remaining:01:59.56 | Mem:135.57M, Peak:230.53M | Scene, ViewLayer | Sample 176/256
Fra:1 Mem:155.96M (Peak 378.91M) | Time:04:31.94 | Remaining:01:29.95 | Mem:135.57M, Peak:230.53M | Scene, ViewLayer | Sample 192/256
Fra:1 Mem:155.96M (Peak 378.91M) | Time:04:37.77 | Remaining:01:03.62 | Mem:135.57M, Peak:230.53M | Scene, ViewLayer | Sample 208/256
Fra:1 Mem:155.96M (Peak 378.91M) | Time:04:41.33 | Remaining:00:39.89 | Mem:135.57M, Peak:230.53M | Scene, ViewLayer | Sample 224/256
Fra:1 Mem:155.96M (Peak 378.91M) | Time:04:44.94 | Remaining:00:18.85 | Mem:135.57M, Peak:230.53M | Scene, ViewLayer | Sample 240/256
Fra:1 Mem:195.97M (Peak 378.91M) | Time:04:47.23 | Mem:135.57M, Peak:230.53M | Scene, ViewLayer | Sample 256/256
Fra:1 Mem:195.97M (Peak 378.91M) | Time:04:47.23 | Mem:135.57M, Peak:230.53M | Scene, ViewLayer | Finished
Saved: 'C:\Users\usman_pyywgw5\Downloads\fyp\out\sim\tmp\s000004\rgb_bg.exr'
Time: 04:47.62 (Saving: 00:00.38)

    rgb background 1280x1024: 293.0s
Fra:1 Mem:155.74M (Peak 155.90M) | Time:00:00.00 | Mem:135.57M, Peak:135.57M | Scene, ViewLayer | Initializing
Fra:1 Mem:152.97M (Peak 155.90M) | Time:00:00.00 | Mem:135.57M, Peak:135.57M | Scene, ViewLayer | Waiting for render to start
Fra:1 Mem:152.97M (Peak 155.90M) | Time:00:00.00 | Mem:135.57M, Peak:135.57M | Scene, ViewLayer | Updating Scene
Fra:1 Mem:152.97M (Peak 155.90M) | Time:00:00.00 | Mem:135.57M, Peak:135.57M | Scene, ViewLayer | Updating Shaders
Fra:1 Mem:152.97M (Peak 155.90M) | Time:00:00.00 | Mem:135.57M, Peak:135.57M | Scene, ViewLayer | Updating Background
Fra:1 Mem:152.97M (Peak 155.90M) | Time:00:00.00 | Mem:135.57M, Peak:135.57M | Scene, ViewLayer | Updating Camera
Fra:1 Mem:152.97M (Peak 155.90M) | Time:00:00.00 | Mem:135.57M, Peak:135.57M | Scene, ViewLayer | Updating Meshes Flags
Fra:1 Mem:152.97M (Peak 155.90M) | Time:00:00.00 | Mem:132.17M, Peak:135.57M | Scene, ViewLayer | Updating Objects
Fra:1 Mem:152.97M (Peak 155.90M) | Time:00:00.00 | Mem:132.17M, Peak:135.57M | Scene, ViewLayer | Updating Particle Systems
Fra:1 Mem:152.97M (Peak 155.90M) | Time:00:00.00 | Mem:132.17M, Peak:135.57M | Scene, ViewLayer | Updating Meshes
Fra:1 Mem:150.93M (Peak 155.90M) | Time:00:00.00 | Mem:130.13M, Peak:135.57M | Scene, ViewLayer | Updating Mesh | Computing attributes
Fra:1 Mem:150.93M (Peak 155.90M) | Time:00:00.00 | Mem:130.13M, Peak:135.57M | Scene, ViewLayer | Updating Mesh | Copying Attributes to device
Fra:1 Mem:150.93M (Peak 155.90M) | Time:00:00.00 | Mem:130.13M, Peak:135.57M | Scene, ViewLayer | Updating Scene BVH | Building
Fra:1 Mem:150.93M (Peak 155.90M) | Time:00:00.00 | Mem:130.13M, Peak:135.57M | Scene, ViewLayer | Updating Scene BVH | Building BVH
Fra:1 Mem:150.93M (Peak 155.90M) | Time:00:00.00 | Mem:130.13M, Peak:135.57M | Scene, ViewLayer | Updating Scene BVH | Copying BVH to device
Fra:1 Mem:150.93M (Peak 155.90M) | Time:00:00.00 | Mem:130.13M, Peak:135.57M | Scene, ViewLayer | Updating Objects Flags
Fra:1 Mem:150.93M (Peak 155.90M) | Time:00:00.00 | Mem:130.13M, Peak:135.57M | Scene, ViewLayer | Updating Primitive Offsets
Fra:1 Mem:150.93M (Peak 155.90M) | Time:00:00.00 | Mem:130.13M, Peak:135.57M | Scene, ViewLayer | Updating Images
Fra:1 Mem:150.93M (Peak 155.90M) | Time:00:00.00 | Mem:130.13M, Peak:135.57M | Scene, ViewLayer | Updating Camera Volume
Fra:1 Mem:150.93M (Peak 155.90M) | Time:00:00.00 | Mem:130.13M, Peak:135.57M | Scene, ViewLayer | Updating Lookup Tables
Fra:1 Mem:150.93M (Peak 155.90M) | Time:00:00.00 | Mem:130.13M, Peak:135.57M | Scene, ViewLayer | Updating Lights
Fra:1 Mem:150.93M (Peak 155.90M) | Time:00:00.00 | Mem:130.13M, Peak:135.57M | Scene, ViewLayer | Updating Lights | Computing tree
Fra:1 Mem:150.93M (Peak 155.90M) | Time:00:00.00 | Mem:130.13M, Peak:135.57M | Scene, ViewLayer | Updating Integrator
Fra:1 Mem:150.93M (Peak 155.90M) | Time:00:00.00 | Mem:130.13M, Peak:135.57M | Scene, ViewLayer | Updating Film
Fra:1 Mem:150.93M (Peak 155.90M) | Time:00:00.00 | Mem:130.13M, Peak:135.57M | Scene, ViewLayer | Updating Lookup Tables
Fra:1 Mem:150.93M (Peak 155.90M) | Time:00:00.00 | Mem:130.13M, Peak:135.57M | Scene, ViewLayer | Updating Baking
Fra:1 Mem:150.93M (Peak 155.90M) | Time:00:00.00 | Mem:130.13M, Peak:135.57M | Scene, ViewLayer | Updating Device | Writing constant memory
Fra:1 Mem:150.93M (Peak 155.90M) | Time:00:00.00 | Mem:130.13M, Peak:135.57M | Scene, ViewLayer | Sample 0/8
Fra:1 Mem:85.94M (Peak 155.90M) | Time:00:00.02 | Remaining:00:00.09 | Mem:65.15M, Peak:135.57M | Scene, ViewLayer | Sample 1/8
Fra:1 Mem:85.96M (Peak 155.90M) | Time:00:00.02 | Mem:65.15M, Peak:135.57M | Scene, ViewLayer | Sample 8/8
Fra:1 Mem:85.96M (Peak 155.90M) | Time:00:00.02 | Mem:65.15M, Peak:135.57M | Scene, ViewLayer | Finished
Saved: 'C:\Users\usman_pyywgw5\Downloads\fyp\out\sim\tmp\s000004\rgb_probe.exr'
Time: 00:00.02 (Saving: 00:00.00)

Fra:1 Mem:86.77M (Peak 86.77M) | Time:00:00.00 | Mem:65.15M, Peak:65.15M | Scene, ViewLayer | Synchronizing object | ground
Fra:1 Mem:86.77M (Peak 86.77M) | Time:00:00.00 | Mem:65.15M, Peak:65.15M | Scene, ViewLayer | Synchronizing object | KAL
Fra:1 Mem:88.98M (Peak 88.98M) | Time:00:00.00 | Mem:65.15M, Peak:65.15M | Scene, ViewLayer | Synchronizing object | structures
Fra:1 Mem:88.98M (Peak 88.98M) | Time:00:00.00 | Mem:65.15M, Peak:65.15M | Scene, ViewLayer | Initializing
Fra:1 Mem:88.98M (Peak 88.98M) | Time:00:00.01 | Mem:65.15M, Peak:65.15M | Scene, ViewLayer | Updating Images | Loading decal_atlas.png
Fra:1 Mem:104.98M (Peak 136.99M) | Time:00:00.31 | Mem:81.15M, Peak:81.15M | Scene, ViewLayer | Waiting for render to start
Fra:1 Mem:104.98M (Peak 136.99M) | Time:00:00.31 | Mem:81.15M, Peak:81.15M | Scene, ViewLayer | Loading render kernels (may take a few minutes the first time)
Fra:1 Mem:104.98M (Peak 136.99M) | Time:00:00.31 | Mem:81.15M, Peak:81.15M | Scene, ViewLayer | Updating Scene
Fra:1 Mem:104.98M (Peak 136.99M) | Time:00:00.31 | Mem:81.15M, Peak:81.15M | Scene, ViewLayer | Updating Shaders
Fra:1 Mem:104.99M (Peak 136.99M) | Time:00:00.31 | Mem:81.16M, Peak:81.16M | Scene, ViewLayer | Updating Procedurals
Fra:1 Mem:104.99M (Peak 136.99M) | Time:00:00.31 | Mem:81.16M, Peak:81.16M | Scene, ViewLayer | Updating Background
Fra:1 Mem:104.99M (Peak 136.99M) | Time:00:00.31 | Mem:81.16M, Peak:81.16M | Scene, ViewLayer | Updating Camera
Fra:1 Mem:104.99M (Peak 136.99M) | Time:00:00.31 | Mem:81.07M, Peak:81.16M | Scene, ViewLayer | Updating Meshes Flags
Fra:1 Mem:104.99M (Peak 136.99M) | Time:00:00.31 | Mem:81.07M, Peak:81.16M | Scene, ViewLayer | Updating Objects
Fra:1 Mem:104.99M (Peak 136.99M) | Time:00:00.31 | Mem:81.07M, Peak:81.16M | Scene, ViewLayer | Updating Objects | Copying Transformations to device
Fra:1 Mem:104.99M (Peak 136.99M) | Time:00:00.31 | Mem:81.07M, Peak:81.16M | Scene, ViewLayer | Updating Objects | Applying Static Transformations
Fra:1 Mem:104.99M (Peak 136.99M) | Time:00:00.31 | Mem:81.07M, Peak:81.16M | Scene, ViewLayer | Updating Particle Systems
Fra:1 Mem:104.99M (Peak 136.99M) | Time:00:00.31 | Mem:81.07M, Peak:81.16M | Scene, ViewLayer | Updating Meshes
Fra:1 Mem:105.80M (Peak 136.99M) | Time:00:00.31 | Mem:81.07M, Peak:81.16M | Scene, ViewLayer | Updating Mesh | Computing attributes
Fra:1 Mem:106.17M (Peak 136.99M) | Time:00:00.31 | Mem:81.07M, Peak:81.16M | Scene, ViewLayer | Updating Mesh | Copying Attributes to device
Fra:1 Mem:106.17M (Peak 136.99M) | Time:00:00.31 | Mem:81.44M, Peak:81.44M | Scene, ViewLayer | Updating Geometry BVH KAL 1/1 | Building BVH
Fra:1 Mem:106.17M (Peak 136.99M) | Time:00:00.31 | Mem:81.52M, Peak:81.52M | Scene, ViewLayer | Updating Geometry BVH KAL 1/1 | Building BVH 0%
Fra:1 Mem:106.17M (Peak 136.99M) | Time:00:00.31 | Mem:81.61M, Peak:81.68M | Scene, ViewLayer | Updating Scene BVH | Building
Fra:1 Mem:106.17M (Peak 136.99M) | Time:00:00.31 | Mem:81.61M, Peak:81.68M | Scene, ViewLayer | Updating Scene BVH | Building BVH
Fra:1 Mem:106.17M (Peak 136.99M) | Time:00:00.33 | Mem:85.00M, Peak:86.54M | Scene, ViewLayer | Updating Scene BVH | Copying BVH to device
Fra:1 Mem:106.17M (Peak 136.99M) | Time:00:00.33 | Mem:85.00M, Peak:86.54M | Scene, ViewLayer | Updating Mesh | Computing normals
Fra:1 Mem:108.02M (Peak 136.99M) | Time:00:00.34 | Mem:85.00M, Peak:86.54M | Scene, ViewLayer | Updating Mesh | Copying Mesh to device
Fra:1 Mem:108.02M (Peak 136.99M) | Time:00:00.34 | Mem:86.85M, Peak:86.85M | Scene, ViewLayer | Updating Objects Flags
Fra:1 Mem:108.02M (Peak 136.99M) | Time:00:00.34 | Mem:86.85M, Peak:86.85M | Scene, ViewLayer | Updating Primitive Offsets
Fra:1 Mem:108.02M (Peak 136.99M) | Time:00:00.34 | Mem:86.85M, Peak:86.85M | Scene, ViewLayer | Updating Images
Fra:1 Mem:108.02M (Peak 136.99M) | Time:00:00.34 | Mem:86.85M, Peak:86.85M | Scene, ViewLayer | Updating Camera Volume
Fra:1 Mem:108.02M (Peak 136.99M) | Time:00:00.34 | Mem:86.85M, Peak:86.85M | Scene, ViewLayer | Updating Lookup Tables
Fra:1 Mem:108.02M (Peak 136.99M) | Time:00:00.34 | Mem:86.94M, Peak:86.94M | Scene, ViewLayer | Updating Lights
Fra:1 Mem:108.02M (Peak 136.99M) | Time:00:00.34 | Mem:86.94M, Peak:86.94M | Scene, ViewLayer | Updating Lights | Computing tree
Fra:1 Mem:108.02M (Peak 136.99M) | Time:00:00.34 | Mem:86.94M, Peak:86.94M | Scene, ViewLayer | Updating Integrator
Fra:1 Mem:108.02M (Peak 136.99M) | Time:00:00.34 | Mem:86.94M, Peak:86.94M | Scene, ViewLayer | Updating Film
Fra:1 Mem:108.02M (Peak 136.99M) | Time:00:00.34 | Mem:86.94M, Peak:86.94M | Scene, ViewLayer | Updating Lookup Tables
Fra:1 Mem:108.02M (Peak 136.99M) | Time:00:00.34 | Mem:86.94M, Peak:86.94M | Scene, ViewLayer | Updating Baking
Fra:1 Mem:108.02M (Peak 136.99M) | Time:00:00.34 | Mem:86.94M, Peak:86.94M | Scene, ViewLayer | Updating Device | Writing constant memory
Fra:1 Mem:108.02M (Peak 136.99M) | Time:00:00.34 | Mem:86.94M, Peak:86.94M | Scene, ViewLayer | Sample 0/256
Fra:1 Mem:108.30M (Peak 136.99M) | Time:00:00.36 | Remaining:00:06.40 | Mem:87.21M, Peak:87.21M | Scene, ViewLayer | Sample 1/256
Fra:1 Mem:108.30M (Peak 136.99M) | Time:00:00.70 | Remaining:00:02.55 | Mem:87.21M, Peak:87.21M | Scene, ViewLayer | Sample 32/256
Fra:1 Mem:108.30M (Peak 136.99M) | Time:00:00.81 | Remaining:00:02.07 | Mem:87.21M, Peak:87.21M | Scene, ViewLayer | Sample 48/256
Fra:1 Mem:108.30M (Peak 136.99M) | Time:00:00.96 | Remaining:00:01.88 | Mem:87.21M, Peak:87.21M | Scene, ViewLayer | Sample 64/256
Fra:1 Mem:108.30M (Peak 136.99M) | Time:00:01.11 | Remaining:00:01.70 | Mem:87.21M, Peak:87.21M | Scene, ViewLayer | Sample 80/256
Fra:1 Mem:108.30M (Peak 136.99M) | Time:00:01.31 | Remaining:00:01.62 | Mem:87.21M, Peak:87.21M | Scene, ViewLayer | Sample 96/256
Fra:1 Mem:108.30M (Peak 136.99M) | Time:00:01.40 | Remaining:00:01.36 | Mem:87.21M, Peak:87.21M | Scene, ViewLayer | Sample 112/256
Fra:1 Mem:108.30M (Peak 136.99M) | Time:00:01.48 | Remaining:00:01.13 | Mem:87.21M, Peak:87.21M | Scene, ViewLayer | Sample 128/256
Fra:1 Mem:108.30M (Peak 136.99M) | Time:00:01.55 | Remaining:00:00.94 | Mem:87.21M, Peak:87.21M | Scene, ViewLayer | Sample 144/256
Fra:1 Mem:108.30M (Peak 136.99M) | Time:00:01.63 | Remaining:00:00.77 | Mem:87.21M, Peak:87.21M | Scene, ViewLayer | Sample 160/256
Fra:1 Mem:108.30M (Peak 136.99M) | Time:00:01.69 | Remaining:00:00.61 | Mem:87.21M, Peak:87.21M | Scene, ViewLayer | Sample 176/256
Fra:1 Mem:108.30M (Peak 136.99M) | Time:00:01.76 | Remaining:00:00.47 | Mem:87.21M, Peak:87.21M | Scene, ViewLayer | Sample 192/256
Fra:1 Mem:108.30M (Peak 136.99M) | Time:00:01.83 | Remaining:00:00.34 | Mem:87.21M, Peak:87.21M | Scene, ViewLayer | Sample 208/256
Fra:1 Mem:108.30M (Peak 136.99M) | Time:00:01.89 | Remaining:00:00.22 | Mem:87.21M, Peak:87.21M | Scene, ViewLayer | Sample 224/256
Fra:1 Mem:108.30M (Peak 136.99M) | Time:00:01.95 | Remaining:00:00.10 | Mem:87.21M, Peak:87.21M | Scene, ViewLayer | Sample 240/256
Fra:1 Mem:108.48M (Peak 136.99M) | Time:00:02.02 | Mem:87.21M, Peak:87.21M | Scene, ViewLayer | Sample 256/256
Fra:1 Mem:108.48M (Peak 136.99M) | Time:00:02.02 | Mem:87.21M, Peak:87.21M | Scene, ViewLayer | Finished
Saved: 'C:\Users\usman_pyywgw5\Downloads\fyp\out\sim\tmp\s000004\rgb_target.exr'
Time: 00:02.03 (Saving: 00:00.00)

    rgb target  crop 49x30 px @2x: 2.1s
Fra:1 Mem:107.73M (Peak 108.25M) | Time:00:00.00 | Mem:87.21M, Peak:87.21M | Scene, ViewLayer | Synchronizing object | structures
Fra:1 Mem:107.74M (Peak 108.25M) | Time:00:00.00 | Mem:87.21M, Peak:87.21M | Scene, ViewLayer | Synchronizing object | ground
Fra:1 Mem:109.34M (Peak 109.34M) | Time:00:00.00 | Mem:87.21M, Peak:87.21M | Scene, ViewLayer | Initializing
Fra:1 Mem:106.35M (Peak 109.34M) | Time:00:00.00 | Mem:87.21M, Peak:87.21M | Scene, ViewLayer | Updating Images | Loading lwir_sky_lut
Fra:1 Mem:106.38M (Peak 109.34M) | Time:00:00.00 | Mem:87.24M, Peak:87.24M | Scene, ViewLayer | Waiting for render to start
Fra:1 Mem:106.38M (Peak 109.34M) | Time:00:00.00 | Mem:87.24M, Peak:87.24M | Scene, ViewLayer | Loading render kernels (may take a few minutes the first time)
Fra:1 Mem:106.38M (Peak 109.34M) | Time:00:00.00 | Mem:87.24M, Peak:87.24M | Scene, ViewLayer | Updating Scene
Fra:1 Mem:106.38M (Peak 109.34M) | Time:00:00.00 | Mem:87.24M, Peak:87.24M | Scene, ViewLayer | Updating Shaders
Fra:1 Mem:106.37M (Peak 109.34M) | Time:00:00.00 | Mem:87.24M, Peak:87.24M | Scene, ViewLayer | Updating Background
Fra:1 Mem:106.37M (Peak 109.34M) | Time:00:00.00 | Mem:87.24M, Peak:87.24M | Scene, ViewLayer | Updating Camera
Fra:1 Mem:106.37M (Peak 109.34M) | Time:00:00.00 | Mem:87.24M, Peak:87.24M | Scene, ViewLayer | Updating Meshes Flags
Fra:1 Mem:106.37M (Peak 109.34M) | Time:00:00.00 | Mem:83.68M, Peak:87.24M | Scene, ViewLayer | Updating Objects
Fra:1 Mem:106.37M (Peak 109.34M) | Time:00:00.00 | Mem:83.68M, Peak:87.24M | Scene, ViewLayer | Updating Objects | Copying Transformations to device
Fra:1 Mem:106.37M (Peak 109.34M) | Time:00:00.00 | Mem:83.68M, Peak:87.24M | Scene, ViewLayer | Updating Objects | Applying Static Transformations
Fra:1 Mem:106.37M (Peak 109.34M) | Time:00:00.00 | Mem:83.68M, Peak:87.24M | Scene, ViewLayer | Updating Particle Systems
Fra:1 Mem:106.37M (Peak 109.34M) | Time:00:00.00 | Mem:83.68M, Peak:87.24M | Scene, ViewLayer | Updating Meshes
Fra:1 Mem:104.92M (Peak 109.34M) | Time:00:00.00 | Mem:81.46M, Peak:87.24M | Scene, ViewLayer | Updating Mesh | Computing attributes
Fra:1 Mem:104.92M (Peak 109.34M) | Time:00:00.00 | Mem:81.46M, Peak:87.24M | Scene, ViewLayer | Updating Mesh | Copying Attributes to device
Fra:1 Mem:104.92M (Peak 109.34M) | Time:00:00.00 | Mem:81.46M, Peak:87.24M | Scene, ViewLayer | Updating Scene BVH | Building
Fra:1 Mem:104.92M (Peak 109.34M) | Time:00:00.00 | Mem:81.46M, Peak:87.24M | Scene, ViewLayer | Updating Scene BVH | Building BVH
Fra:1 Mem:104.92M (Peak 109.34M) | Time:00:00.00 | Mem:83.00M, Peak:87.24M | Scene, ViewLayer | Updating Scene BVH | Building BVH 0%
Fra:1 Mem:104.92M (Peak 109.34M) | Time:00:00.02 | Mem:84.85M, Peak:87.24M | Scene, ViewLayer | Updating Scene BVH | Copying BVH to device
Fra:1 Mem:104.92M (Peak 109.34M) | Time:00:00.02 | Mem:84.85M, Peak:87.24M | Scene, ViewLayer | Updating Mesh | Computing normals
Fra:1 Mem:106.67M (Peak 109.34M) | Time:00:00.02 | Mem:84.85M, Peak:87.24M | Scene, ViewLayer | Updating Mesh | Copying Mesh to device
Fra:1 Mem:106.67M (Peak 109.34M) | Time:00:00.02 | Mem:86.60M, Peak:87.24M | Scene, ViewLayer | Updating Objects Flags
Fra:1 Mem:106.67M (Peak 109.34M) | Time:00:00.02 | Mem:86.60M, Peak:87.24M | Scene, ViewLayer | Updating Primitive Offsets
Fra:1 Mem:106.67M (Peak 109.34M) | Time:00:00.02 | Mem:86.60M, Peak:87.24M | Scene, ViewLayer | Updating Images
Fra:1 Mem:105.67M (Peak 109.34M) | Time:00:00.02 | Mem:85.60M, Peak:87.24M | Scene, ViewLayer | Updating Camera Volume
Fra:1 Mem:105.67M (Peak 109.34M) | Time:00:00.02 | Mem:85.60M, Peak:87.24M | Scene, ViewLayer | Updating Lookup Tables
Fra:1 Mem:105.67M (Peak 109.34M) | Time:00:00.02 | Mem:85.60M, Peak:87.24M | Scene, ViewLayer | Updating Lights
Fra:1 Mem:41.64M (Peak 109.34M) | Time:00:00.03 | Mem:21.56M, Peak:87.24M | Scene, ViewLayer | Updating Lights | Importance map
Fra:1 Mem:105.67M (Peak 393.64M) | Time:00:02.48 | Mem:85.60M, Peak:245.56M | Scene, ViewLayer | Updating Lights | Computing tree
Fra:1 Mem:115.13M (Peak 393.64M) | Time:00:02.94 | Mem:95.06M, Peak:245.56M | Scene, ViewLayer | Updating Integrator
Fra:1 Mem:115.13M (Peak 393.64M) | Time:00:02.94 | Mem:95.06M, Peak:245.56M | Scene, ViewLayer | Updating Film
Fra:1 Mem:115.13M (Peak 393.64M) | Time:00:02.94 | Mem:94.97M, Peak:245.56M | Scene, ViewLayer | Updating Lookup Tables
Fra:1 Mem:115.13M (Peak 393.64M) | Time:00:02.94 | Mem:95.06M, Peak:245.56M | Scene, ViewLayer | Updating Baking
Fra:1 Mem:115.13M (Peak 393.64M) | Time:00:02.94 | Mem:95.06M, Peak:245.56M | Scene, ViewLayer | Updating Device | Writing constant memory
Fra:1 Mem:115.13M (Peak 393.64M) | Time:00:02.94 | Mem:95.06M, Peak:245.56M | Scene, ViewLayer | Sample 0/4
Fra:1 Mem:179.84M (Peak 393.64M) | Time:00:03.95 | Remaining:00:03.00 | Mem:159.77M, Peak:245.56M | Scene, ViewLayer | Sample 1/4
Fra:1 Mem:219.84M (Peak 393.64M) | Time:00:07.21 | Mem:159.77M, Peak:245.56M | Scene, ViewLayer | Sample 4/4
Fra:1 Mem:219.84M (Peak 393.64M) | Time:00:07.21 | Mem:159.77M, Peak:245.56M | Scene, ViewLayer | Finished
Saved: 'C:\Users\usman_pyywgw5\Downloads\fyp\out\sim\tmp\s000004\lwir_bg.exr'
Time: 00:07.45 (Saving: 00:00.24)

    lwir background 1280x1024: 10.0s
Fra:1 Mem:180.42M (Peak 180.42M) | Time:00:00.00 | Mem:159.77M, Peak:159.77M | Scene, ViewLayer | Synchronizing object | ground
Fra:1 Mem:180.42M (Peak 180.42M) | Time:00:00.00 | Mem:159.77M, Peak:159.77M | Scene, ViewLayer | Synchronizing object | structures
Fra:1 Mem:179.74M (Peak 181.60M) | Time:00:00.00 | Mem:159.77M, Peak:159.77M | Scene, ViewLayer | Initializing
Fra:1 Mem:179.74M (Peak 181.60M) | Time:00:00.00 | Mem:159.77M, Peak:159.77M | Scene, ViewLayer | Waiting for render to start
Fra:1 Mem:179.74M (Peak 181.60M) | Time:00:00.00 | Mem:159.77M, Peak:159.77M | Scene, ViewLayer | Loading render kernels (may take a few minutes the first time)
Fra:1 Mem:179.74M (Peak 181.60M) | Time:00:00.00 | Mem:159.77M, Peak:159.77M | Scene, ViewLayer | Updating Scene
Fra:1 Mem:179.74M (Peak 181.60M) | Time:00:00.00 | Mem:159.77M, Peak:159.77M | Scene, ViewLayer | Updating Shaders
Fra:1 Mem:179.74M (Peak 181.60M) | Time:00:00.00 | Mem:159.77M, Peak:159.77M | Scene, ViewLayer | Updating Background
Fra:1 Mem:179.74M (Peak 181.60M) | Time:00:00.00 | Mem:159.77M, Peak:159.77M | Scene, ViewLayer | Updating Camera
Fra:1 Mem:179.75M (Peak 181.60M) | Time:00:00.00 | Mem:159.69M, Peak:159.77M | Scene, ViewLayer | Updating Meshes Flags
Fra:1 Mem:179.75M (Peak 181.60M) | Time:00:00.00 | Mem:156.30M, Peak:159.77M | Scene, ViewLayer | Updating Objects
Fra:1 Mem:179.75M (Peak 181.60M) | Time:00:00.00 | Mem:156.30M, Peak:159.77M | Scene, ViewLayer | Updating Objects | Copying Transformations to device
Fra:1 Mem:179.75M (Peak 181.60M) | Time:00:00.00 | Mem:156.30M, Peak:159.77M | Scene, ViewLayer | Updating Objects | Applying Static Transformations
Fra:1 Mem:179.75M (Peak 181.60M) | Time:00:00.00 | Mem:156.30M, Peak:159.77M | Scene, ViewLayer | Updating Particle Systems
Fra:1 Mem:179.75M (Peak 181.60M) | Time:00:00.00 | Mem:156.30M, Peak:159.77M | Scene, ViewLayer | Updating Meshes
Fra:1 Mem:178.81M (Peak 181.60M) | Time:00:00.01 | Mem:154.55M, Peak:159.77M | Scene, ViewLayer | Updating Mesh | Computing attributes
Fra:1 Mem:178.81M (Peak 181.60M) | Time:00:00.01 | Mem:154.55M, Peak:159.77M | Scene, ViewLayer | Updating Mesh | Copying Attributes to device
Fra:1 Mem:178.81M (Peak 181.60M) | Time:00:00.01 | Mem:154.55M, Peak:159.77M | Scene, ViewLayer | Updating Geometry BVH KAL 1/1 | Building BVH
Fra:1 Mem:178.81M (Peak 181.60M) | Time:00:00.01 | Mem:154.62M, Peak:159.77M | Scene, ViewLayer | Updating Geometry BVH KAL 1/1 | Building BVH 0%
Fra:1 Mem:178.81M (Peak 181.60M) | Time:00:00.01 | Mem:154.71M, Peak:159.77M | Scene, ViewLayer | Updating Scene BVH | Building
Fra:1 Mem:178.81M (Peak 181.60M) | Time:00:00.01 | Mem:154.71M, Peak:159.77M | Scene, ViewLayer | Updating Scene BVH | Building BVH
Fra:1 Mem:178.81M (Peak 181.60M) | Time:00:00.03 | Mem:158.10M, Peak:159.77M | Scene, ViewLayer | Updating Scene BVH | Copying BVH to device
Fra:1 Mem:178.81M (Peak 181.60M) | Time:00:00.03 | Mem:158.10M, Peak:159.77M | Scene, ViewLayer | Updating Mesh | Computing normals
Fra:1 Mem:180.66M (Peak 181.60M) | Time:00:00.04 | Mem:158.10M, Peak:159.77M | Scene, ViewLayer | Updating Mesh | Copying Mesh to device
Fra:1 Mem:180.66M (Peak 181.60M) | Time:00:00.04 | Mem:159.95M, Peak:159.95M | Scene, ViewLayer | Updating Objects Flags
Fra:1 Mem:180.66M (Peak 181.60M) | Time:00:00.04 | Mem:159.95M, Peak:159.95M | Scene, ViewLayer | Updating Primitive Offsets
Fra:1 Mem:180.66M (Peak 181.60M) | Time:00:00.04 | Mem:159.95M, Peak:159.95M | Scene, ViewLayer | Updating Images
Fra:1 Mem:180.66M (Peak 181.60M) | Time:00:00.04 | Mem:159.95M, Peak:159.95M | Scene, ViewLayer | Updating Camera Volume
Fra:1 Mem:180.66M (Peak 181.60M) | Time:00:00.04 | Mem:159.95M, Peak:159.95M | Scene, ViewLayer | Updating Lookup Tables
Fra:1 Mem:180.66M (Peak 181.60M) | Time:00:00.04 | Mem:160.04M, Peak:160.04M | Scene, ViewLayer | Updating Lights
Fra:1 Mem:171.20M (Peak 181.60M) | Time:00:00.04 | Mem:150.58M, Peak:160.04M | Scene, ViewLayer | Updating Lights | Computing tree
Fra:1 Mem:181.06M (Peak 187.54M) | Time:00:00.36 | Mem:160.44M, Peak:160.44M | Scene, ViewLayer | Updating Integrator
Fra:1 Mem:181.06M (Peak 187.54M) | Time:00:00.36 | Mem:160.44M, Peak:160.44M | Scene, ViewLayer | Updating Film
Fra:1 Mem:181.06M (Peak 187.54M) | Time:00:00.36 | Mem:160.44M, Peak:160.44M | Scene, ViewLayer | Updating Lookup Tables
Fra:1 Mem:181.06M (Peak 187.54M) | Time:00:00.36 | Mem:160.44M, Peak:160.44M | Scene, ViewLayer | Updating Baking
Fra:1 Mem:181.06M (Peak 187.54M) | Time:00:00.36 | Mem:160.44M, Peak:160.44M | Scene, ViewLayer | Updating Device | Writing constant memory
Fra:1 Mem:181.06M (Peak 187.54M) | Time:00:00.36 | Mem:160.44M, Peak:160.44M | Scene, ViewLayer | Sample 0/256
Fra:1 Mem:116.35M (Peak 187.54M) | Time:00:00.38 | Remaining:00:03.64 | Mem:95.73M, Peak:160.44M | Scene, ViewLayer | Sample 1/256
Fra:1 Mem:116.35M (Peak 187.54M) | Time:00:00.50 | Remaining:00:00.93 | Mem:95.73M, Peak:160.44M | Scene, ViewLayer | Sample 32/256
Fra:1 Mem:116.35M (Peak 187.54M) | Time:00:00.51 | Remaining:00:00.62 | Mem:95.73M, Peak:160.44M | Scene, ViewLayer | Sample 48/256
Fra:1 Mem:116.35M (Peak 187.54M) | Time:00:00.52 | Remaining:00:00.47 | Mem:95.73M, Peak:160.44M | Scene, ViewLayer | Sample 64/256
Fra:1 Mem:116.35M (Peak 187.54M) | Time:00:00.53 | Remaining:00:00.36 | Mem:95.73M, Peak:160.44M | Scene, ViewLayer | Sample 80/256
Fra:1 Mem:116.35M (Peak 187.54M) | Time:00:00.55 | Remaining:00:00.30 | Mem:95.73M, Peak:160.44M | Scene, ViewLayer | Sample 96/256
Fra:1 Mem:116.35M (Peak 187.54M) | Time:00:00.56 | Remaining:00:00.25 | Mem:95.73M, Peak:160.44M | Scene, ViewLayer | Sample 112/256
Fra:1 Mem:116.35M (Peak 187.54M) | Time:00:00.58 | Remaining:00:00.21 | Mem:95.73M, Peak:160.44M | Scene, ViewLayer | Sample 128/256
Fra:1 Mem:116.35M (Peak 187.54M) | Time:00:00.59 | Remaining:00:00.18 | Mem:95.73M, Peak:160.44M | Scene, ViewLayer | Sample 144/256
Fra:1 Mem:116.35M (Peak 187.54M) | Time:00:00.60 | Remaining:00:00.14 | Mem:95.73M, Peak:160.44M | Scene, ViewLayer | Sample 160/256
Fra:1 Mem:116.35M (Peak 187.54M) | Time:00:00.62 | Remaining:00:00.11 | Mem:95.73M, Peak:160.44M | Scene, ViewLayer | Sample 176/256
Fra:1 Mem:116.35M (Peak 187.54M) | Time:00:00.63 | Remaining:00:00.08 | Mem:95.73M, Peak:160.44M | Scene, ViewLayer | Sample 192/256
Fra:1 Mem:116.35M (Peak 187.54M) | Time:00:00.64 | Remaining:00:00.06 | Mem:95.73M, Peak:160.44M | Scene, ViewLayer | Sample 208/256
Fra:1 Mem:116.35M (Peak 187.54M) | Time:00:00.65 | Remaining:00:00.04 | Mem:95.73M, Peak:160.44M | Scene, ViewLayer | Sample 224/256
Fra:1 Mem:116.35M (Peak 187.54M) | Time:00:00.66 | Remaining:00:00.01 | Mem:95.73M, Peak:160.44M | Scene, ViewLayer | Sample 240/256
Fra:1 Mem:116.53M (Peak 187.54M) | Time:00:00.68 | Mem:95.73M, Peak:160.44M | Scene, ViewLayer | Sample 256/256
Fra:1 Mem:116.53M (Peak 187.54M) | Time:00:00.68 | Mem:95.73M, Peak:160.44M | Scene, ViewLayer | Finished
Saved: 'C:\Users\usman_pyywgw5\Downloads\fyp\out\sim\tmp\s000004\lwir_target.exr'
Time: 00:00.68 (Saving: 00:00.00)

    lwir target  crop 49x30 px @2x: 0.7s
Fra:1 Mem:115.80M (Peak 116.30M) | Time:00:00.00 | Mem:95.73M, Peak:95.73M | Scene, ViewLayer | Synchronizing object | ground
Fra:1 Mem:115.80M (Peak 116.30M) | Time:00:00.00 | Mem:95.73M, Peak:95.73M | Scene, ViewLayer | Synchronizing object | structures
Fra:1 Mem:117.80M (Peak 118.19M) | Time:00:00.00 | Mem:95.73M, Peak:95.73M | Scene, ViewLayer | Initializing
Fra:1 Mem:115.28M (Peak 118.19M) | Time:00:00.00 | Mem:95.73M, Peak:95.73M | Scene, ViewLayer | Waiting for render to start
Fra:1 Mem:115.28M (Peak 118.19M) | Time:00:00.00 | Mem:95.73M, Peak:95.73M | Scene, ViewLayer | Loading render kernels (may take a few minutes the first time)
Fra:1 Mem:115.28M (Peak 118.19M) | Time:00:00.00 | Mem:95.73M, Peak:95.73M | Scene, ViewLayer | Updating Scene
Fra:1 Mem:115.28M (Peak 118.19M) | Time:00:00.00 | Mem:95.73M, Peak:95.73M | Scene, ViewLayer | Updating Shaders
Fra:1 Mem:115.28M (Peak 118.19M) | Time:00:00.00 | Mem:95.73M, Peak:95.73M | Scene, ViewLayer | Updating Procedurals
Fra:1 Mem:115.28M (Peak 118.19M) | Time:00:00.00 | Mem:95.73M, Peak:95.73M | Scene, ViewLayer | Updating Background
Fra:1 Mem:115.28M (Peak 118.19M) | Time:00:00.00 | Mem:95.73M, Peak:95.73M | Scene, ViewLayer | Updating Camera
Fra:1 Mem:115.28M (Peak 118.19M) | Time:00:00.00 | Mem:95.73M, Peak:95.73M | Scene, ViewLayer | Updating Meshes Flags
Fra:1 Mem:115.28M (Peak 118.19M) | Time:00:00.00 | Mem:92.17M, Peak:95.73M | Scene, ViewLayer | Updating Objects
Fra:1 Mem:115.28M (Peak 118.19M) | Time:00:00.00 | Mem:92.17M, Peak:95.73M | Scene, ViewLayer | Updating Objects | Copying Transformations to device
Fra:1 Mem:115.28M (Peak 118.19M) | Time:00:00.00 | Mem:92.17M, Peak:95.73M | Scene, ViewLayer | Updating Objects | Applying Static Transformations
Fra:1 Mem:115.28M (Peak 118.19M) | Time:00:00.00 | Mem:92.17M, Peak:95.73M | Scene, ViewLayer | Updating Particle Systems
Fra:1 Mem:115.28M (Peak 118.19M) | Time:00:00.00 | Mem:92.17M, Peak:95.73M | Scene, ViewLayer | Updating Meshes
Fra:1 Mem:114.20M (Peak 118.19M) | Time:00:00.01 | Mem:90.32M, Peak:95.73M | Scene, ViewLayer | Updating Mesh | Computing attributes
Fra:1 Mem:114.49M (Peak 118.19M) | Time:00:00.01 | Mem:90.32M, Peak:95.73M | Scene, ViewLayer | Updating Mesh | Copying Attributes to device
Fra:1 Mem:114.49M (Peak 118.19M) | Time:00:00.01 | Mem:90.61M, Peak:95.73M | Scene, ViewLayer | Updating Scene BVH | Building
Fra:1 Mem:114.49M (Peak 118.19M) | Time:00:00.01 | Mem:90.61M, Peak:95.73M | Scene, ViewLayer | Updating Scene BVH | Building BVH
Fra:1 Mem:114.49M (Peak 118.19M) | Time:00:00.01 | Mem:92.16M, Peak:95.73M | Scene, ViewLayer | Updating Scene BVH | Building BVH 0%
Fra:1 Mem:114.49M (Peak 118.19M) | Time:00:00.03 | Mem:94.01M, Peak:95.73M | Scene, ViewLayer | Updating Scene BVH | Copying BVH to device
Fra:1 Mem:114.49M (Peak 118.19M) | Time:00:00.03 | Mem:94.01M, Peak:95.73M | Scene, ViewLayer | Updating Mesh | Computing normals
Fra:1 Mem:116.24M (Peak 118.19M) | Time:00:00.03 | Mem:94.01M, Peak:95.73M | Scene, ViewLayer | Updating Mesh | Copying Mesh to device
Fra:1 Mem:116.24M (Peak 118.19M) | Time:00:00.03 | Mem:95.75M, Peak:95.75M | Scene, ViewLayer | Updating Objects Flags
Fra:1 Mem:116.24M (Peak 118.19M) | Time:00:00.03 | Mem:95.75M, Peak:95.75M | Scene, ViewLayer | Updating Primitive Offsets
Fra:1 Mem:116.24M (Peak 118.19M) | Time:00:00.03 | Mem:95.75M, Peak:95.75M | Scene, ViewLayer | Updating Images
Fra:1 Mem:116.24M (Peak 118.19M) | Time:00:00.03 | Mem:95.75M, Peak:95.75M | Scene, ViewLayer | Updating Images | Loading sky_nishita
Fra:1 Mem:117.21M (Peak 118.19M) | Time:00:00.49 | Mem:96.72M, Peak:96.72M | Scene, ViewLayer | Updating Camera Volume
Fra:1 Mem:117.21M (Peak 118.19M) | Time:00:00.49 | Mem:96.72M, Peak:96.72M | Scene, ViewLayer | Updating Lookup Tables
Fra:1 Mem:117.21M (Peak 118.19M) | Time:00:00.49 | Mem:96.72M, Peak:96.72M | Scene, ViewLayer | Updating Lights
Fra:1 Mem:43.32M (Peak 118.19M) | Time:00:00.51 | Mem:22.83M, Peak:96.72M | Scene, ViewLayer | Updating Lights | Importance map
Fra:1 Mem:107.35M (Peak 395.32M) | Time:00:02.56 | Mem:86.86M, Peak:246.83M | Scene, ViewLayer | Updating Lights | Computing tree
Fra:1 Mem:107.35M (Peak 395.32M) | Time:00:02.56 | Mem:86.86M, Peak:246.83M | Scene, ViewLayer | Updating Integrator
Fra:1 Mem:107.35M (Peak 395.32M) | Time:00:02.56 | Mem:86.86M, Peak:246.83M | Scene, ViewLayer | Updating Film
Fra:1 Mem:107.35M (Peak 395.32M) | Time:00:02.56 | Mem:86.78M, Peak:246.83M | Scene, ViewLayer | Updating Lookup Tables
Fra:1 Mem:107.35M (Peak 395.32M) | Time:00:02.56 | Mem:86.86M, Peak:246.83M | Scene, ViewLayer | Updating Baking
Fra:1 Mem:107.35M (Peak 395.32M) | Time:00:02.56 | Mem:86.86M, Peak:246.83M | Scene, ViewLayer | Updating Device | Writing constant memory
Fra:1 Mem:107.35M (Peak 395.32M) | Time:00:02.56 | Mem:86.86M, Peak:246.83M | Scene, ViewLayer | Sample 0/256
Fra:1 Mem:172.06M (Peak 395.32M) | Time:00:04.86 | Remaining:09:45.74 | Mem:151.57M, Peak:246.83M | Scene, ViewLayer | Sample 1/256
Fra:1 Mem:172.06M (Peak 395.32M) | Time:00:41.89 | Remaining:09:12.91 | Mem:151.57M, Peak:246.83M | Scene, ViewLayer | Sample 17/256
Fra:1 Mem:172.06M (Peak 395.32M) | Time:01:14.10 | Remaining:08:20.79 | Mem:151.57M, Peak:246.83M | Scene, ViewLayer | Sample 32/256
Fra:1 Mem:172.06M (Peak 395.32M) | Time:01:14.26 | Remaining:05:10.71 | Mem:151.57M, Peak:246.83M | Scene, ViewLayer | Sample 48/256
Fra:1 Mem:172.06M (Peak 395.32M) | Time:01:14.35 | Remaining:03:35.36 | Mem:151.57M, Peak:246.83M | Scene, ViewLayer | Sample 64/256
Fra:1 Mem:172.06M (Peak 395.32M) | Time:01:14.43 | Remaining:02:38.12 | Mem:151.57M, Peak:246.83M | Scene, ViewLayer | Sample 80/256
Fra:1 Mem:172.06M (Peak 395.32M) | Time:01:14.51 | Remaining:01:59.92 | Mem:151.57M, Peak:246.83M | Scene, ViewLayer | Sample 96/256
Fra:1 Mem:172.06M (Peak 395.32M) | Time:01:14.60 | Remaining:01:32.62 | Mem:151.57M, Peak:246.83M | Scene, ViewLayer | Sample 112/256
Fra:1 Mem:172.06M (Peak 395.32M) | Time:01:14.67 | Remaining:01:12.11 | Mem:151.57M, Peak:246.83M | Scene, ViewLayer | Sample 128/256
Fra:1 Mem:172.06M (Peak 395.32M) | Time:01:14.77 | Remaining:00:56.16 | Mem:151.57M, Peak:246.83M | Scene, ViewLayer | Sample 144/256
Fra:1 Mem:172.06M (Peak 395.32M) | Time:01:14.84 | Remaining:00:43.36 | Mem:151.57M, Peak:246.83M | Scene, ViewLayer | Sample 160/256
Fra:1 Mem:172.06M (Peak 395.32M) | Time:01:14.93 | Remaining:00:32.89 | Mem:151.57M, Peak:246.83M | Scene, ViewLayer | Sample 176/256
Fra:1 Mem:172.06M (Peak 395.32M) | Time:01:15.00 | Remaining:00:24.14 | Mem:151.57M, Peak:246.83M | Scene, ViewLayer | Sample 192/256
Fra:1 Mem:172.06M (Peak 395.32M) | Time:01:15.08 | Remaining:00:16.73 | Mem:151.57M, Peak:246.83M | Scene, ViewLayer | Sample 208/256
Fra:1 Mem:172.06M (Peak 395.32M) | Time:01:15.15 | Remaining:00:10.37 | Mem:151.57M, Peak:246.83M | Scene, ViewLayer | Sample 224/256
Fra:1 Mem:172.06M (Peak 395.32M) | Time:01:15.24 | Remaining:00:04.84 | Mem:151.57M, Peak:246.83M | Scene, ViewLayer | Sample 240/256
Fra:1 Mem:212.06M (Peak 395.32M) | Time:01:15.50 | Mem:151.57M, Peak:246.83M | Scene, ViewLayer | Sample 256/256
Fra:1 Mem:212.06M (Peak 395.32M) | Time:01:15.50 | Mem:151.57M, Peak:246.83M | Scene, ViewLayer | Finished
Saved: 'C:\Users\usman_pyywgw5\Downloads\fyp\out\sim\tmp\s000004\swir_bg.exr'
Time: 01:15.75 (Saving: 00:00.25)

    swir background 1280x1024: 77.8s
Fra:1 Mem:171.83M (Peak 172.00M) | Time:00:00.00 | Mem:151.57M, Peak:151.57M | Scene, ViewLayer | Initializing
Fra:1 Mem:169.06M (Peak 172.00M) | Time:00:00.00 | Mem:151.57M, Peak:151.57M | Scene, ViewLayer | Waiting for render to start
Fra:1 Mem:169.06M (Peak 172.00M) | Time:00:00.00 | Mem:151.57M, Peak:151.57M | Scene, ViewLayer | Updating Scene
Fra:1 Mem:169.06M (Peak 172.00M) | Time:00:00.00 | Mem:151.57M, Peak:151.57M | Scene, ViewLayer | Updating Shaders
Fra:1 Mem:169.06M (Peak 172.00M) | Time:00:00.00 | Mem:151.57M, Peak:151.57M | Scene, ViewLayer | Updating Background
Fra:1 Mem:169.06M (Peak 172.00M) | Time:00:00.00 | Mem:151.57M, Peak:151.57M | Scene, ViewLayer | Updating Camera
Fra:1 Mem:169.06M (Peak 172.00M) | Time:00:00.00 | Mem:151.57M, Peak:151.57M | Scene, ViewLayer | Updating Meshes Flags
Fra:1 Mem:169.06M (Peak 172.00M) | Time:00:00.00 | Mem:148.18M, Peak:151.57M | Scene, ViewLayer | Updating Objects
Fra:1 Mem:169.06M (Peak 172.00M) | Time:00:00.00 | Mem:148.18M, Peak:151.57M | Scene, ViewLayer | Updating Particle Systems
Fra:1 Mem:169.06M (Peak 172.00M) | Time:00:00.00 | Mem:148.18M, Peak:151.57M | Scene, ViewLayer | Updating Meshes
Fra:1 Mem:167.02M (Peak 172.00M) | Time:00:00.00 | Mem:146.14M, Peak:151.57M | Scene, ViewLayer | Updating Mesh | Computing attributes
Fra:1 Mem:167.02M (Peak 172.00M) | Time:00:00.00 | Mem:146.14M, Peak:151.57M | Scene, ViewLayer | Updating Mesh | Copying Attributes to device
Fra:1 Mem:167.02M (Peak 172.00M) | Time:00:00.00 | Mem:146.14M, Peak:151.57M | Scene, ViewLayer | Updating Scene BVH | Building
Fra:1 Mem:167.02M (Peak 172.00M) | Time:00:00.00 | Mem:146.14M, Peak:151.57M | Scene, ViewLayer | Updating Scene BVH | Building BVH
Fra:1 Mem:167.02M (Peak 172.00M) | Time:00:00.00 | Mem:146.14M, Peak:151.57M | Scene, ViewLayer | Updating Scene BVH | Copying BVH to device
Fra:1 Mem:167.02M (Peak 172.00M) | Time:00:00.00 | Mem:146.14M, Peak:151.57M | Scene, ViewLayer | Updating Objects Flags
Fra:1 Mem:167.02M (Peak 172.00M) | Time:00:00.00 | Mem:146.14M, Peak:151.57M | Scene, ViewLayer | Updating Primitive Offsets
Fra:1 Mem:167.02M (Peak 172.00M) | Time:00:00.00 | Mem:146.14M, Peak:151.57M | Scene, ViewLayer | Updating Images
Fra:1 Mem:167.02M (Peak 172.00M) | Time:00:00.00 | Mem:146.14M, Peak:151.57M | Scene, ViewLayer | Updating Camera Volume
Fra:1 Mem:167.02M (Peak 172.00M) | Time:00:00.00 | Mem:146.14M, Peak:151.57M | Scene, ViewLayer | Updating Lookup Tables
Fra:1 Mem:167.02M (Peak 172.00M) | Time:00:00.00 | Mem:146.14M, Peak:151.57M | Scene, ViewLayer | Updating Lights
Fra:1 Mem:167.02M (Peak 172.00M) | Time:00:00.00 | Mem:146.13M, Peak:151.57M | Scene, ViewLayer | Updating Lights | Computing tree
Fra:1 Mem:167.02M (Peak 172.00M) | Time:00:00.00 | Mem:146.14M, Peak:151.57M | Scene, ViewLayer | Updating Integrator
Fra:1 Mem:167.02M (Peak 172.00M) | Time:00:00.00 | Mem:146.14M, Peak:151.57M | Scene, ViewLayer | Updating Film
Fra:1 Mem:167.02M (Peak 172.00M) | Time:00:00.00 | Mem:146.14M, Peak:151.57M | Scene, ViewLayer | Updating Lookup Tables
Fra:1 Mem:167.02M (Peak 172.00M) | Time:00:00.00 | Mem:146.14M, Peak:151.57M | Scene, ViewLayer | Updating Baking
Fra:1 Mem:167.02M (Peak 172.00M) | Time:00:00.00 | Mem:146.14M, Peak:151.57M | Scene, ViewLayer | Updating Device | Writing constant memory
Fra:1 Mem:167.02M (Peak 172.00M) | Time:00:00.00 | Mem:146.14M, Peak:151.57M | Scene, ViewLayer | Sample 0/8
Fra:1 Mem:102.03M (Peak 172.00M) | Time:00:00.01 | Remaining:00:00.09 | Mem:81.15M, Peak:151.57M | Scene, ViewLayer | Sample 1/8
Fra:1 Mem:102.05M (Peak 172.00M) | Time:00:00.01 | Mem:81.15M, Peak:151.57M | Scene, ViewLayer | Sample 8/8
Fra:1 Mem:102.05M (Peak 172.00M) | Time:00:00.01 | Mem:81.15M, Peak:151.57M | Scene, ViewLayer | Finished
Saved: 'C:\Users\usman_pyywgw5\Downloads\fyp\out\sim\tmp\s000004\swir_probe.exr'
Time: 00:00.02 (Saving: 00:00.00)

Fra:1 Mem:102.86M (Peak 102.86M) | Time:00:00.00 | Mem:81.15M, Peak:81.15M | Scene, ViewLayer | Synchronizing object | KAL
Fra:1 Mem:102.90M (Peak 102.90M) | Time:00:00.00 | Mem:81.15M, Peak:81.15M | Scene, ViewLayer | Synchronizing object | ground
Fra:1 Mem:102.90M (Peak 102.90M) | Time:00:00.00 | Mem:81.15M, Peak:81.15M | Scene, ViewLayer | Synchronizing object | structures
Fra:1 Mem:105.03M (Peak 105.51M) | Time:00:00.00 | Mem:81.15M, Peak:81.15M | Scene, ViewLayer | Initializing
Fra:1 Mem:105.03M (Peak 105.51M) | Time:00:00.00 | Mem:81.15M, Peak:81.15M | Scene, ViewLayer | Waiting for render to start
Fra:1 Mem:105.03M (Peak 105.51M) | Time:00:00.00 | Mem:81.15M, Peak:81.15M | Scene, ViewLayer | Loading render kernels (may take a few minutes the first time)
Fra:1 Mem:105.03M (Peak 105.51M) | Time:00:00.00 | Mem:81.15M, Peak:81.15M | Scene, ViewLayer | Updating Scene
Fra:1 Mem:105.03M (Peak 105.51M) | Time:00:00.00 | Mem:81.15M, Peak:81.15M | Scene, ViewLayer | Updating Shaders
Fra:1 Mem:105.04M (Peak 105.51M) | Time:00:00.01 | Mem:81.16M, Peak:81.16M | Scene, ViewLayer | Updating Procedurals
Fra:1 Mem:105.04M (Peak 105.51M) | Time:00:00.01 | Mem:81.16M, Peak:81.16M | Scene, ViewLayer | Updating Background
Fra:1 Mem:105.04M (Peak 105.51M) | Time:00:00.01 | Mem:81.16M, Peak:81.16M | Scene, ViewLayer | Updating Camera
Fra:1 Mem:105.04M (Peak 105.51M) | Time:00:00.01 | Mem:81.07M, Peak:81.16M | Scene, ViewLayer | Updating Meshes Flags
Fra:1 Mem:105.04M (Peak 105.51M) | Time:00:00.01 | Mem:81.07M, Peak:81.16M | Scene, ViewLayer | Updating Objects
Fra:1 Mem:105.04M (Peak 105.51M) | Time:00:00.01 | Mem:81.07M, Peak:81.16M | Scene, ViewLayer | Updating Objects | Copying Transformations to device
Fra:1 Mem:105.04M (Peak 105.51M) | Time:00:00.01 | Mem:81.07M, Peak:81.16M | Scene, ViewLayer | Updating Objects | Applying Static Transformations
Fra:1 Mem:105.04M (Peak 105.51M) | Time:00:00.01 | Mem:81.07M, Peak:81.16M | Scene, ViewLayer | Updating Particle Systems
Fra:1 Mem:105.04M (Peak 105.51M) | Time:00:00.01 | Mem:81.07M, Peak:81.16M | Scene, ViewLayer | Updating Meshes
Fra:1 Mem:105.85M (Peak 105.85M) | Time:00:00.01 | Mem:81.07M, Peak:81.16M | Scene, ViewLayer | Updating Mesh | Computing attributes
Fra:1 Mem:106.22M (Peak 106.22M) | Time:00:00.01 | Mem:81.08M, Peak:81.16M | Scene, ViewLayer | Updating Mesh | Copying Attributes to device
Fra:1 Mem:106.22M (Peak 106.22M) | Time:00:00.01 | Mem:81.45M, Peak:81.45M | Scene, ViewLayer | Updating Geometry BVH KAL 1/1 | Building BVH
Fra:1 Mem:106.22M (Peak 106.22M) | Time:00:00.01 | Mem:81.52M, Peak:81.52M | Scene, ViewLayer | Updating Geometry BVH KAL 1/1 | Building BVH 0%
Fra:1 Mem:106.22M (Peak 106.22M) | Time:00:00.01 | Mem:81.61M, Peak:81.68M | Scene, ViewLayer | Updating Scene BVH | Building
Fra:1 Mem:106.22M (Peak 106.22M) | Time:00:00.01 | Mem:81.61M, Peak:81.68M | Scene, ViewLayer | Updating Scene BVH | Building BVH
Fra:1 Mem:106.22M (Peak 106.22M) | Time:00:00.04 | Mem:85.00M, Peak:86.55M | Scene, ViewLayer | Updating Scene BVH | Copying BVH to device
Fra:1 Mem:106.22M (Peak 106.22M) | Time:00:00.04 | Mem:85.00M, Peak:86.55M | Scene, ViewLayer | Updating Mesh | Computing normals
Fra:1 Mem:108.07M (Peak 108.07M) | Time:00:00.04 | Mem:85.00M, Peak:86.55M | Scene, ViewLayer | Updating Mesh | Copying Mesh to device
Fra:1 Mem:108.07M (Peak 108.07M) | Time:00:00.04 | Mem:86.85M, Peak:86.85M | Scene, ViewLayer | Updating Objects Flags
Fra:1 Mem:108.07M (Peak 108.07M) | Time:00:00.04 | Mem:86.85M, Peak:86.85M | Scene, ViewLayer | Updating Primitive Offsets
Fra:1 Mem:108.07M (Peak 108.07M) | Time:00:00.04 | Mem:86.85M, Peak:86.85M | Scene, ViewLayer | Updating Images
Fra:1 Mem:108.07M (Peak 108.07M) | Time:00:00.04 | Mem:86.85M, Peak:86.85M | Scene, ViewLayer | Updating Camera Volume
Fra:1 Mem:108.07M (Peak 108.07M) | Time:00:00.04 | Mem:86.85M, Peak:86.85M | Scene, ViewLayer | Updating Lookup Tables
Fra:1 Mem:108.07M (Peak 108.07M) | Time:00:00.04 | Mem:86.94M, Peak:86.94M | Scene, ViewLayer | Updating Lights
Fra:1 Mem:108.07M (Peak 108.07M) | Time:00:00.04 | Mem:86.94M, Peak:86.94M | Scene, ViewLayer | Updating Lights | Computing tree
Fra:1 Mem:108.07M (Peak 108.07M) | Time:00:00.04 | Mem:86.94M, Peak:86.94M | Scene, ViewLayer | Updating Integrator
Fra:1 Mem:108.07M (Peak 108.07M) | Time:00:00.04 | Mem:86.94M, Peak:86.94M | Scene, ViewLayer | Updating Film
Fra:1 Mem:108.07M (Peak 108.07M) | Time:00:00.05 | Mem:86.94M, Peak:86.94M | Scene, ViewLayer | Updating Lookup Tables
Fra:1 Mem:108.07M (Peak 108.07M) | Time:00:00.05 | Mem:86.94M, Peak:86.94M | Scene, ViewLayer | Updating Baking
Fra:1 Mem:108.07M (Peak 108.07M) | Time:00:00.05 | Mem:86.94M, Peak:86.94M | Scene, ViewLayer | Updating Device | Writing constant memory
Fra:1 Mem:108.07M (Peak 108.07M) | Time:00:00.05 | Mem:86.94M, Peak:86.94M | Scene, ViewLayer | Sample 0/256
Fra:1 Mem:108.35M (Peak 108.35M) | Time:00:00.05 | Remaining:00:02.38 | Mem:87.21M, Peak:87.21M | Scene, ViewLayer | Sample 1/256
Fra:1 Mem:108.35M (Peak 108.35M) | Time:00:00.26 | Remaining:00:01.51 | Mem:87.21M, Peak:87.21M | Scene, ViewLayer | Sample 32/256
Fra:1 Mem:108.35M (Peak 108.35M) | Time:00:00.33 | Remaining:00:01.22 | Mem:87.21M, Peak:87.21M | Scene, ViewLayer | Sample 48/256
Fra:1 Mem:108.35M (Peak 108.35M) | Time:00:00.43 | Remaining:00:01.14 | Mem:87.21M, Peak:87.21M | Scene, ViewLayer | Sample 64/256
Fra:1 Mem:108.35M (Peak 108.35M) | Time:00:00.49 | Remaining:00:00.98 | Mem:87.21M, Peak:87.21M | Scene, ViewLayer | Sample 80/256
Fra:1 Mem:108.35M (Peak 108.35M) | Time:00:00.56 | Remaining:00:00.85 | Mem:87.21M, Peak:87.21M | Scene, ViewLayer | Sample 96/256
Fra:1 Mem:108.35M (Peak 108.35M) | Time:00:00.63 | Remaining:00:00.75 | Mem:87.21M, Peak:87.21M | Scene, ViewLayer | Sample 112/256
Fra:1 Mem:108.35M (Peak 108.35M) | Time:00:00.70 | Remaining:00:00.65 | Mem:87.21M, Peak:87.21M | Scene, ViewLayer | Sample 128/256
Fra:1 Mem:108.35M (Peak 108.35M) | Time:00:00.78 | Remaining:00:00.57 | Mem:87.21M, Peak:87.21M | Scene, ViewLayer | Sample 144/256
Fra:1 Mem:108.35M (Peak 108.35M) | Time:00:00.87 | Remaining:00:00.49 | Mem:87.21M, Peak:87.21M | Scene, ViewLayer | Sample 160/256
Fra:1 Mem:108.35M (Peak 108.35M) | Time:00:00.94 | Remaining:00:00.40 | Mem:87.21M, Peak:87.21M | Scene, ViewLayer | Sample 176/256
Fra:1 Mem:108.35M (Peak 108.35M) | Time:00:01.00 | Remaining:00:00.31 | Mem:87.21M, Peak:87.21M | Scene, ViewLayer | Sample 192/256
Fra:1 Mem:108.35M (Peak 108.35M) | Time:00:01.05 | Remaining:00:00.23 | Mem:87.21M, Peak:87.21M | Scene, ViewLayer | Sample 208/256
Fra:1 Mem:108.35M (Peak 108.35M) | Time:00:01.11 | Remaining:00:00.15 | Mem:87.21M, Peak:87.21M | Scene, ViewLayer | Sample 224/256
Fra:1 Mem:108.35M (Peak 108.35M) | Time:00:01.19 | Remaining:00:00.07 | Mem:87.21M, Peak:87.21M | Scene, ViewLayer | Sample 240/256
Fra:1 Mem:108.53M (Peak 108.53M) | Time:00:01.26 | Mem:87.21M, Peak:87.21M | Scene, ViewLayer | Sample 256/256
Fra:1 Mem:108.53M (Peak 108.53M) | Time:00:01.26 | Mem:87.21M, Peak:87.21M | Scene, ViewLayer | Finished
Saved: 'C:\Users\usman_pyywgw5\Downloads\fyp\out\sim\tmp\s000004\swir_target.exr'
Time: 00:01.26 (Saving: 00:00.00)

    swir target  crop 49x30 px @2x: 1.3s
[s000004] done in 392.1s  calibration 2.9, build 0.8, rgb 295.2, lwir 10.7, swir 79.2, write 2.0
[s000027] train horizon day hfov 50 bin 16-32 (17.0 px @ 111 m) negatives ['kite', 'bird', 'kite']
Fra:1 Mem:12.47M (Peak 12.47M) | Time:00:00.00 | Mem:0.00M, Peak:0.00M | Scene, ViewLayer | Synchronizing object | calib_plane
Fra:1 Mem:12.47M (Peak 12.47M) | Time:00:00.00 | Mem:0.00M, Peak:0.00M | Scene, ViewLayer | Initializing
Fra:1 Mem:12.31M (Peak 12.47M) | Time:00:00.00 | Mem:0.00M, Peak:0.00M | Scene, ViewLayer | Waiting for render to start
Fra:1 Mem:12.31M (Peak 12.47M) | Time:00:00.00 | Mem:0.00M, Peak:0.00M | Scene, ViewLayer | Loading render kernels (may take a few minutes the first time)
Fra:1 Mem:12.31M (Peak 12.47M) | Time:00:00.00 | Mem:0.00M, Peak:0.00M | Scene, ViewLayer | Updating Scene
Fra:1 Mem:12.31M (Peak 12.47M) | Time:00:00.00 | Mem:0.00M, Peak:0.00M | Scene, ViewLayer | Updating Shaders
Fra:1 Mem:12.39M (Peak 12.47M) | Time:00:00.00 | Mem:0.00M, Peak:0.00M | Scene, ViewLayer | Updating Procedurals
Fra:1 Mem:12.39M (Peak 12.47M) | Time:00:00.00 | Mem:0.00M, Peak:0.00M | Scene, ViewLayer | Updating Background
Fra:1 Mem:12.39M (Peak 12.47M) | Time:00:00.00 | Mem:0.00M, Peak:0.00M | Scene, ViewLayer | Updating Camera
Fra:1 Mem:12.39M (Peak 12.47M) | Time:00:00.00 | Mem:0.00M, Peak:0.00M | Scene, ViewLayer | Updating Meshes Flags
Fra:1 Mem:12.39M (Peak 12.47M) | Time:00:00.00 | Mem:0.00M, Peak:0.00M | Scene, ViewLayer | Updating Objects
Fra:1 Mem:12.39M (Peak 12.47M) | Time:00:00.00 | Mem:0.00M, Peak:0.00M | Scene, ViewLayer | Updating Objects | Copying Transformations to device
Fra:1 Mem:12.39M (Peak 12.47M) | Time:00:00.00 | Mem:0.00M, Peak:0.00M | Scene, ViewLayer | Updating Objects | Applying Static Transformations
Fra:1 Mem:12.39M (Peak 12.47M) | Time:00:00.00 | Mem:0.00M, Peak:0.00M | Scene, ViewLayer | Updating Particle Systems
Fra:1 Mem:12.39M (Peak 12.47M) | Time:00:00.00 | Mem:0.00M, Peak:0.00M | Scene, ViewLayer | Updating Particle Systems | Copying Particles to device
Fra:1 Mem:12.39M (Peak 12.47M) | Time:00:00.00 | Mem:0.00M, Peak:0.00M | Scene, ViewLayer | Updating Meshes
Fra:1 Mem:12.39M (Peak 12.47M) | Time:00:00.00 | Mem:0.00M, Peak:0.00M | Scene, ViewLayer | Updating Mesh | Computing attributes
Fra:1 Mem:12.39M (Peak 12.47M) | Time:00:00.00 | Mem:0.00M, Peak:0.00M | Scene, ViewLayer | Updating Mesh | Copying Attributes to device
Fra:1 Mem:12.39M (Peak 12.47M) | Time:00:00.00 | Mem:0.00M, Peak:0.00M | Scene, ViewLayer | Updating Scene BVH | Building
Fra:1 Mem:12.39M (Peak 12.47M) | Time:00:00.00 | Mem:0.00M, Peak:0.00M | Scene, ViewLayer | Updating Scene BVH | Building BVH
Fra:1 Mem:12.39M (Peak 12.47M) | Time:00:00.00 | Mem:0.00M, Peak:0.00M | Scene, ViewLayer | Updating Scene BVH | Building BVH 0%
Fra:1 Mem:12.39M (Peak 12.47M) | Time:00:00.00 | Mem:0.00M, Peak:0.00M | Scene, ViewLayer | Updating Scene BVH | Copying BVH to device
Fra:1 Mem:12.39M (Peak 12.47M) | Time:00:00.00 | Mem:0.00M, Peak:0.00M | Scene, ViewLayer | Updating Mesh | Computing normals
Fra:1 Mem:12.39M (Peak 12.47M) | Time:00:00.00 | Mem:0.00M, Peak:0.00M | Scene, ViewLayer | Updating Mesh | Copying Mesh to device
Fra:1 Mem:12.39M (Peak 12.47M) | Time:00:00.00 | Mem:0.00M, Peak:0.00M | Scene, ViewLayer | Updating Objects Flags
Fra:1 Mem:12.39M (Peak 12.47M) | Time:00:00.00 | Mem:0.00M, Peak:0.00M | Scene, ViewLayer | Updating Primitive Offsets
Fra:1 Mem:12.39M (Peak 12.47M) | Time:00:00.00 | Mem:0.00M, Peak:0.00M | Scene, ViewLayer | Updating Images
Fra:1 Mem:12.39M (Peak 12.47M) | Time:00:00.00 | Mem:0.00M, Peak:0.00M | Scene, ViewLayer | Updating Images | Loading sky_nishita
Fra:1 Mem:13.40M (Peak 13.40M) | Time:00:00.33 | Mem:1.00M, Peak:1.00M | Scene, ViewLayer | Updating Camera Volume
Fra:1 Mem:13.40M (Peak 13.40M) | Time:00:00.33 | Mem:1.00M, Peak:1.00M | Scene, ViewLayer | Updating Lookup Tables
Fra:1 Mem:13.40M (Peak 13.40M) | Time:00:00.33 | Mem:1.08M, Peak:1.08M | Scene, ViewLayer | Updating Lights
Fra:1 Mem:13.40M (Peak 13.40M) | Time:00:00.33 | Mem:1.08M, Peak:1.08M | Scene, ViewLayer | Updating Lights | Importance map
Fra:1 Mem:14.41M (Peak 18.90M) | Time:00:00.35 | Mem:2.10M, Peak:4.60M | Scene, ViewLayer | Updating Lights | Computing tree
Fra:1 Mem:14.41M (Peak 18.90M) | Time:00:00.35 | Mem:2.10M, Peak:4.60M | Scene, ViewLayer | Updating Integrator
Fra:1 Mem:14.41M (Peak 18.90M) | Time:00:00.35 | Mem:2.10M, Peak:4.60M | Scene, ViewLayer | Updating Film
Fra:1 Mem:14.41M (Peak 18.90M) | Time:00:00.36 | Mem:2.02M, Peak:4.60M | Scene, ViewLayer | Updating Lookup Tables
Fra:1 Mem:14.41M (Peak 18.90M) | Time:00:00.36 | Mem:2.10M, Peak:4.60M | Scene, ViewLayer | Updating Baking
Fra:1 Mem:14.41M (Peak 18.90M) | Time:00:00.36 | Mem:2.10M, Peak:4.60M | Scene, ViewLayer | Updating Device | Writing constant memory
Fra:1 Mem:14.41M (Peak 18.90M) | Time:00:00.36 | Mem:2.10M, Peak:4.60M | Scene, ViewLayer | Sample 0/256
Fra:1 Mem:14.43M (Peak 18.90M) | Time:00:00.36 | Remaining:00:00.53 | Mem:2.11M, Peak:4.60M | Scene, ViewLayer | Sample 1/256
Fra:1 Mem:14.43M (Peak 18.90M) | Time:00:00.40 | Mem:2.11M, Peak:4.60M | Scene, ViewLayer | Sample 256/256
Fra:1 Mem:14.43M (Peak 18.90M) | Time:00:00.40 | Mem:2.11M, Peak:4.60M | Scene, ViewLayer | Finished
Saved: 'C:\Users\usman_pyywgw5\AppData\Local\Temp\fyp_calib_16540_1.exr'
Time: 00:00.40 (Saving: 00:00.00)

Fra:1 Mem:12.48M (Peak 12.48M) | Time:00:00.00 | Mem:0.00M, Peak:0.00M | Scene, ViewLayer | Synchronizing object | calib_plane
Fra:1 Mem:12.48M (Peak 12.48M) | Time:00:00.00 | Mem:0.00M, Peak:0.00M | Scene, ViewLayer | Initializing
Fra:1 Mem:12.32M (Peak 12.48M) | Time:00:00.00 | Mem:0.00M, Peak:0.00M | Scene, ViewLayer | Waiting for render to start
Fra:1 Mem:12.32M (Peak 12.48M) | Time:00:00.00 | Mem:0.00M, Peak:0.00M | Scene, ViewLayer | Loading render kernels (may take a few minutes the first time)
Fra:1 Mem:12.32M (Peak 12.48M) | Time:00:00.00 | Mem:0.00M, Peak:0.00M | Scene, ViewLayer | Updating Scene
Fra:1 Mem:12.32M (Peak 12.48M) | Time:00:00.00 | Mem:0.00M, Peak:0.00M | Scene, ViewLayer | Updating Shaders
Fra:1 Mem:12.41M (Peak 12.48M) | Time:00:00.00 | Mem:0.00M, Peak:0.00M | Scene, ViewLayer | Updating Procedurals
Fra:1 Mem:12.41M (Peak 12.48M) | Time:00:00.00 | Mem:0.00M, Peak:0.00M | Scene, ViewLayer | Updating Background
Fra:1 Mem:12.41M (Peak 12.48M) | Time:00:00.00 | Mem:0.00M, Peak:0.00M | Scene, ViewLayer | Updating Camera
Fra:1 Mem:12.41M (Peak 12.48M) | Time:00:00.00 | Mem:0.00M, Peak:0.00M | Scene, ViewLayer | Updating Meshes Flags
Fra:1 Mem:12.41M (Peak 12.48M) | Time:00:00.00 | Mem:0.00M, Peak:0.00M | Scene, ViewLayer | Updating Objects
Fra:1 Mem:12.41M (Peak 12.48M) | Time:00:00.00 | Mem:0.00M, Peak:0.00M | Scene, ViewLayer | Updating Objects | Copying Transformations to device
Fra:1 Mem:12.41M (Peak 12.48M) | Time:00:00.00 | Mem:0.00M, Peak:0.00M | Scene, ViewLayer | Updating Objects | Applying Static Transformations
Fra:1 Mem:12.41M (Peak 12.48M) | Time:00:00.00 | Mem:0.00M, Peak:0.00M | Scene, ViewLayer | Updating Particle Systems
Fra:1 Mem:12.41M (Peak 12.48M) | Time:00:00.00 | Mem:0.00M, Peak:0.00M | Scene, ViewLayer | Updating Particle Systems | Copying Particles to device
Fra:1 Mem:12.41M (Peak 12.48M) | Time:00:00.00 | Mem:0.00M, Peak:0.00M | Scene, ViewLayer | Updating Meshes
Fra:1 Mem:12.41M (Peak 12.48M) | Time:00:00.00 | Mem:0.00M, Peak:0.00M | Scene, ViewLayer | Updating Mesh | Computing attributes
Fra:1 Mem:12.41M (Peak 12.48M) | Time:00:00.00 | Mem:0.00M, Peak:0.00M | Scene, ViewLayer | Updating Mesh | Copying Attributes to device
Fra:1 Mem:12.41M (Peak 12.48M) | Time:00:00.00 | Mem:0.00M, Peak:0.00M | Scene, ViewLayer | Updating Scene BVH | Building
Fra:1 Mem:12.41M (Peak 12.48M) | Time:00:00.00 | Mem:0.00M, Peak:0.00M | Scene, ViewLayer | Updating Scene BVH | Building BVH
Fra:1 Mem:12.41M (Peak 12.48M) | Time:00:00.00 | Mem:0.00M, Peak:0.00M | Scene, ViewLayer | Updating Scene BVH | Building BVH 0%
Fra:1 Mem:12.41M (Peak 12.48M) | Time:00:00.00 | Mem:0.00M, Peak:0.00M | Scene, ViewLayer | Updating Scene BVH | Copying BVH to device
Fra:1 Mem:12.41M (Peak 12.48M) | Time:00:00.00 | Mem:0.00M, Peak:0.00M | Scene, ViewLayer | Updating Mesh | Computing normals
Fra:1 Mem:12.41M (Peak 12.48M) | Time:00:00.00 | Mem:0.00M, Peak:0.00M | Scene, ViewLayer | Updating Mesh | Copying Mesh to device
Fra:1 Mem:12.41M (Peak 12.48M) | Time:00:00.00 | Mem:0.00M, Peak:0.00M | Scene, ViewLayer | Updating Objects Flags
Fra:1 Mem:12.41M (Peak 12.48M) | Time:00:00.00 | Mem:0.00M, Peak:0.00M | Scene, ViewLayer | Updating Primitive Offsets
Fra:1 Mem:12.41M (Peak 12.48M) | Time:00:00.00 | Mem:0.00M, Peak:0.00M | Scene, ViewLayer | Updating Images
Fra:1 Mem:12.41M (Peak 12.48M) | Time:00:00.00 | Mem:0.00M, Peak:0.00M | Scene, ViewLayer | Updating Images | Loading sky_nishita
Fra:1 Mem:13.42M (Peak 13.42M) | Time:00:00.36 | Mem:1.00M, Peak:1.00M | Scene, ViewLayer | Updating Camera Volume
Fra:1 Mem:13.42M (Peak 13.42M) | Time:00:00.36 | Mem:1.00M, Peak:1.00M | Scene, ViewLayer | Updating Lookup Tables
Fra:1 Mem:13.42M (Peak 13.42M) | Time:00:00.36 | Mem:1.08M, Peak:1.08M | Scene, ViewLayer | Updating Lights
Fra:1 Mem:13.42M (Peak 13.42M) | Time:00:00.36 | Mem:1.08M, Peak:1.08M | Scene, ViewLayer | Updating Lights | Importance map
Fra:1 Mem:77.45M (Peak 365.42M) | Time:00:02.17 | Mem:65.13M, Peak:225.10M | Scene, ViewLayer | Updating Lights | Computing tree
Fra:1 Mem:77.45M (Peak 365.42M) | Time:00:02.17 | Mem:65.13M, Peak:225.10M | Scene, ViewLayer | Updating Integrator
Fra:1 Mem:77.45M (Peak 365.42M) | Time:00:02.17 | Mem:65.13M, Peak:225.10M | Scene, ViewLayer | Updating Film
Fra:1 Mem:77.45M (Peak 365.42M) | Time:00:02.17 | Mem:65.05M, Peak:225.10M | Scene, ViewLayer | Updating Lookup Tables
Fra:1 Mem:77.45M (Peak 365.42M) | Time:00:02.17 | Mem:65.13M, Peak:225.10M | Scene, ViewLayer | Updating Baking
Fra:1 Mem:77.45M (Peak 365.42M) | Time:00:02.17 | Mem:65.13M, Peak:225.10M | Scene, ViewLayer | Updating Device | Writing constant memory
Fra:1 Mem:77.45M (Peak 365.42M) | Time:00:02.17 | Mem:65.13M, Peak:225.10M | Scene, ViewLayer | Sample 0/256
Fra:1 Mem:77.47M (Peak 365.42M) | Time:00:02.17 | Remaining:00:00.11 | Mem:65.13M, Peak:225.10M | Scene, ViewLayer | Sample 1/256
Fra:1 Mem:77.47M (Peak 365.42M) | Time:00:02.23 | Mem:65.13M, Peak:225.10M | Scene, ViewLayer | Sample 256/256
Fra:1 Mem:77.47M (Peak 365.42M) | Time:00:02.23 | Mem:65.13M, Peak:225.10M | Scene, ViewLayer | Finished
Saved: 'C:\Users\usman_pyywgw5\AppData\Local\Temp\fyp_calib_16540_0.exr'
Time: 00:02.25 (Saving: 00:00.00)

Fra:1 Mem:19.82M (Peak 19.82M) | Time:00:00.00 | Mem:0.00M, Peak:0.00M | Scene, ViewLayer | Synchronizing object | ground
Fra:1 Mem:19.82M (Peak 19.82M) | Time:00:00.00 | Mem:0.00M, Peak:0.00M | Scene, ViewLayer | Synchronizing object | structures
Fra:1 Mem:24.15M (Peak 24.15M) | Time:00:00.01 | Mem:0.00M, Peak:0.00M | Scene, ViewLayer | Initializing
Fra:1 Mem:24.14M (Peak 24.15M) | Time:00:00.01 | Mem:0.00M, Peak:0.00M | Scene, ViewLayer | Waiting for render to start
Fra:1 Mem:24.14M (Peak 24.15M) | Time:00:00.01 | Mem:0.00M, Peak:0.00M | Scene, ViewLayer | Loading render kernels (may take a few minutes the first time)
Fra:1 Mem:24.14M (Peak 24.15M) | Time:00:00.01 | Mem:0.00M, Peak:0.00M | Scene, ViewLayer | Updating Scene
Fra:1 Mem:24.14M (Peak 24.15M) | Time:00:00.01 | Mem:0.00M, Peak:0.00M | Scene, ViewLayer | Updating Shaders
Fra:1 Mem:24.23M (Peak 24.23M) | Time:00:00.01 | Mem:0.00M, Peak:0.00M | Scene, ViewLayer | Updating Procedurals
Fra:1 Mem:24.23M (Peak 24.23M) | Time:00:00.01 | Mem:0.00M, Peak:0.00M | Scene, ViewLayer | Updating Background
Fra:1 Mem:24.23M (Peak 24.23M) | Time:00:00.01 | Mem:0.00M, Peak:0.00M | Scene, ViewLayer | Updating Camera
Fra:1 Mem:24.23M (Peak 24.23M) | Time:00:00.01 | Mem:0.00M, Peak:0.00M | Scene, ViewLayer | Updating Meshes Flags
Fra:1 Mem:24.23M (Peak 24.23M) | Time:00:00.01 | Mem:0.00M, Peak:0.00M | Scene, ViewLayer | Updating Objects
Fra:1 Mem:24.23M (Peak 24.23M) | Time:00:00.01 | Mem:0.00M, Peak:0.00M | Scene, ViewLayer | Updating Objects | Copying Transformations to device
Fra:1 Mem:24.23M (Peak 24.23M) | Time:00:00.01 | Mem:0.00M, Peak:0.00M | Scene, ViewLayer | Updating Objects | Applying Static Transformations
Fra:1 Mem:24.23M (Peak 24.23M) | Time:00:00.01 | Mem:0.00M, Peak:0.00M | Scene, ViewLayer | Updating Particle Systems
Fra:1 Mem:24.23M (Peak 24.23M) | Time:00:00.01 | Mem:0.00M, Peak:0.00M | Scene, ViewLayer | Updating Particle Systems | Copying Particles to device
Fra:1 Mem:24.23M (Peak 24.23M) | Time:00:00.01 | Mem:0.00M, Peak:0.00M | Scene, ViewLayer | Updating Meshes
Fra:1 Mem:25.00M (Peak 25.00M) | Time:00:00.01 | Mem:0.00M, Peak:0.00M | Scene, ViewLayer | Updating Mesh | Computing attributes
Fra:1 Mem:25.30M (Peak 25.30M) | Time:00:00.01 | Mem:0.00M, Peak:0.00M | Scene, ViewLayer | Updating Mesh | Copying Attributes to device
Fra:1 Mem:25.30M (Peak 25.30M) | Time:00:00.01 | Mem:0.30M, Peak:0.30M | Scene, ViewLayer | Updating Scene BVH | Building
Fra:1 Mem:25.30M (Peak 25.30M) | Time:00:00.01 | Mem:0.30M, Peak:0.30M | Scene, ViewLayer | Updating Scene BVH | Building BVH
Fra:1 Mem:25.30M (Peak 25.30M) | Time:00:00.01 | Mem:1.85M, Peak:1.85M | Scene, ViewLayer | Updating Scene BVH | Building BVH 0%
Fra:1 Mem:25.30M (Peak 25.30M) | Time:00:00.02 | Mem:3.70M, Peak:5.25M | Scene, ViewLayer | Updating Scene BVH | Copying BVH to device
Fra:1 Mem:25.30M (Peak 25.30M) | Time:00:00.02 | Mem:3.70M, Peak:5.25M | Scene, ViewLayer | Updating Mesh | Computing normals
Fra:1 Mem:27.05M (Peak 27.05M) | Time:00:00.02 | Mem:3.70M, Peak:5.25M | Scene, ViewLayer | Updating Mesh | Copying Mesh to device
Fra:1 Mem:27.05M (Peak 27.05M) | Time:00:00.02 | Mem:5.45M, Peak:5.45M | Scene, ViewLayer | Updating Objects Flags
Fra:1 Mem:27.05M (Peak 27.05M) | Time:00:00.02 | Mem:5.45M, Peak:5.45M | Scene, ViewLayer | Updating Primitive Offsets
Fra:1 Mem:27.05M (Peak 27.05M) | Time:00:00.02 | Mem:5.45M, Peak:5.45M | Scene, ViewLayer | Updating Images
Fra:1 Mem:27.05M (Peak 27.05M) | Time:00:00.02 | Mem:5.45M, Peak:5.45M | Scene, ViewLayer | Updating Images | Loading sky_nishita
Fra:1 Mem:28.06M (Peak 28.06M) | Time:00:00.40 | Mem:6.45M, Peak:6.45M | Scene, ViewLayer | Updating Camera Volume
Fra:1 Mem:28.06M (Peak 28.06M) | Time:00:00.40 | Mem:6.45M, Peak:6.45M | Scene, ViewLayer | Updating Lookup Tables
Fra:1 Mem:28.06M (Peak 28.06M) | Time:00:00.40 | Mem:6.53M, Peak:6.53M | Scene, ViewLayer | Updating Lights
Fra:1 Mem:28.06M (Peak 28.06M) | Time:00:00.40 | Mem:6.53M, Peak:6.53M | Scene, ViewLayer | Updating Lights | Importance map
Fra:1 Mem:92.10M (Peak 380.06M) | Time:00:02.28 | Mem:70.58M, Peak:230.54M | Scene, ViewLayer | Updating Lights | Computing tree
Fra:1 Mem:92.10M (Peak 380.06M) | Time:00:02.28 | Mem:70.58M, Peak:230.54M | Scene, ViewLayer | Updating Integrator
Fra:1 Mem:92.10M (Peak 380.06M) | Time:00:02.28 | Mem:70.58M, Peak:230.54M | Scene, ViewLayer | Updating Film
Fra:1 Mem:92.10M (Peak 380.06M) | Time:00:02.28 | Mem:70.49M, Peak:230.54M | Scene, ViewLayer | Updating Lookup Tables
Fra:1 Mem:92.10M (Peak 380.06M) | Time:00:02.28 | Mem:70.58M, Peak:230.54M | Scene, ViewLayer | Updating Baking
Fra:1 Mem:92.10M (Peak 380.06M) | Time:00:02.28 | Mem:70.58M, Peak:230.54M | Scene, ViewLayer | Updating Device | Writing constant memory
Fra:1 Mem:92.10M (Peak 380.06M) | Time:00:02.28 | Mem:70.58M, Peak:230.54M | Scene, ViewLayer | Sample 0/256
Fra:1 Mem:157.12M (Peak 380.06M) | Time:00:04.58 | Remaining:09:45.98 | Mem:135.58M, Peak:230.54M | Scene, ViewLayer | Sample 1/256
Fra:1 Mem:157.12M (Peak 380.06M) | Time:00:42.74 | Remaining:09:28.87 | Mem:135.58M, Peak:230.54M | Scene, ViewLayer | Sample 17/256
Fra:1 Mem:157.12M (Peak 380.06M) | Time:01:19.10 | Remaining:08:57.74 | Mem:135.58M, Peak:230.54M | Scene, ViewLayer | Sample 32/256
Fra:1 Mem:157.12M (Peak 380.06M) | Time:01:52.79 | Remaining:07:58.89 | Mem:135.58M, Peak:230.54M | Scene, ViewLayer | Sample 48/256
Fra:1 Mem:157.12M (Peak 380.06M) | Time:02:22.63 | Remaining:07:01.05 | Mem:135.58M, Peak:230.54M | Scene, ViewLayer | Sample 64/256
Fra:1 Mem:157.12M (Peak 380.06M) | Time:02:48.59 | Remaining:06:05.88 | Mem:135.58M, Peak:230.54M | Scene, ViewLayer | Sample 80/256
Fra:1 Mem:157.12M (Peak 380.06M) | Time:03:13.43 | Remaining:05:18.58 | Mem:135.58M, Peak:230.54M | Scene, ViewLayer | Sample 96/256
Fra:1 Mem:157.12M (Peak 380.06M) | Time:03:33.27 | Remaining:04:31.27 | Mem:135.58M, Peak:230.54M | Scene, ViewLayer | Sample 112/256
Fra:1 Mem:157.12M (Peak 380.06M) | Time:03:48.72 | Remaining:03:46.43 | Mem:135.58M, Peak:230.54M | Scene, ViewLayer | Sample 128/256
Fra:1 Mem:157.12M (Peak 380.06M) | Time:03:59.81 | Remaining:03:04.74 | Mem:135.58M, Peak:230.54M | Scene, ViewLayer | Sample 144/256
Fra:1 Mem:157.12M (Peak 380.06M) | Time:04:07.74 | Remaining:02:27.27 | Mem:135.58M, Peak:230.54M | Scene, ViewLayer | Sample 160/256
Fra:1 Mem:157.12M (Peak 380.06M) | Time:04:13.51 | Remaining:01:54.19 | Mem:135.58M, Peak:230.54M | Scene, ViewLayer | Sample 176/256
Fra:1 Mem:157.12M (Peak 380.06M) | Time:04:17.76 | Remaining:01:25.15 | Mem:135.58M, Peak:230.54M | Scene, ViewLayer | Sample 192/256
Fra:1 Mem:157.12M (Peak 380.06M) | Time:04:21.83 | Remaining:00:59.89 | Mem:135.58M, Peak:230.54M | Scene, ViewLayer | Sample 208/256
Fra:1 Mem:157.12M (Peak 380.06M) | Time:04:25.04 | Remaining:00:37.53 | Mem:135.58M, Peak:230.54M | Scene, ViewLayer | Sample 224/256
Fra:1 Mem:157.12M (Peak 380.06M) | Time:04:27.47 | Remaining:00:17.67 | Mem:135.58M, Peak:230.54M | Scene, ViewLayer | Sample 240/256
Fra:1 Mem:197.12M (Peak 380.06M) | Time:04:29.71 | Mem:135.58M, Peak:230.54M | Scene, ViewLayer | Sample 256/256
Fra:1 Mem:197.12M (Peak 380.06M) | Time:04:29.71 | Mem:135.58M, Peak:230.54M | Scene, ViewLayer | Finished
Saved: 'C:\Users\usman_pyywgw5\Downloads\fyp\out\sim\tmp\s000027\rgb_bg.exr'
Time: 04:30.15 (Saving: 00:00.43)

    rgb background 1280x1024: 273.6s
Fra:1 Mem:156.89M (Peak 157.06M) | Time:00:00.00 | Mem:135.58M, Peak:135.58M | Scene, ViewLayer | Initializing
Fra:1 Mem:154.11M (Peak 157.06M) | Time:00:00.00 | Mem:135.58M, Peak:135.58M | Scene, ViewLayer | Waiting for render to start
Fra:1 Mem:154.11M (Peak 157.06M) | Time:00:00.00 | Mem:135.58M, Peak:135.58M | Scene, ViewLayer | Updating Scene
Fra:1 Mem:154.11M (Peak 157.06M) | Time:00:00.00 | Mem:135.58M, Peak:135.58M | Scene, ViewLayer | Updating Shaders
Fra:1 Mem:154.11M (Peak 157.06M) | Time:00:00.00 | Mem:135.58M, Peak:135.58M | Scene, ViewLayer | Updating Background
Fra:1 Mem:154.11M (Peak 157.06M) | Time:00:00.00 | Mem:135.58M, Peak:135.58M | Scene, ViewLayer | Updating Camera
Fra:1 Mem:154.11M (Peak 157.06M) | Time:00:00.00 | Mem:135.58M, Peak:135.58M | Scene, ViewLayer | Updating Meshes Flags
Fra:1 Mem:154.11M (Peak 157.06M) | Time:00:00.00 | Mem:132.18M, Peak:135.58M | Scene, ViewLayer | Updating Objects
Fra:1 Mem:154.11M (Peak 157.06M) | Time:00:00.00 | Mem:132.18M, Peak:135.58M | Scene, ViewLayer | Updating Particle Systems
Fra:1 Mem:154.11M (Peak 157.06M) | Time:00:00.00 | Mem:132.18M, Peak:135.58M | Scene, ViewLayer | Updating Meshes
Fra:1 Mem:152.07M (Peak 157.06M) | Time:00:00.01 | Mem:130.13M, Peak:135.58M | Scene, ViewLayer | Updating Mesh | Computing attributes
Fra:1 Mem:152.07M (Peak 157.06M) | Time:00:00.01 | Mem:130.13M, Peak:135.58M | Scene, ViewLayer | Updating Mesh | Copying Attributes to device
Fra:1 Mem:152.07M (Peak 157.06M) | Time:00:00.01 | Mem:130.13M, Peak:135.58M | Scene, ViewLayer | Updating Scene BVH | Building
Fra:1 Mem:152.07M (Peak 157.06M) | Time:00:00.01 | Mem:130.13M, Peak:135.58M | Scene, ViewLayer | Updating Scene BVH | Building BVH
Fra:1 Mem:152.07M (Peak 157.06M) | Time:00:00.01 | Mem:130.13M, Peak:135.58M | Scene, ViewLayer | Updating Scene BVH | Copying BVH to device
Fra:1 Mem:152.07M (Peak 157.06M) | Time:00:00.01 | Mem:130.13M, Peak:135.58M | Scene, ViewLayer | Updating Objects Flags
Fra:1 Mem:152.07M (Peak 157.06M) | Time:00:00.01 | Mem:130.13M, Peak:135.58M | Scene, ViewLayer | Updating Primitive Offsets
Fra:1 Mem:152.07M (Peak 157.06M) | Time:00:00.01 | Mem:130.13M, Peak:135.58M | Scene, ViewLayer | Updating Images
Fra:1 Mem:152.07M (Peak 157.06M) | Time:00:00.01 | Mem:130.13M, Peak:135.58M | Scene, ViewLayer | Updating Camera Volume
Fra:1 Mem:152.07M (Peak 157.06M) | Time:00:00.01 | Mem:130.13M, Peak:135.58M | Scene, ViewLayer | Updating Lookup Tables
Fra:1 Mem:152.07M (Peak 157.06M) | Time:00:00.01 | Mem:130.13M, Peak:135.58M | Scene, ViewLayer | Updating Lights
Fra:1 Mem:152.07M (Peak 157.06M) | Time:00:00.01 | Mem:130.13M, Peak:135.58M | Scene, ViewLayer | Updating Lights | Computing tree
Fra:1 Mem:152.07M (Peak 157.06M) | Time:00:00.01 | Mem:130.13M, Peak:135.58M | Scene, ViewLayer | Updating Integrator
Fra:1 Mem:152.07M (Peak 157.06M) | Time:00:00.01 | Mem:130.13M, Peak:135.58M | Scene, ViewLayer | Updating Film
Fra:1 Mem:152.07M (Peak 157.06M) | Time:00:00.01 | Mem:130.13M, Peak:135.58M | Scene, ViewLayer | Updating Lookup Tables
Fra:1 Mem:152.07M (Peak 157.06M) | Time:00:00.01 | Mem:130.13M, Peak:135.58M | Scene, ViewLayer | Updating Baking
Fra:1 Mem:152.07M (Peak 157.06M) | Time:00:00.01 | Mem:130.13M, Peak:135.58M | Scene, ViewLayer | Updating Device | Writing constant memory
Fra:1 Mem:152.07M (Peak 157.06M) | Time:00:00.01 | Mem:130.13M, Peak:135.58M | Scene, ViewLayer | Sample 0/8
Fra:1 Mem:87.08M (Peak 157.06M) | Time:00:00.02 | Remaining:00:00.07 | Mem:65.15M, Peak:135.58M | Scene, ViewLayer | Sample 1/8
Fra:1 Mem:87.10M (Peak 157.06M) | Time:00:00.03 | Mem:65.15M, Peak:135.58M | Scene, ViewLayer | Sample 8/8
Fra:1 Mem:87.10M (Peak 157.06M) | Time:00:00.03 | Mem:65.15M, Peak:135.58M | Scene, ViewLayer | Finished
Saved: 'C:\Users\usman_pyywgw5\Downloads\fyp\out\sim\tmp\s000027\rgb_probe.exr'
Time: 00:00.03 (Saving: 00:00.00)

Fra:1 Mem:88.29M (Peak 88.29M) | Time:00:00.01 | Mem:65.15M, Peak:65.15M | Scene, ViewLayer | Synchronizing object | ground
Fra:1 Mem:88.29M (Peak 88.29M) | Time:00:00.01 | Mem:65.15M, Peak:65.15M | Scene, ViewLayer | Synchronizing object | structures
Fra:1 Mem:88.30M (Peak 88.30M) | Time:00:00.01 | Mem:65.15M, Peak:65.15M | Scene, ViewLayer | Synchronizing object | neg2
Fra:1 Mem:88.30M (Peak 88.30M) | Time:00:00.01 | Mem:65.15M, Peak:65.15M | Scene, ViewLayer | Synchronizing object | neg0
Fra:1 Mem:88.31M (Peak 88.31M) | Time:00:00.01 | Mem:65.15M, Peak:65.15M | Scene, ViewLayer | Synchronizing object | neg1
Fra:1 Mem:90.52M (Peak 90.52M) | Time:00:00.02 | Mem:65.15M, Peak:65.15M | Scene, ViewLayer | Initializing
Fra:1 Mem:90.52M (Peak 90.52M) | Time:00:00.02 | Mem:65.15M, Peak:65.15M | Scene, ViewLayer | Updating Images | Loading decal_atlas.png
Fra:1 Mem:106.52M (Peak 138.53M) | Time:00:00.17 | Mem:81.15M, Peak:81.15M | Scene, ViewLayer | Waiting for render to start
Fra:1 Mem:106.52M (Peak 138.53M) | Time:00:00.17 | Mem:81.15M, Peak:81.15M | Scene, ViewLayer | Loading render kernels (may take a few minutes the first time)
Fra:1 Mem:106.52M (Peak 138.53M) | Time:00:00.17 | Mem:81.15M, Peak:81.15M | Scene, ViewLayer | Updating Scene
Fra:1 Mem:106.52M (Peak 138.53M) | Time:00:00.17 | Mem:81.15M, Peak:81.15M | Scene, ViewLayer | Updating Shaders
Fra:1 Mem:106.53M (Peak 138.53M) | Time:00:00.18 | Mem:81.16M, Peak:81.16M | Scene, ViewLayer | Updating Procedurals
Fra:1 Mem:106.53M (Peak 138.53M) | Time:00:00.18 | Mem:81.16M, Peak:81.16M | Scene, ViewLayer | Updating Background
Fra:1 Mem:106.53M (Peak 138.53M) | Time:00:00.18 | Mem:81.16M, Peak:81.16M | Scene, ViewLayer | Updating Camera
Fra:1 Mem:106.53M (Peak 138.53M) | Time:00:00.18 | Mem:81.08M, Peak:81.16M | Scene, ViewLayer | Updating Meshes Flags
Fra:1 Mem:106.53M (Peak 138.53M) | Time:00:00.18 | Mem:81.08M, Peak:81.16M | Scene, ViewLayer | Updating Objects
Fra:1 Mem:106.53M (Peak 138.53M) | Time:00:00.18 | Mem:81.08M, Peak:81.16M | Scene, ViewLayer | Updating Objects | Copying Transformations to device
Fra:1 Mem:106.53M (Peak 138.53M) | Time:00:00.18 | Mem:81.08M, Peak:81.16M | Scene, ViewLayer | Updating Objects | Applying Static Transformations
Fra:1 Mem:106.53M (Peak 138.53M) | Time:00:00.18 | Mem:81.08M, Peak:81.16M | Scene, ViewLayer | Updating Particle Systems
Fra:1 Mem:106.53M (Peak 138.53M) | Time:00:00.18 | Mem:81.08M, Peak:81.16M | Scene, ViewLayer | Updating Meshes
Fra:1 Mem:107.35M (Peak 138.53M) | Time:00:00.18 | Mem:81.08M, Peak:81.16M | Scene, ViewLayer | Updating Mesh | Computing attributes
Fra:1 Mem:107.73M (Peak 138.53M) | Time:00:00.18 | Mem:81.08M, Peak:81.16M | Scene, ViewLayer | Updating Mesh | Copying Attributes to device
Fra:1 Mem:107.73M (Peak 138.53M) | Time:00:00.18 | Mem:81.45M, Peak:81.45M | Scene, ViewLayer | Updating Geometry BVH neg2 4/4 | Building BVH
Fra:1 Mem:107.73M (Peak 138.53M) | Time:00:00.18 | Mem:81.45M, Peak:81.45M | Scene, ViewLayer | Updating Geometry BVH neg2 4/4 | Building BVH 0%
Fra:1 Mem:107.73M (Peak 138.53M) | Time:00:00.18 | Mem:81.46M, Peak:81.46M | Scene, ViewLayer | Updating Geometry BVH neg1 3/4 | Building BVH
Fra:1 Mem:107.73M (Peak 138.53M) | Time:00:00.18 | Mem:81.47M, Peak:81.47M | Scene, ViewLayer | Updating Geometry BVH neg0 2/4 | Building BVH
Fra:1 Mem:107.73M (Peak 138.53M) | Time:00:00.18 | Mem:81.47M, Peak:81.47M | Scene, ViewLayer | Updating Geometry BVH KAL 1/4 | Building BVH
Fra:1 Mem:107.73M (Peak 138.53M) | Time:00:00.18 | Mem:81.63M, Peak:81.71M | Scene, ViewLayer | Updating Scene BVH | Building
Fra:1 Mem:107.73M (Peak 138.53M) | Time:00:00.18 | Mem:81.63M, Peak:81.71M | Scene, ViewLayer | Updating Scene BVH | Building BVH
Fra:1 Mem:107.73M (Peak 138.53M) | Time:00:00.20 | Mem:85.03M, Peak:86.58M | Scene, ViewLayer | Updating Scene BVH | Copying BVH to device
Fra:1 Mem:107.73M (Peak 138.53M) | Time:00:00.20 | Mem:85.03M, Peak:86.58M | Scene, ViewLayer | Updating Mesh | Computing normals
Fra:1 Mem:109.59M (Peak 138.53M) | Time:00:00.20 | Mem:85.03M, Peak:86.58M | Scene, ViewLayer | Updating Mesh | Copying Mesh to device
Fra:1 Mem:109.59M (Peak 138.53M) | Time:00:00.20 | Mem:86.90M, Peak:86.90M | Scene, ViewLayer | Updating Objects Flags
Fra:1 Mem:109.59M (Peak 138.53M) | Time:00:00.20 | Mem:86.90M, Peak:86.90M | Scene, ViewLayer | Updating Primitive Offsets
Fra:1 Mem:109.59M (Peak 138.53M) | Time:00:00.20 | Mem:86.90M, Peak:86.90M | Scene, ViewLayer | Updating Images
Fra:1 Mem:109.59M (Peak 138.53M) | Time:00:00.20 | Mem:86.90M, Peak:86.90M | Scene, ViewLayer | Updating Camera Volume
Fra:1 Mem:109.59M (Peak 138.53M) | Time:00:00.20 | Mem:86.90M, Peak:86.90M | Scene, ViewLayer | Updating Lookup Tables
Fra:1 Mem:109.59M (Peak 138.53M) | Time:00:00.20 | Mem:86.98M, Peak:86.98M | Scene, ViewLayer | Updating Lights
Fra:1 Mem:109.59M (Peak 138.53M) | Time:00:00.20 | Mem:86.98M, Peak:86.98M | Scene, ViewLayer | Updating Lights | Computing tree
Fra:1 Mem:109.59M (Peak 138.53M) | Time:00:00.20 | Mem:86.98M, Peak:86.98M | Scene, ViewLayer | Updating Integrator
Fra:1 Mem:109.59M (Peak 138.53M) | Time:00:00.20 | Mem:86.98M, Peak:86.98M | Scene, ViewLayer | Updating Film
Fra:1 Mem:109.59M (Peak 138.53M) | Time:00:00.20 | Mem:86.98M, Peak:86.98M | Scene, ViewLayer | Updating Lookup Tables
Fra:1 Mem:109.59M (Peak 138.53M) | Time:00:00.20 | Mem:86.98M, Peak:86.98M | Scene, ViewLayer | Updating Baking
Fra:1 Mem:109.59M (Peak 138.53M) | Time:00:00.20 | Mem:86.98M, Peak:86.98M | Scene, ViewLayer | Updating Device | Writing constant memory
Fra:1 Mem:109.59M (Peak 138.53M) | Time:00:00.20 | Mem:86.98M, Peak:86.98M | Scene, ViewLayer | Sample 0/256
Fra:1 Mem:109.70M (Peak 138.53M) | Time:00:00.21 | Remaining:00:00.81 | Mem:87.09M, Peak:87.09M | Scene, ViewLayer | Sample 1/256
Fra:1 Mem:109.70M (Peak 138.53M) | Time:00:00.31 | Remaining:00:00.73 | Mem:87.09M, Peak:87.09M | Scene, ViewLayer | Sample 32/256
Fra:1 Mem:109.70M (Peak 138.53M) | Time:00:00.33 | Remaining:00:00.55 | Mem:87.09M, Peak:87.09M | Scene, ViewLayer | Sample 48/256
Fra:1 Mem:109.70M (Peak 138.53M) | Time:00:00.35 | Remaining:00:00.44 | Mem:87.09M, Peak:87.09M | Scene, ViewLayer | Sample 64/256
Fra:1 Mem:109.70M (Peak 138.53M) | Time:00:00.38 | Remaining:00:00.38 | Mem:87.09M, Peak:87.09M | Scene, ViewLayer | Sample 80/256
Fra:1 Mem:109.70M (Peak 138.53M) | Time:00:00.41 | Remaining:00:00.34 | Mem:87.09M, Peak:87.09M | Scene, ViewLayer | Sample 96/256
Fra:1 Mem:109.70M (Peak 138.53M) | Time:00:00.45 | Remaining:00:00.31 | Mem:87.09M, Peak:87.09M | Scene, ViewLayer | Sample 112/256
Fra:1 Mem:109.70M (Peak 138.53M) | Time:00:00.47 | Remaining:00:00.26 | Mem:87.09M, Peak:87.09M | Scene, ViewLayer | Sample 128/256
Fra:1 Mem:109.70M (Peak 138.53M) | Time:00:00.49 | Remaining:00:00.22 | Mem:87.09M, Peak:87.09M | Scene, ViewLayer | Sample 144/256
Fra:1 Mem:109.70M (Peak 138.53M) | Time:00:00.52 | Remaining:00:00.18 | Mem:87.09M, Peak:87.09M | Scene, ViewLayer | Sample 160/256
Fra:1 Mem:109.70M (Peak 138.53M) | Time:00:00.54 | Remaining:00:00.15 | Mem:87.09M, Peak:87.09M | Scene, ViewLayer | Sample 176/256
Fra:1 Mem:109.70M (Peak 138.53M) | Time:00:00.56 | Remaining:00:00.11 | Mem:87.09M, Peak:87.09M | Scene, ViewLayer | Sample 192/256
Fra:1 Mem:109.70M (Peak 138.53M) | Time:00:00.58 | Remaining:00:00.08 | Mem:87.09M, Peak:87.09M | Scene, ViewLayer | Sample 208/256
Fra:1 Mem:109.70M (Peak 138.53M) | Time:00:00.60 | Remaining:00:00.05 | Mem:87.09M, Peak:87.09M | Scene, ViewLayer | Sample 224/256
Fra:1 Mem:109.70M (Peak 138.53M) | Time:00:00.61 | Remaining:00:00.02 | Mem:87.09M, Peak:87.09M | Scene, ViewLayer | Sample 240/256
Fra:1 Mem:109.78M (Peak 138.53M) | Time:00:00.63 | Mem:87.09M, Peak:87.09M | Scene, ViewLayer | Sample 256/256
Fra:1 Mem:109.78M (Peak 138.53M) | Time:00:00.63 | Mem:87.09M, Peak:87.09M | Scene, ViewLayer | Finished
Saved: 'C:\Users\usman_pyywgw5\Downloads\fyp\out\sim\tmp\s000027\rgb_target.exr'
Time: 00:00.63 (Saving: 00:00.00)

    rgb target  crop 30x21 px @2x: 0.7s
Fra:1 Mem:109.70M (Peak 109.70M) | Time:00:00.00 | Mem:87.09M, Peak:87.09M | Scene, ViewLayer | Synchronizing object | ground
Fra:1 Mem:109.70M (Peak 109.70M) | Time:00:00.00 | Mem:87.09M, Peak:87.09M | Scene, ViewLayer | Synchronizing object | structures
Fra:1 Mem:108.93M (Peak 110.86M) | Time:00:00.00 | Mem:87.09M, Peak:87.09M | Scene, ViewLayer | Initializing
Fra:1 Mem:108.92M (Peak 110.86M) | Time:00:00.00 | Mem:87.09M, Peak:87.09M | Scene, ViewLayer | Waiting for render to start
Fra:1 Mem:108.92M (Peak 110.86M) | Time:00:00.00 | Mem:87.09M, Peak:87.09M | Scene, ViewLayer | Updating Scene
Fra:1 Mem:108.92M (Peak 110.86M) | Time:00:00.00 | Mem:87.09M, Peak:87.09M | Scene, ViewLayer | Updating Shaders
Fra:1 Mem:108.92M (Peak 110.86M) | Time:00:00.00 | Mem:87.09M, Peak:87.09M | Scene, ViewLayer | Updating Background
Fra:1 Mem:108.92M (Peak 110.86M) | Time:00:00.00 | Mem:87.09M, Peak:87.09M | Scene, ViewLayer | Updating Camera
Fra:1 Mem:108.92M (Peak 110.86M) | Time:00:00.00 | Mem:87.09M, Peak:87.09M | Scene, ViewLayer | Updating Meshes Flags
Fra:1 Mem:108.92M (Peak 110.86M) | Time:00:00.00 | Mem:83.69M, Peak:87.09M | Scene, ViewLayer | Updating Objects
Fra:1 Mem:108.92M (Peak 110.86M) | Time:00:00.00 | Mem:83.69M, Peak:87.09M | Scene, ViewLayer | Updating Objects | Copying Transformations to device
Fra:1 Mem:108.92M (Peak 110.86M) | Time:00:00.00 | Mem:83.69M, Peak:87.09M | Scene, ViewLayer | Updating Objects | Applying Static Transformations
Fra:1 Mem:108.92M (Peak 110.86M) | Time:00:00.00 | Mem:83.69M, Peak:87.09M | Scene, ViewLayer | Updating Particle Systems
Fra:1 Mem:108.92M (Peak 110.86M) | Time:00:00.00 | Mem:83.69M, Peak:87.09M | Scene, ViewLayer | Updating Meshes
Fra:1 Mem:107.46M (Peak 110.86M) | Time:00:00.00 | Mem:81.45M, Peak:87.09M | Scene, ViewLayer | Updating Mesh | Computing attributes
Fra:1 Mem:107.84M (Peak 110.86M) | Time:00:00.00 | Mem:81.45M, Peak:87.09M | Scene, ViewLayer | Updating Mesh | Copying Attributes to device
Fra:1 Mem:107.83M (Peak 110.86M) | Time:00:00.00 | Mem:81.83M, Peak:87.09M | Scene, ViewLayer | Updating Scene BVH | Building
Fra:1 Mem:107.83M (Peak 110.86M) | Time:00:00.00 | Mem:81.83M, Peak:87.09M | Scene, ViewLayer | Updating Scene BVH | Building BVH
Fra:1 Mem:107.83M (Peak 110.86M) | Time:00:00.00 | Mem:83.38M, Peak:87.09M | Scene, ViewLayer | Updating Scene BVH | Building BVH 0%
Fra:1 Mem:107.83M (Peak 110.86M) | Time:00:00.02 | Mem:85.23M, Peak:87.09M | Scene, ViewLayer | Updating Scene BVH | Copying BVH to device
Fra:1 Mem:107.83M (Peak 110.86M) | Time:00:00.02 | Mem:85.23M, Peak:87.09M | Scene, ViewLayer | Updating Mesh | Computing normals
Fra:1 Mem:109.70M (Peak 110.86M) | Time:00:00.02 | Mem:85.23M, Peak:87.09M | Scene, ViewLayer | Updating Mesh | Copying Mesh to device
Fra:1 Mem:109.70M (Peak 110.86M) | Time:00:00.02 | Mem:87.09M, Peak:87.09M | Scene, ViewLayer | Updating Objects Flags
Fra:1 Mem:109.70M (Peak 110.86M) | Time:00:00.02 | Mem:87.09M, Peak:87.09M | Scene, ViewLayer | Updating Primitive Offsets
Fra:1 Mem:109.70M (Peak 110.86M) | Time:00:00.02 | Mem:87.09M, Peak:87.09M | Scene, ViewLayer | Updating Images
Fra:1 Mem:109.70M (Peak 110.86M) | Time:00:00.02 | Mem:87.09M, Peak:87.09M | Scene, ViewLayer | Updating Camera Volume
Fra:1 Mem:109.70M (Peak 110.86M) | Time:00:00.02 | Mem:87.09M, Peak:87.09M | Scene, ViewLayer | Updating Lookup Tables
Fra:1 Mem:109.70M (Peak 110.86M) | Time:00:00.02 | Mem:87.09M, Peak:87.09M | Scene, ViewLayer | Updating Lights
Fra:1 Mem:109.70M (Peak 110.86M) | Time:00:00.02 | Mem:87.09M, Peak:87.09M | Scene, ViewLayer | Updating Lights | Computing tree
Fra:1 Mem:109.70M (Peak 110.86M) | Time:00:00.02 | Mem:87.09M, Peak:87.09M | Scene, ViewLayer | Updating Integrator
Fra:1 Mem:109.70M (Peak 110.86M) | Time:00:00.02 | Mem:87.09M, Peak:87.09M | Scene, ViewLayer | Updating Film
Fra:1 Mem:109.70M (Peak 110.86M) | Time:00:00.03 | Mem:87.09M, Peak:87.09M | Scene, ViewLayer | Updating Lookup Tables
Fra:1 Mem:109.70M (Peak 110.86M) | Time:00:00.03 | Mem:87.09M, Peak:87.09M | Scene, ViewLayer | Updating Baking
Fra:1 Mem:109.70M (Peak 110.86M) | Time:00:00.03 | Mem:87.09M, Peak:87.09M | Scene, ViewLayer | Updating Device | Writing constant memory
Fra:1 Mem:109.70M (Peak 110.86M) | Time:00:00.03 | Mem:87.09M, Peak:87.09M | Scene, ViewLayer | Sample 0/256
Fra:1 Mem:109.69M (Peak 110.86M) | Time:00:00.03 | Remaining:00:00.37 | Mem:87.09M, Peak:87.09M | Scene, ViewLayer | Sample 1/256
Fra:1 Mem:109.69M (Peak 110.86M) | Time:00:00.06 | Remaining:00:00.22 | Mem:87.09M, Peak:87.09M | Scene, ViewLayer | Sample 32/256
Fra:1 Mem:109.69M (Peak 110.86M) | Time:00:00.06 | Remaining:00:00.15 | Mem:87.09M, Peak:87.09M | Scene, ViewLayer | Sample 48/256
Fra:1 Mem:109.69M (Peak 110.86M) | Time:00:00.06 | Remaining:00:00.11 | Mem:87.09M, Peak:87.09M | Scene, ViewLayer | Sample 64/256
Fra:1 Mem:109.69M (Peak 110.86M) | Time:00:00.06 | Remaining:00:00.08 | Mem:87.09M, Peak:87.09M | Scene, ViewLayer | Sample 80/256
Fra:1 Mem:109.69M (Peak 110.86M) | Time:00:00.06 | Remaining:00:00.06 | Mem:87.09M, Peak:87.09M | Scene, ViewLayer | Sample 96/256
Fra:1 Mem:109.69M (Peak 110.86M) | Time:00:00.07 | Remaining:00:00.05 | Mem:87.09M, Peak:87.09M | Scene, ViewLayer | Sample 112/256
Fra:1 Mem:109.69M (Peak 110.86M) | Time:00:00.07 | Remaining:00:00.04 | Mem:87.09M, Peak:87.09M | Scene, ViewLayer | Sample 128/256
Fra:1 Mem:109.69M (Peak 110.86M) | Time:00:00.07 | Remaining:00:00.03 | Mem:87.09M, Peak:87.09M | Scene, ViewLayer | Sample 144/256
Fra:1 Mem:109.69M (Peak 110.86M) | Time:00:00.07 | Remaining:00:00.02 | Mem:87.09M, Peak:87.09M | Scene, ViewLayer | Sample 160/256
Fra:1 Mem:109.77M (Peak 110.86M) | Time:00:00.07 | Remaining:00:00.02 | Mem:87.09M, Peak:87.09M | Scene, ViewLayer | Sample 0/256
Fra:1 Mem:109.77M (Peak 110.86M) | Time:00:00.07 | Remaining:00:00.02 | Mem:87.09M, Peak:87.09M | Scene, ViewLayer | Finished
Saved: 'C:\Users\usman_pyywgw5\Downloads\fyp\out\sim\tmp\s000027\rgb_neg0.exr'
Time: 00:00.07 (Saving: 00:00.00)

    rgb neg0    crop 27x22 px @2x: 0.1s
Fra:1 Mem:109.70M (Peak 109.70M) | Time:00:00.00 | Mem:87.09M, Peak:87.09M | Scene, ViewLayer | Synchronizing object | ground
Fra:1 Mem:109.70M (Peak 109.70M) | Time:00:00.00 | Mem:87.09M, Peak:87.09M | Scene, ViewLayer | Synchronizing object | structures
Fra:1 Mem:108.92M (Peak 110.85M) | Time:00:00.00 | Mem:87.09M, Peak:87.09M | Scene, ViewLayer | Initializing
Fra:1 Mem:108.92M (Peak 110.85M) | Time:00:00.00 | Mem:87.09M, Peak:87.09M | Scene, ViewLayer | Waiting for render to start
Fra:1 Mem:108.92M (Peak 110.85M) | Time:00:00.00 | Mem:87.09M, Peak:87.09M | Scene, ViewLayer | Updating Scene
Fra:1 Mem:108.92M (Peak 110.85M) | Time:00:00.00 | Mem:87.09M, Peak:87.09M | Scene, ViewLayer | Updating Shaders
Fra:1 Mem:108.92M (Peak 110.85M) | Time:00:00.00 | Mem:87.09M, Peak:87.09M | Scene, ViewLayer | Updating Background
Fra:1 Mem:108.92M (Peak 110.85M) | Time:00:00.00 | Mem:87.09M, Peak:87.09M | Scene, ViewLayer | Updating Camera
Fra:1 Mem:108.92M (Peak 110.85M) | Time:00:00.00 | Mem:87.09M, Peak:87.09M | Scene, ViewLayer | Updating Meshes Flags
Fra:1 Mem:108.92M (Peak 110.85M) | Time:00:00.00 | Mem:83.68M, Peak:87.09M | Scene, ViewLayer | Updating Objects
Fra:1 Mem:108.92M (Peak 110.85M) | Time:00:00.00 | Mem:83.68M, Peak:87.09M | Scene, ViewLayer | Updating Objects | Copying Transformations to device
Fra:1 Mem:108.92M (Peak 110.85M) | Time:00:00.00 | Mem:83.68M, Peak:87.09M | Scene, ViewLayer | Updating Objects | Applying Static Transformations
Fra:1 Mem:108.92M (Peak 110.85M) | Time:00:00.00 | Mem:83.68M, Peak:87.09M | Scene, ViewLayer | Updating Particle Systems
Fra:1 Mem:108.92M (Peak 110.85M) | Time:00:00.00 | Mem:83.68M, Peak:87.09M | Scene, ViewLayer | Updating Meshes
Fra:1 Mem:107.45M (Peak 110.85M) | Time:00:00.00 | Mem:81.45M, Peak:87.09M | Scene, ViewLayer | Updating Mesh | Computing attributes
Fra:1 Mem:107.83M (Peak 110.85M) | Time:00:00.00 | Mem:81.45M, Peak:87.09M | Scene, ViewLayer | Updating Mesh | Copying Attributes to device
Fra:1 Mem:107.83M (Peak 110.85M) | Time:00:00.00 | Mem:81.82M, Peak:87.09M | Scene, ViewLayer | Updating Scene BVH | Building
Fra:1 Mem:107.83M (Peak 110.85M) | Time:00:00.00 | Mem:81.82M, Peak:87.09M | Scene, ViewLayer | Updating Scene BVH | Building BVH
Fra:1 Mem:107.83M (Peak 110.85M) | Time:00:00.02 | Mem:85.22M, Peak:87.09M | Scene, ViewLayer | Updating Scene BVH | Copying BVH to device
Fra:1 Mem:107.83M (Peak 110.85M) | Time:00:00.02 | Mem:85.22M, Peak:87.09M | Scene, ViewLayer | Updating Mesh | Computing normals
Fra:1 Mem:109.69M (Peak 110.85M) | Time:00:00.02 | Mem:85.22M, Peak:87.09M | Scene, ViewLayer | Updating Mesh | Copying Mesh to device
Fra:1 Mem:109.69M (Peak 110.85M) | Time:00:00.02 | Mem:87.09M, Peak:87.09M | Scene, ViewLayer | Updating Objects Flags
Fra:1 Mem:109.69M (Peak 110.85M) | Time:00:00.02 | Mem:87.09M, Peak:87.09M | Scene, ViewLayer | Updating Primitive Offsets
Fra:1 Mem:109.69M (Peak 110.85M) | Time:00:00.02 | Mem:87.09M, Peak:87.09M | Scene, ViewLayer | Updating Images
Fra:1 Mem:109.69M (Peak 110.85M) | Time:00:00.02 | Mem:87.09M, Peak:87.09M | Scene, ViewLayer | Updating Camera Volume
Fra:1 Mem:109.69M (Peak 110.85M) | Time:00:00.02 | Mem:87.09M, Peak:87.09M | Scene, ViewLayer | Updating Lookup Tables
Fra:1 Mem:109.69M (Peak 110.85M) | Time:00:00.02 | Mem:87.09M, Peak:87.09M | Scene, ViewLayer | Updating Lights
Fra:1 Mem:109.69M (Peak 110.85M) | Time:00:00.02 | Mem:87.08M, Peak:87.09M | Scene, ViewLayer | Updating Lights | Computing tree
Fra:1 Mem:109.69M (Peak 110.85M) | Time:00:00.02 | Mem:87.09M, Peak:87.09M | Scene, ViewLayer | Updating Integrator
Fra:1 Mem:109.69M (Peak 110.85M) | Time:00:00.02 | Mem:87.09M, Peak:87.09M | Scene, ViewLayer | Updating Film
Fra:1 Mem:109.69M (Peak 110.85M) | Time:00:00.02 | Mem:87.09M, Peak:87.09M | Scene, ViewLayer | Updating Lookup Tables
Fra:1 Mem:109.69M (Peak 110.85M) | Time:00:00.02 | Mem:87.09M, Peak:87.09M | Scene, ViewLayer | Updating Baking
Fra:1 Mem:109.69M (Peak 110.85M) | Time:00:00.02 | Mem:87.09M, Peak:87.09M | Scene, ViewLayer | Updating Device | Writing constant memory
Fra:1 Mem:109.69M (Peak 110.85M) | Time:00:00.02 | Mem:87.09M, Peak:87.09M | Scene, ViewLayer | Sample 0/256
Fra:1 Mem:109.64M (Peak 110.85M) | Time:00:00.02 | Remaining:00:01.11 | Mem:87.03M, Peak:87.09M | Scene, ViewLayer | Sample 1/256
Fra:1 Mem:109.64M (Peak 110.85M) | Time:00:00.04 | Remaining:00:00.16 | Mem:87.03M, Peak:87.09M | Scene, ViewLayer | Sample 32/256
Fra:1 Mem:109.64M (Peak 110.85M) | Time:00:00.05 | Remaining:00:00.11 | Mem:87.03M, Peak:87.09M | Scene, ViewLayer | Sample 48/256
Fra:1 Mem:109.64M (Peak 110.85M) | Time:00:00.05 | Remaining:00:00.09 | Mem:87.03M, Peak:87.09M | Scene, ViewLayer | Sample 64/256
Fra:1 Mem:109.64M (Peak 110.85M) | Time:00:00.05 | Remaining:00:00.07 | Mem:87.03M, Peak:87.09M | Scene, ViewLayer | Sample 80/256
Fra:1 Mem:109.64M (Peak 110.85M) | Time:00:00.06 | Remaining:00:00.06 | Mem:87.03M, Peak:87.09M | Scene, ViewLayer | Sample 96/256
Fra:1 Mem:109.64M (Peak 110.85M) | Time:00:00.07 | Remaining:00:00.06 | Mem:87.03M, Peak:87.09M | Scene, ViewLayer | Sample 112/256
Fra:1 Mem:109.64M (Peak 110.85M) | Time:00:00.07 | Remaining:00:00.05 | Mem:87.03M, Peak:87.09M | Scene, ViewLayer | Sample 128/256
Fra:1 Mem:109.64M (Peak 110.85M) | Time:00:00.08 | Remaining:00:00.04 | Mem:87.03M, Peak:87.09M | Scene, ViewLayer | Sample 144/256
Fra:1 Mem:109.64M (Peak 110.85M) | Time:00:00.08 | Remaining:00:00.03 | Mem:87.03M, Peak:87.09M | Scene, ViewLayer | Sample 160/256
Fra:1 Mem:109.64M (Peak 110.85M) | Time:00:00.08 | Remaining:00:00.03 | Mem:87.03M, Peak:87.09M | Scene, ViewLayer | Sample 176/256
Fra:1 Mem:109.64M (Peak 110.85M) | Time:00:00.09 | Remaining:00:00.02 | Mem:87.03M, Peak:87.09M | Scene, ViewLayer | Sample 192/256
Fra:1 Mem:109.64M (Peak 110.85M) | Time:00:00.09 | Remaining:00:00.01 | Mem:87.03M, Peak:87.09M | Scene, ViewLayer | Sample 208/256
Fra:1 Mem:109.64M (Peak 110.85M) | Time:00:00.10 | Remaining:00:00.01 | Mem:87.03M, Peak:87.09M | Scene, ViewLayer | Sample 224/256
Fra:1 Mem:109.64M (Peak 110.85M) | Time:00:00.11 | Remaining:00:00.00 | Mem:87.03M, Peak:87.09M | Scene, ViewLayer | Sample 240/256
Fra:1 Mem:109.69M (Peak 110.85M) | Time:00:00.11 | Mem:87.03M, Peak:87.09M | Scene, ViewLayer | Sample 256/256
Fra:1 Mem:109.69M (Peak 110.85M) | Time:00:00.11 | Mem:87.03M, Peak:87.09M | Scene, ViewLayer | Finished
Saved: 'C:\Users\usman_pyywgw5\Downloads\fyp\out\sim\tmp\s000027\rgb_neg1.exr'
Time: 00:00.12 (Saving: 00:00.01)

    rgb neg1    crop 21x16 px @2x: 0.1s
Fra:1 Mem:109.64M (Peak 109.64M) | Time:00:00.00 | Mem:87.03M, Peak:87.03M | Scene, ViewLayer | Synchronizing object | structures
Fra:1 Mem:109.64M (Peak 109.64M) | Time:00:00.00 | Mem:87.03M, Peak:87.03M | Scene, ViewLayer | Synchronizing object | ground
Fra:1 Mem:108.87M (Peak 110.80M) | Time:00:00.00 | Mem:87.03M, Peak:87.03M | Scene, ViewLayer | Initializing
Fra:1 Mem:108.87M (Peak 110.80M) | Time:00:00.00 | Mem:87.03M, Peak:87.03M | Scene, ViewLayer | Waiting for render to start
Fra:1 Mem:108.87M (Peak 110.80M) | Time:00:00.00 | Mem:87.03M, Peak:87.03M | Scene, ViewLayer | Updating Scene
Fra:1 Mem:108.87M (Peak 110.80M) | Time:00:00.00 | Mem:87.03M, Peak:87.03M | Scene, ViewLayer | Updating Shaders
Fra:1 Mem:108.87M (Peak 110.80M) | Time:00:00.00 | Mem:87.03M, Peak:87.03M | Scene, ViewLayer | Updating Background
Fra:1 Mem:108.87M (Peak 110.80M) | Time:00:00.00 | Mem:87.03M, Peak:87.03M | Scene, ViewLayer | Updating Camera
Fra:1 Mem:108.87M (Peak 110.80M) | Time:00:00.00 | Mem:87.03M, Peak:87.03M | Scene, ViewLayer | Updating Meshes Flags
Fra:1 Mem:108.87M (Peak 110.80M) | Time:00:00.00 | Mem:83.63M, Peak:87.03M | Scene, ViewLayer | Updating Objects
Fra:1 Mem:108.87M (Peak 110.80M) | Time:00:00.00 | Mem:83.63M, Peak:87.03M | Scene, ViewLayer | Updating Objects | Copying Transformations to device
Fra:1 Mem:108.87M (Peak 110.80M) | Time:00:00.00 | Mem:83.63M, Peak:87.03M | Scene, ViewLayer | Updating Objects | Applying Static Transformations
Fra:1 Mem:108.87M (Peak 110.80M) | Time:00:00.00 | Mem:83.63M, Peak:87.03M | Scene, ViewLayer | Updating Particle Systems
Fra:1 Mem:108.87M (Peak 110.80M) | Time:00:00.00 | Mem:83.63M, Peak:87.03M | Scene, ViewLayer | Updating Meshes
Fra:1 Mem:107.40M (Peak 110.80M) | Time:00:00.00 | Mem:81.39M, Peak:87.03M | Scene, ViewLayer | Updating Mesh | Computing attributes
Fra:1 Mem:107.78M (Peak 110.80M) | Time:00:00.01 | Mem:81.40M, Peak:87.03M | Scene, ViewLayer | Updating Mesh | Copying Attributes to device
Fra:1 Mem:107.78M (Peak 110.80M) | Time:00:00.01 | Mem:81.77M, Peak:87.03M | Scene, ViewLayer | Updating Scene BVH | Building
Fra:1 Mem:107.78M (Peak 110.80M) | Time:00:00.01 | Mem:81.77M, Peak:87.03M | Scene, ViewLayer | Updating Scene BVH | Building BVH
Fra:1 Mem:107.78M (Peak 110.80M) | Time:00:00.01 | Mem:83.32M, Peak:87.03M | Scene, ViewLayer | Updating Scene BVH | Building BVH 0%
Fra:1 Mem:107.78M (Peak 110.80M) | Time:00:00.03 | Mem:85.17M, Peak:87.03M | Scene, ViewLayer | Updating Scene BVH | Copying BVH to device
Fra:1 Mem:107.78M (Peak 110.80M) | Time:00:00.03 | Mem:85.17M, Peak:87.03M | Scene, ViewLayer | Updating Mesh | Computing normals
Fra:1 Mem:109.64M (Peak 110.80M) | Time:00:00.03 | Mem:85.17M, Peak:87.03M | Scene, ViewLayer | Updating Mesh | Copying Mesh to device
Fra:1 Mem:109.64M (Peak 110.80M) | Time:00:00.03 | Mem:87.03M, Peak:87.03M | Scene, ViewLayer | Updating Objects Flags
Fra:1 Mem:109.64M (Peak 110.80M) | Time:00:00.03 | Mem:87.03M, Peak:87.03M | Scene, ViewLayer | Updating Primitive Offsets
Fra:1 Mem:109.64M (Peak 110.80M) | Time:00:00.03 | Mem:87.03M, Peak:87.03M | Scene, ViewLayer | Updating Images
Fra:1 Mem:109.64M (Peak 110.80M) | Time:00:00.03 | Mem:87.03M, Peak:87.03M | Scene, ViewLayer | Updating Camera Volume
Fra:1 Mem:109.64M (Peak 110.80M) | Time:00:00.03 | Mem:87.03M, Peak:87.03M | Scene, ViewLayer | Updating Lookup Tables
Fra:1 Mem:109.64M (Peak 110.80M) | Time:00:00.03 | Mem:87.03M, Peak:87.03M | Scene, ViewLayer | Updating Lights
Fra:1 Mem:109.64M (Peak 110.80M) | Time:00:00.03 | Mem:87.03M, Peak:87.03M | Scene, ViewLayer | Updating Lights | Computing tree
Fra:1 Mem:109.64M (Peak 110.80M) | Time:00:00.03 | Mem:87.03M, Peak:87.03M | Scene, ViewLayer | Updating Integrator
Fra:1 Mem:109.64M (Peak 110.80M) | Time:00:00.03 | Mem:87.03M, Peak:87.03M | Scene, ViewLayer | Updating Film
Fra:1 Mem:109.64M (Peak 110.80M) | Time:00:00.03 | Mem:87.03M, Peak:87.03M | Scene, ViewLayer | Updating Lookup Tables
Fra:1 Mem:109.64M (Peak 110.80M) | Time:00:00.03 | Mem:87.03M, Peak:87.03M | Scene, ViewLayer | Updating Baking
Fra:1 Mem:109.64M (Peak 110.80M) | Time:00:00.03 | Mem:87.03M, Peak:87.03M | Scene, ViewLayer | Updating Device | Writing constant memory
Fra:1 Mem:109.64M (Peak 110.80M) | Time:00:00.03 | Mem:87.03M, Peak:87.03M | Scene, ViewLayer | Sample 0/256
Fra:1 Mem:109.67M (Peak 110.80M) | Time:00:00.04 | Remaining:00:03.33 | Mem:87.07M, Peak:87.07M | Scene, ViewLayer | Sample 1/256
Fra:1 Mem:109.67M (Peak 110.80M) | Time:00:00.13 | Remaining:00:00.70 | Mem:87.07M, Peak:87.07M | Scene, ViewLayer | Sample 32/256
Fra:1 Mem:109.67M (Peak 110.80M) | Time:00:00.14 | Remaining:00:00.48 | Mem:87.07M, Peak:87.07M | Scene, ViewLayer | Sample 48/256
Fra:1 Mem:109.67M (Peak 110.80M) | Time:00:00.15 | Remaining:00:00.35 | Mem:87.07M, Peak:87.07M | Scene, ViewLayer | Sample 64/256
Fra:1 Mem:109.67M (Peak 110.80M) | Time:00:00.16 | Remaining:00:00.28 | Mem:87.07M, Peak:87.07M | Scene, ViewLayer | Sample 80/256
Fra:1 Mem:109.67M (Peak 110.80M) | Time:00:00.16 | Remaining:00:00.21 | Mem:87.07M, Peak:87.07M | Scene, ViewLayer | Sample 96/256
Fra:1 Mem:109.67M (Peak 110.80M) | Time:00:00.17 | Remaining:00:00.17 | Mem:87.07M, Peak:87.07M | Scene, ViewLayer | Sample 112/256
Fra:1 Mem:109.67M (Peak 110.80M) | Time:00:00.17 | Remaining:00:00.13 | Mem:87.07M, Peak:87.07M | Scene, ViewLayer | Sample 128/256
Fra:1 Mem:109.67M (Peak 110.80M) | Time:00:00.18 | Remaining:00:00.11 | Mem:87.07M, Peak:87.07M | Scene, ViewLayer | Sample 144/256
Fra:1 Mem:109.67M (Peak 110.80M) | Time:00:00.19 | Remaining:00:00.09 | Mem:87.07M, Peak:87.07M | Scene, ViewLayer | Sample 160/256
Fra:1 Mem:109.67M (Peak 110.80M) | Time:00:00.20 | Remaining:00:00.07 | Mem:87.07M, Peak:87.07M | Scene, ViewLayer | Sample 176/256
Fra:1 Mem:109.67M (Peak 110.80M) | Time:00:00.22 | Remaining:00:00.06 | Mem:87.07M, Peak:87.07M | Scene, ViewLayer | Sample 192/256
Fra:1 Mem:109.67M (Peak 110.80M) | Time:00:00.23 | Remaining:00:00.04 | Mem:87.07M, Peak:87.07M | Scene, ViewLayer | Sample 208/256
Fra:1 Mem:109.67M (Peak 110.80M) | Time:00:00.24 | Remaining:00:00.03 | Mem:87.07M, Peak:87.07M | Scene, ViewLayer | Sample 224/256
Fra:1 Mem:109.67M (Peak 110.80M) | Time:00:00.25 | Remaining:00:00.01 | Mem:87.07M, Peak:87.07M | Scene, ViewLayer | Sample 240/256
Fra:1 Mem:109.74M (Peak 110.80M) | Time:00:00.25 | Mem:87.07M, Peak:87.07M | Scene, ViewLayer | Sample 256/256
Fra:1 Mem:109.74M (Peak 110.80M) | Time:00:00.25 | Mem:87.07M, Peak:87.07M | Scene, ViewLayer | Finished
Saved: 'C:\Users\usman_pyywgw5\Downloads\fyp\out\sim\tmp\s000027\rgb_neg2.exr'
Time: 00:00.25 (Saving: 00:00.00)

    rgb neg2    crop 21x24 px @2x: 0.3s
Fra:1 Mem:108.75M (Peak 109.63M) | Time:00:00.00 | Mem:87.07M, Peak:87.07M | Scene, ViewLayer | Synchronizing object | structures
Fra:1 Mem:108.75M (Peak 109.63M) | Time:00:00.00 | Mem:87.07M, Peak:87.07M | Scene, ViewLayer | Synchronizing object | ground
Fra:1 Mem:110.35M (Peak 110.35M) | Time:00:00.00 | Mem:87.07M, Peak:87.07M | Scene, ViewLayer | Initializing
Fra:1 Mem:107.35M (Peak 110.35M) | Time:00:00.00 | Mem:87.07M, Peak:87.07M | Scene, ViewLayer | Updating Images | Loading lwir_sky_lut
Fra:1 Mem:107.38M (Peak 110.35M) | Time:00:00.00 | Mem:87.10M, Peak:87.10M | Scene, ViewLayer | Waiting for render to start
Fra:1 Mem:107.38M (Peak 110.35M) | Time:00:00.00 | Mem:87.10M, Peak:87.10M | Scene, ViewLayer | Loading render kernels (may take a few minutes the first time)
Fra:1 Mem:107.38M (Peak 110.35M) | Time:00:00.00 | Mem:87.10M, Peak:87.10M | Scene, ViewLayer | Updating Scene
Fra:1 Mem:107.38M (Peak 110.35M) | Time:00:00.00 | Mem:87.10M, Peak:87.10M | Scene, ViewLayer | Updating Shaders
Fra:1 Mem:107.37M (Peak 110.35M) | Time:00:00.00 | Mem:87.09M, Peak:87.10M | Scene, ViewLayer | Updating Background
Fra:1 Mem:107.37M (Peak 110.35M) | Time:00:00.00 | Mem:87.09M, Peak:87.10M | Scene, ViewLayer | Updating Camera
Fra:1 Mem:107.37M (Peak 110.35M) | Time:00:00.00 | Mem:87.09M, Peak:87.10M | Scene, ViewLayer | Updating Meshes Flags
Fra:1 Mem:107.36M (Peak 110.35M) | Time:00:00.00 | Mem:83.51M, Peak:87.10M | Scene, ViewLayer | Updating Objects
Fra:1 Mem:107.36M (Peak 110.35M) | Time:00:00.00 | Mem:83.50M, Peak:87.10M | Scene, ViewLayer | Updating Objects | Copying Transformations to device
Fra:1 Mem:107.36M (Peak 110.35M) | Time:00:00.00 | Mem:83.50M, Peak:87.10M | Scene, ViewLayer | Updating Objects | Applying Static Transformations
Fra:1 Mem:107.36M (Peak 110.35M) | Time:00:00.00 | Mem:83.50M, Peak:87.10M | Scene, ViewLayer | Updating Particle Systems
Fra:1 Mem:107.36M (Peak 110.35M) | Time:00:00.00 | Mem:83.50M, Peak:87.10M | Scene, ViewLayer | Updating Meshes
Fra:1 Mem:105.90M (Peak 110.35M) | Time:00:00.00 | Mem:81.27M, Peak:87.10M | Scene, ViewLayer | Updating Mesh | Computing attributes
Fra:1 Mem:105.90M (Peak 110.35M) | Time:00:00.00 | Mem:81.27M, Peak:87.10M | Scene, ViewLayer | Updating Mesh | Copying Attributes to device
Fra:1 Mem:105.90M (Peak 110.35M) | Time:00:00.00 | Mem:81.27M, Peak:87.10M | Scene, ViewLayer | Updating Scene BVH | Building
Fra:1 Mem:105.90M (Peak 110.35M) | Time:00:00.00 | Mem:81.27M, Peak:87.10M | Scene, ViewLayer | Updating Scene BVH | Building BVH
Fra:1 Mem:105.90M (Peak 110.35M) | Time:00:00.00 | Mem:82.81M, Peak:87.10M | Scene, ViewLayer | Updating Scene BVH | Building BVH 0%
Fra:1 Mem:105.90M (Peak 110.35M) | Time:00:00.01 | Mem:84.66M, Peak:87.10M | Scene, ViewLayer | Updating Scene BVH | Copying BVH to device
Fra:1 Mem:105.90M (Peak 110.35M) | Time:00:00.01 | Mem:84.66M, Peak:87.10M | Scene, ViewLayer | Updating Mesh | Computing normals
Fra:1 Mem:107.65M (Peak 110.35M) | Time:00:00.02 | Mem:84.66M, Peak:87.10M | Scene, ViewLayer | Updating Mesh | Copying Mesh to device
Fra:1 Mem:107.65M (Peak 110.35M) | Time:00:00.02 | Mem:86.42M, Peak:87.10M | Scene, ViewLayer | Updating Objects Flags
Fra:1 Mem:107.65M (Peak 110.35M) | Time:00:00.02 | Mem:86.42M, Peak:87.10M | Scene, ViewLayer | Updating Primitive Offsets
Fra:1 Mem:107.65M (Peak 110.35M) | Time:00:00.02 | Mem:86.42M, Peak:87.10M | Scene, ViewLayer | Updating Images
Fra:1 Mem:106.65M (Peak 110.35M) | Time:00:00.02 | Mem:85.42M, Peak:87.10M | Scene, ViewLayer | Updating Camera Volume
Fra:1 Mem:106.65M (Peak 110.35M) | Time:00:00.02 | Mem:85.42M, Peak:87.10M | Scene, ViewLayer | Updating Lookup Tables
Fra:1 Mem:106.65M (Peak 110.35M) | Time:00:00.02 | Mem:85.42M, Peak:87.10M | Scene, ViewLayer | Updating Lights
Fra:1 Mem:42.62M (Peak 110.35M) | Time:00:00.03 | Mem:21.39M, Peak:87.10M | Scene, ViewLayer | Updating Lights | Importance map
Fra:1 Mem:106.65M (Peak 394.62M) | Time:00:02.00 | Mem:85.42M, Peak:245.39M | Scene, ViewLayer | Updating Lights | Computing tree
Fra:1 Mem:116.14M (Peak 394.62M) | Time:00:02.36 | Mem:94.91M, Peak:245.39M | Scene, ViewLayer | Updating Integrator
Fra:1 Mem:116.14M (Peak 394.62M) | Time:00:02.36 | Mem:94.91M, Peak:245.39M | Scene, ViewLayer | Updating Film
Fra:1 Mem:116.14M (Peak 394.62M) | Time:00:02.36 | Mem:94.82M, Peak:245.39M | Scene, ViewLayer | Updating Lookup Tables
Fra:1 Mem:116.14M (Peak 394.62M) | Time:00:02.36 | Mem:94.91M, Peak:245.39M | Scene, ViewLayer | Updating Baking
Fra:1 Mem:116.14M (Peak 394.62M) | Time:00:02.36 | Mem:94.91M, Peak:245.39M | Scene, ViewLayer | Updating Device | Writing constant memory
Fra:1 Mem:116.14M (Peak 394.62M) | Time:00:02.36 | Mem:94.91M, Peak:245.39M | Scene, ViewLayer | Sample 0/4
Fra:1 Mem:181.04M (Peak 394.62M) | Time:00:03.35 | Remaining:00:02.95 | Mem:159.81M, Peak:245.39M | Scene, ViewLayer | Sample 1/4
Fra:1 Mem:221.04M (Peak 394.62M) | Time:00:07.03 | Mem:159.81M, Peak:245.39M | Scene, ViewLayer | Sample 4/4
Fra:1 Mem:221.04M (Peak 394.62M) | Time:00:07.03 | Mem:159.81M, Peak:245.39M | Scene, ViewLayer | Finished
Saved: 'C:\Users\usman_pyywgw5\Downloads\fyp\out\sim\tmp\s000027\lwir_bg.exr'
Time: 00:07.30 (Saving: 00:00.27)

    lwir background 1280x1024: 9.1s
Fra:1 Mem:182.00M (Peak 182.00M) | Time:00:00.00 | Mem:159.81M, Peak:159.81M | Scene, ViewLayer | Synchronizing object | neg2
Fra:1 Mem:182.01M (Peak 182.01M) | Time:00:00.00 | Mem:159.81M, Peak:159.81M | Scene, ViewLayer | Synchronizing object | neg1
Fra:1 Mem:182.01M (Peak 182.01M) | Time:00:00.00 | Mem:159.81M, Peak:159.81M | Scene, ViewLayer | Synchronizing object | neg0
Fra:1 Mem:182.01M (Peak 182.01M) | Time:00:00.00 | Mem:159.81M, Peak:159.81M | Scene, ViewLayer | Synchronizing object | KAL
Fra:1 Mem:182.11M (Peak 182.11M) | Time:00:00.00 | Mem:159.81M, Peak:159.81M | Scene, ViewLayer | Synchronizing object | structures
Fra:1 Mem:182.10M (Peak 182.11M) | Time:00:00.00 | Mem:159.81M, Peak:159.81M | Scene, ViewLayer | Synchronizing object | ground
Fra:1 Mem:181.33M (Peak 183.27M) | Time:00:00.01 | Mem:159.81M, Peak:159.81M | Scene, ViewLayer | Initializing
Fra:1 Mem:181.33M (Peak 183.27M) | Time:00:00.01 | Mem:159.81M, Peak:159.81M | Scene, ViewLayer | Waiting for render to start
Fra:1 Mem:181.33M (Peak 183.27M) | Time:00:00.01 | Mem:159.81M, Peak:159.81M | Scene, ViewLayer | Loading render kernels (may take a few minutes the first time)
Fra:1 Mem:181.33M (Peak 183.27M) | Time:00:00.01 | Mem:159.81M, Peak:159.81M | Scene, ViewLayer | Updating Scene
Fra:1 Mem:181.33M (Peak 183.27M) | Time:00:00.01 | Mem:159.81M, Peak:159.81M | Scene, ViewLayer | Updating Shaders
Fra:1 Mem:181.33M (Peak 183.27M) | Time:00:00.01 | Mem:159.81M, Peak:159.81M | Scene, ViewLayer | Updating Procedurals
Fra:1 Mem:181.33M (Peak 183.27M) | Time:00:00.01 | Mem:159.81M, Peak:159.81M | Scene, ViewLayer | Updating Background
Fra:1 Mem:181.33M (Peak 183.27M) | Time:00:00.01 | Mem:159.81M, Peak:159.81M | Scene, ViewLayer | Updating Camera
Fra:1 Mem:181.34M (Peak 183.27M) | Time:00:00.01 | Mem:159.73M, Peak:159.81M | Scene, ViewLayer | Updating Meshes Flags
Fra:1 Mem:181.34M (Peak 183.27M) | Time:00:00.01 | Mem:156.33M, Peak:159.81M | Scene, ViewLayer | Updating Objects
Fra:1 Mem:181.33M (Peak 183.27M) | Time:00:00.01 | Mem:156.33M, Peak:159.81M | Scene, ViewLayer | Updating Objects | Copying Transformations to device
Fra:1 Mem:181.34M (Peak 183.27M) | Time:00:00.01 | Mem:156.33M, Peak:159.81M | Scene, ViewLayer | Updating Objects | Applying Static Transformations
Fra:1 Mem:181.34M (Peak 183.27M) | Time:00:00.01 | Mem:156.33M, Peak:159.81M | Scene, ViewLayer | Updating Particle Systems
Fra:1 Mem:181.34M (Peak 183.27M) | Time:00:00.01 | Mem:156.33M, Peak:159.81M | Scene, ViewLayer | Updating Meshes
Fra:1 Mem:180.40M (Peak 183.27M) | Time:00:00.01 | Mem:154.57M, Peak:159.81M | Scene, ViewLayer | Updating Mesh | Computing attributes
Fra:1 Mem:180.40M (Peak 183.27M) | Time:00:00.01 | Mem:154.58M, Peak:159.81M | Scene, ViewLayer | Updating Mesh | Copying Attributes to device
Fra:1 Mem:180.40M (Peak 183.27M) | Time:00:00.01 | Mem:154.58M, Peak:159.81M | Scene, ViewLayer | Updating Geometry BVH neg2 4/4 | Building BVH
Fra:1 Mem:180.40M (Peak 183.27M) | Time:00:00.01 | Mem:154.58M, Peak:159.81M | Scene, ViewLayer | Updating Geometry BVH KAL 1/4 | Building BVH
Fra:1 Mem:180.40M (Peak 183.27M) | Time:00:00.01 | Mem:154.65M, Peak:159.81M | Scene, ViewLayer | Updating Geometry BVH KAL 1/4 | Building BVH 0%
Fra:1 Mem:180.40M (Peak 183.27M) | Time:00:00.01 | Mem:154.69M, Peak:159.81M | Scene, ViewLayer | Updating Geometry BVH neg1 3/4 | Building BVH
Fra:1 Mem:180.40M (Peak 183.27M) | Time:00:00.01 | Mem:154.72M, Peak:159.81M | Scene, ViewLayer | Updating Geometry BVH neg0 2/4 | Building BVH
Fra:1 Mem:180.40M (Peak 183.27M) | Time:00:00.01 | Mem:154.76M, Peak:159.81M | Scene, ViewLayer | Updating Scene BVH | Building
Fra:1 Mem:180.40M (Peak 183.27M) | Time:00:00.01 | Mem:154.76M, Peak:159.81M | Scene, ViewLayer | Updating Scene BVH | Building BVH
Fra:1 Mem:180.40M (Peak 183.27M) | Time:00:00.06 | Mem:158.16M, Peak:159.81M | Scene, ViewLayer | Updating Scene BVH | Copying BVH to device
Fra:1 Mem:180.40M (Peak 183.27M) | Time:00:00.06 | Mem:158.16M, Peak:159.81M | Scene, ViewLayer | Updating Mesh | Computing normals
Fra:1 Mem:182.26M (Peak 183.27M) | Time:00:00.06 | Mem:158.16M, Peak:159.81M | Scene, ViewLayer | Updating Mesh | Copying Mesh to device
Fra:1 Mem:182.26M (Peak 183.27M) | Time:00:00.06 | Mem:160.02M, Peak:160.02M | Scene, ViewLayer | Updating Objects Flags
Fra:1 Mem:182.26M (Peak 183.27M) | Time:00:00.06 | Mem:160.02M, Peak:160.02M | Scene, ViewLayer | Updating Primitive Offsets
Fra:1 Mem:182.26M (Peak 183.27M) | Time:00:00.06 | Mem:160.02M, Peak:160.02M | Scene, ViewLayer | Updating Images
Fra:1 Mem:166.26M (Peak 183.27M) | Time:00:00.06 | Mem:144.02M, Peak:160.02M | Scene, ViewLayer | Updating Camera Volume
Fra:1 Mem:166.26M (Peak 183.27M) | Time:00:00.06 | Mem:144.02M, Peak:160.02M | Scene, ViewLayer | Updating Lookup Tables
Fra:1 Mem:166.26M (Peak 183.27M) | Time:00:00.06 | Mem:144.11M, Peak:160.02M | Scene, ViewLayer | Updating Lights
Fra:1 Mem:156.77M (Peak 183.27M) | Time:00:00.06 | Mem:134.62M, Peak:160.02M | Scene, ViewLayer | Updating Lights | Computing tree
Fra:1 Mem:166.69M (Peak 183.27M) | Time:00:00.43 | Mem:144.53M, Peak:160.02M | Scene, ViewLayer | Updating Integrator
Fra:1 Mem:166.69M (Peak 183.27M) | Time:00:00.43 | Mem:144.53M, Peak:160.02M | Scene, ViewLayer | Updating Film
Fra:1 Mem:166.69M (Peak 183.27M) | Time:00:00.43 | Mem:144.53M, Peak:160.02M | Scene, ViewLayer | Updating Lookup Tables
Fra:1 Mem:166.69M (Peak 183.27M) | Time:00:00.43 | Mem:144.53M, Peak:160.02M | Scene, ViewLayer | Updating Baking
Fra:1 Mem:166.69M (Peak 183.27M) | Time:00:00.43 | Mem:144.53M, Peak:160.02M | Scene, ViewLayer | Updating Device | Writing constant memory
Fra:1 Mem:166.69M (Peak 183.27M) | Time:00:00.43 | Mem:144.53M, Peak:160.02M | Scene, ViewLayer | Sample 0/256
Fra:1 Mem:101.82M (Peak 183.27M) | Time:00:00.45 | Remaining:00:03.05 | Mem:79.66M, Peak:160.02M | Scene, ViewLayer | Sample 1/256
Fra:1 Mem:101.82M (Peak 183.27M) | Time:00:00.48 | Remaining:00:00.32 | Mem:79.66M, Peak:160.02M | Scene, ViewLayer | Sample 32/256
Fra:1 Mem:101.82M (Peak 183.27M) | Time:00:00.49 | Remaining:00:00.22 | Mem:79.66M, Peak:160.02M | Scene, ViewLayer | Sample 48/256
Fra:1 Mem:101.82M (Peak 183.27M) | Time:00:00.50 | Remaining:00:00.19 | Mem:79.66M, Peak:160.02M | Scene, ViewLayer | Sample 64/256
Fra:1 Mem:101.82M (Peak 183.27M) | Time:00:00.50 | Remaining:00:00.15 | Mem:79.66M, Peak:160.02M | Scene, ViewLayer | Sample 80/256
Fra:1 Mem:101.82M (Peak 183.27M) | Time:00:00.50 | Remaining:00:00.11 | Mem:79.66M, Peak:160.02M | Scene, ViewLayer | Sample 96/256
Fra:1 Mem:101.82M (Peak 183.27M) | Time:00:00.51 | Remaining:00:00.09 | Mem:79.66M, Peak:160.02M | Scene, ViewLayer | Sample 112/256
Fra:1 Mem:101.82M (Peak 183.27M) | Time:00:00.51 | Remaining:00:00.07 | Mem:79.66M, Peak:160.02M | Scene, ViewLayer | Sample 128/256
Fra:1 Mem:101.82M (Peak 183.27M) | Time:00:00.51 | Remaining:00:00.06 | Mem:79.66M, Peak:160.02M | Scene, ViewLayer | Sample 144/256
Fra:1 Mem:101.82M (Peak 183.27M) | Time:00:00.51 | Remaining:00:00.04 | Mem:79.66M, Peak:160.02M | Scene, ViewLayer | Sample 160/256
Fra:1 Mem:101.82M (Peak 183.27M) | Time:00:00.52 | Remaining:00:00.03 | Mem:79.66M, Peak:160.02M | Scene, ViewLayer | Sample 176/256
Fra:1 Mem:101.82M (Peak 183.27M) | Time:00:00.52 | Remaining:00:00.02 | Mem:79.66M, Peak:160.02M | Scene, ViewLayer | Sample 192/256
Fra:1 Mem:101.82M (Peak 183.27M) | Time:00:00.52 | Remaining:00:00.02 | Mem:79.66M, Peak:160.02M | Scene, ViewLayer | Sample 208/256
Fra:1 Mem:101.82M (Peak 183.27M) | Time:00:00.53 | Remaining:00:00.01 | Mem:79.66M, Peak:160.02M | Scene, ViewLayer | Sample 224/256
Fra:1 Mem:101.82M (Peak 183.27M) | Time:00:00.53 | Remaining:00:00.00 | Mem:79.66M, Peak:160.02M | Scene, ViewLayer | Sample 240/256
Fra:1 Mem:101.90M (Peak 183.27M) | Time:00:00.53 | Mem:79.66M, Peak:160.02M | Scene, ViewLayer | Sample 256/256
Fra:1 Mem:101.90M (Peak 183.27M) | Time:00:00.53 | Mem:79.66M, Peak:160.02M | Scene, ViewLayer | Finished
Saved: 'C:\Users\usman_pyywgw5\Downloads\fyp\out\sim\tmp\s000027\lwir_target.exr'
Time: 00:00.53 (Saving: 00:00.00)

    lwir target  crop 30x21 px @2x: 0.6s
Fra:1 Mem:101.82M (Peak 101.82M) | Time:00:00.00 | Mem:79.66M, Peak:79.66M | Scene, ViewLayer | Synchronizing object | structures
Fra:1 Mem:101.82M (Peak 101.82M) | Time:00:00.00 | Mem:79.66M, Peak:79.66M | Scene, ViewLayer | Synchronizing object | ground
Fra:1 Mem:101.05M (Peak 102.98M) | Time:00:00.01 | Mem:79.66M, Peak:79.66M | Scene, ViewLayer | Initializing
Fra:1 Mem:101.04M (Peak 102.98M) | Time:00:00.01 | Mem:79.66M, Peak:79.66M | Scene, ViewLayer | Waiting for render to start
Fra:1 Mem:101.04M (Peak 102.98M) | Time:00:00.01 | Mem:79.66M, Peak:79.66M | Scene, ViewLayer | Updating Scene
Fra:1 Mem:101.04M (Peak 102.98M) | Time:00:00.01 | Mem:79.66M, Peak:79.66M | Scene, ViewLayer | Updating Shaders
Fra:1 Mem:101.04M (Peak 102.98M) | Time:00:00.01 | Mem:79.66M, Peak:79.66M | Scene, ViewLayer | Updating Background
Fra:1 Mem:101.04M (Peak 102.98M) | Time:00:00.01 | Mem:79.66M, Peak:79.66M | Scene, ViewLayer | Updating Camera
Fra:1 Mem:101.04M (Peak 102.98M) | Time:00:00.01 | Mem:79.66M, Peak:79.66M | Scene, ViewLayer | Updating Meshes Flags
Fra:1 Mem:101.04M (Peak 102.98M) | Time:00:00.01 | Mem:76.26M, Peak:79.66M | Scene, ViewLayer | Updating Objects
Fra:1 Mem:101.04M (Peak 102.98M) | Time:00:00.01 | Mem:76.26M, Peak:79.66M | Scene, ViewLayer | Updating Objects | Copying Transformations to device
Fra:1 Mem:101.04M (Peak 102.98M) | Time:00:00.01 | Mem:76.26M, Peak:79.66M | Scene, ViewLayer | Updating Objects | Applying Static Transformations
Fra:1 Mem:101.04M (Peak 102.98M) | Time:00:00.01 | Mem:76.26M, Peak:79.66M | Scene, ViewLayer | Updating Particle Systems
Fra:1 Mem:101.04M (Peak 102.98M) | Time:00:00.01 | Mem:76.26M, Peak:79.66M | Scene, ViewLayer | Updating Meshes
Fra:1 Mem:99.95M (Peak 102.98M) | Time:00:00.01 | Mem:74.39M, Peak:79.66M | Scene, ViewLayer | Updating Mesh | Computing attributes
Fra:1 Mem:99.96M (Peak 102.98M) | Time:00:00.01 | Mem:74.39M, Peak:79.66M | Scene, ViewLayer | Updating Mesh | Copying Attributes to device
Fra:1 Mem:99.95M (Peak 102.98M) | Time:00:00.01 | Mem:74.39M, Peak:79.66M | Scene, ViewLayer | Updating Scene BVH | Building
Fra:1 Mem:99.95M (Peak 102.98M) | Time:00:00.01 | Mem:74.39M, Peak:79.66M | Scene, ViewLayer | Updating Scene BVH | Building BVH
Fra:1 Mem:99.95M (Peak 102.98M) | Time:00:00.01 | Mem:75.94M, Peak:79.66M | Scene, ViewLayer | Updating Scene BVH | Building BVH 0%
Fra:1 Mem:99.95M (Peak 102.98M) | Time:00:00.04 | Mem:77.80M, Peak:79.66M | Scene, ViewLayer | Updating Scene BVH | Copying BVH to device
Fra:1 Mem:99.95M (Peak 102.98M) | Time:00:00.04 | Mem:77.80M, Peak:79.66M | Scene, ViewLayer | Updating Mesh | Computing normals
Fra:1 Mem:101.82M (Peak 102.98M) | Time:00:00.04 | Mem:77.80M, Peak:79.66M | Scene, ViewLayer | Updating Mesh | Copying Mesh to device
Fra:1 Mem:101.82M (Peak 102.98M) | Time:00:00.04 | Mem:79.66M, Peak:79.66M | Scene, ViewLayer | Updating Objects Flags
Fra:1 Mem:101.82M (Peak 102.98M) | Time:00:00.04 | Mem:79.66M, Peak:79.66M | Scene, ViewLayer | Updating Primitive Offsets
Fra:1 Mem:101.82M (Peak 102.98M) | Time:00:00.04 | Mem:79.66M, Peak:79.66M | Scene, ViewLayer | Updating Images
Fra:1 Mem:101.82M (Peak 102.98M) | Time:00:00.04 | Mem:79.66M, Peak:79.66M | Scene, ViewLayer | Updating Camera Volume
Fra:1 Mem:101.82M (Peak 102.98M) | Time:00:00.04 | Mem:79.66M, Peak:79.66M | Scene, ViewLayer | Updating Lookup Tables
Fra:1 Mem:101.82M (Peak 102.98M) | Time:00:00.04 | Mem:79.66M, Peak:79.66M | Scene, ViewLayer | Updating Lights
Fra:1 Mem:91.90M (Peak 102.98M) | Time:00:00.05 | Mem:69.74M, Peak:79.66M | Scene, ViewLayer | Updating Lights | Computing tree
Fra:1 Mem:101.82M (Peak 108.34M) | Time:00:00.37 | Mem:79.66M, Peak:79.66M | Scene, ViewLayer | Updating Integrator
Fra:1 Mem:101.82M (Peak 108.34M) | Time:00:00.37 | Mem:79.66M, Peak:79.66M | Scene, ViewLayer | Updating Film
Fra:1 Mem:101.82M (Peak 108.34M) | Time:00:00.37 | Mem:79.66M, Peak:79.66M | Scene, ViewLayer | Updating Lookup Tables
Fra:1 Mem:101.82M (Peak 108.34M) | Time:00:00.37 | Mem:79.66M, Peak:79.66M | Scene, ViewLayer | Updating Baking
Fra:1 Mem:101.82M (Peak 108.34M) | Time:00:00.37 | Mem:79.66M, Peak:79.66M | Scene, ViewLayer | Updating Device | Writing constant memory
Fra:1 Mem:101.82M (Peak 108.34M) | Time:00:00.37 | Mem:79.66M, Peak:79.66M | Scene, ViewLayer | Sample 0/256
Fra:1 Mem:101.81M (Peak 108.34M) | Time:00:00.37 | Remaining:00:00.29 | Mem:79.65M, Peak:79.66M | Scene, ViewLayer | Sample 1/256
Fra:1 Mem:101.81M (Peak 108.34M) | Time:00:00.41 | Remaining:00:00.25 | Mem:79.65M, Peak:79.66M | Scene, ViewLayer | Sample 32/256
Fra:1 Mem:101.89M (Peak 108.34M) | Time:00:00.41 | Remaining:00:00.26 | Mem:79.65M, Peak:79.66M | Scene, ViewLayer | Sample 0/256
Fra:1 Mem:101.89M (Peak 108.34M) | Time:00:00.41 | Remaining:00:00.26 | Mem:79.65M, Peak:79.66M | Scene, ViewLayer | Finished
Saved: 'C:\Users\usman_pyywgw5\Downloads\fyp\out\sim\tmp\s000027\lwir_neg0.exr'
Time: 00:00.41 (Saving: 00:00.00)

    lwir neg0    crop 27x22 px @2x: 0.4s
Fra:1 Mem:101.81M (Peak 101.81M) | Time:00:00.00 | Mem:79.65M, Peak:79.65M | Scene, ViewLayer | Synchronizing object | ground
Fra:1 Mem:101.04M (Peak 102.97M) | Time:00:00.00 | Mem:79.65M, Peak:79.65M | Scene, ViewLayer | Synchronizing object | structures
Fra:1 Mem:101.04M (Peak 102.97M) | Time:00:00.00 | Mem:79.65M, Peak:79.65M | Scene, ViewLayer | Initializing
Fra:1 Mem:101.03M (Peak 102.97M) | Time:00:00.01 | Mem:79.65M, Peak:79.65M | Scene, ViewLayer | Waiting for render to start
Fra:1 Mem:101.03M (Peak 102.97M) | Time:00:00.01 | Mem:79.65M, Peak:79.65M | Scene, ViewLayer | Updating Scene
Fra:1 Mem:101.03M (Peak 102.97M) | Time:00:00.01 | Mem:79.65M, Peak:79.65M | Scene, ViewLayer | Updating Shaders
Fra:1 Mem:101.03M (Peak 102.97M) | Time:00:00.01 | Mem:79.65M, Peak:79.65M | Scene, ViewLayer | Updating Background
Fra:1 Mem:101.03M (Peak 102.97M) | Time:00:00.01 | Mem:79.65M, Peak:79.65M | Scene, ViewLayer | Updating Camera
Fra:1 Mem:101.03M (Peak 102.97M) | Time:00:00.01 | Mem:79.65M, Peak:79.65M | Scene, ViewLayer | Updating Meshes Flags
Fra:1 Mem:101.03M (Peak 102.97M) | Time:00:00.01 | Mem:76.25M, Peak:79.65M | Scene, ViewLayer | Updating Objects
Fra:1 Mem:101.03M (Peak 102.97M) | Time:00:00.01 | Mem:76.25M, Peak:79.65M | Scene, ViewLayer | Updating Objects | Copying Transformations to device
Fra:1 Mem:101.03M (Peak 102.97M) | Time:00:00.01 | Mem:76.25M, Peak:79.65M | Scene, ViewLayer | Updating Objects | Applying Static Transformations
Fra:1 Mem:101.03M (Peak 102.97M) | Time:00:00.01 | Mem:76.25M, Peak:79.65M | Scene, ViewLayer | Updating Particle Systems
Fra:1 Mem:101.03M (Peak 102.97M) | Time:00:00.01 | Mem:76.25M, Peak:79.65M | Scene, ViewLayer | Updating Meshes
Fra:1 Mem:99.94M (Peak 102.97M) | Time:00:00.01 | Mem:74.39M, Peak:79.65M | Scene, ViewLayer | Updating Mesh | Computing attributes
Fra:1 Mem:99.95M (Peak 102.97M) | Time:00:00.01 | Mem:74.39M, Peak:79.65M | Scene, ViewLayer | Updating Mesh | Copying Attributes to device
Fra:1 Mem:99.95M (Peak 102.97M) | Time:00:00.01 | Mem:74.39M, Peak:79.65M | Scene, ViewLayer | Updating Scene BVH | Building
Fra:1 Mem:99.95M (Peak 102.97M) | Time:00:00.01 | Mem:74.39M, Peak:79.65M | Scene, ViewLayer | Updating Scene BVH | Building BVH
Fra:1 Mem:99.95M (Peak 102.97M) | Time:00:00.01 | Mem:75.94M, Peak:79.65M | Scene, ViewLayer | Updating Scene BVH | Building BVH 0%
Fra:1 Mem:99.95M (Peak 102.97M) | Time:00:00.03 | Mem:77.79M, Peak:79.65M | Scene, ViewLayer | Updating Scene BVH | Copying BVH to device
Fra:1 Mem:99.95M (Peak 102.97M) | Time:00:00.03 | Mem:77.79M, Peak:79.65M | Scene, ViewLayer | Updating Mesh | Computing normals
Fra:1 Mem:101.81M (Peak 102.97M) | Time:00:00.04 | Mem:77.79M, Peak:79.65M | Scene, ViewLayer | Updating Mesh | Copying Mesh to device
Fra:1 Mem:101.81M (Peak 102.97M) | Time:00:00.04 | Mem:79.65M, Peak:79.65M | Scene, ViewLayer | Updating Objects Flags
Fra:1 Mem:101.81M (Peak 102.97M) | Time:00:00.04 | Mem:79.65M, Peak:79.65M | Scene, ViewLayer | Updating Primitive Offsets
Fra:1 Mem:101.81M (Peak 102.97M) | Time:00:00.04 | Mem:79.65M, Peak:79.65M | Scene, ViewLayer | Updating Images
Fra:1 Mem:101.81M (Peak 102.97M) | Time:00:00.04 | Mem:79.65M, Peak:79.65M | Scene, ViewLayer | Updating Camera Volume
Fra:1 Mem:101.81M (Peak 102.97M) | Time:00:00.04 | Mem:79.65M, Peak:79.65M | Scene, ViewLayer | Updating Lookup Tables
Fra:1 Mem:101.81M (Peak 102.97M) | Time:00:00.04 | Mem:79.65M, Peak:79.65M | Scene, ViewLayer | Updating Lights
Fra:1 Mem:91.89M (Peak 102.97M) | Time:00:00.04 | Mem:69.74M, Peak:79.65M | Scene, ViewLayer | Updating Lights | Computing tree
Fra:1 Mem:101.81M (Peak 108.33M) | Time:00:00.38 | Mem:79.65M, Peak:79.65M | Scene, ViewLayer | Updating Integrator
Fra:1 Mem:101.81M (Peak 108.33M) | Time:00:00.38 | Mem:79.65M, Peak:79.65M | Scene, ViewLayer | Updating Film
Fra:1 Mem:101.81M (Peak 108.33M) | Time:00:00.38 | Mem:79.65M, Peak:79.65M | Scene, ViewLayer | Updating Lookup Tables
Fra:1 Mem:101.81M (Peak 108.33M) | Time:00:00.38 | Mem:79.65M, Peak:79.65M | Scene, ViewLayer | Updating Baking
Fra:1 Mem:101.81M (Peak 108.33M) | Time:00:00.38 | Mem:79.65M, Peak:79.65M | Scene, ViewLayer | Updating Device | Writing constant memory
Fra:1 Mem:101.81M (Peak 108.33M) | Time:00:00.38 | Mem:79.65M, Peak:79.65M | Scene, ViewLayer | Sample 0/256
Fra:1 Mem:101.76M (Peak 108.33M) | Time:00:00.39 | Remaining:00:00.39 | Mem:79.60M, Peak:79.65M | Scene, ViewLayer | Sample 1/256
Fra:1 Mem:101.76M (Peak 108.33M) | Time:00:00.42 | Remaining:00:00.28 | Mem:79.60M, Peak:79.65M | Scene, ViewLayer | Sample 32/256
Fra:1 Mem:101.76M (Peak 108.33M) | Time:00:00.43 | Remaining:00:00.18 | Mem:79.60M, Peak:79.65M | Scene, ViewLayer | Sample 48/256
Fra:1 Mem:101.76M (Peak 108.33M) | Time:00:00.43 | Remaining:00:00.14 | Mem:79.60M, Peak:79.65M | Scene, ViewLayer | Sample 64/256
Fra:1 Mem:101.76M (Peak 108.33M) | Time:00:00.43 | Remaining:00:00.10 | Mem:79.60M, Peak:79.65M | Scene, ViewLayer | Sample 80/256
Fra:1 Mem:101.76M (Peak 108.33M) | Time:00:00.43 | Remaining:00:00.08 | Mem:79.60M, Peak:79.65M | Scene, ViewLayer | Sample 96/256
Fra:1 Mem:101.76M (Peak 108.33M) | Time:00:00.43 | Remaining:00:00.06 | Mem:79.60M, Peak:79.65M | Scene, ViewLayer | Sample 112/256
Fra:1 Mem:101.80M (Peak 108.33M) | Time:00:00.43 | Remaining:00:00.06 | Mem:79.60M, Peak:79.65M | Scene, ViewLayer | Sample 0/256
Fra:1 Mem:101.80M (Peak 108.33M) | Time:00:00.43 | Remaining:00:00.06 | Mem:79.60M, Peak:79.65M | Scene, ViewLayer | Finished
Saved: 'C:\Users\usman_pyywgw5\Downloads\fyp\out\sim\tmp\s000027\lwir_neg1.exr'
Time: 00:00.44 (Saving: 00:00.00)

    lwir neg1    crop 21x16 px @2x: 0.5s
Fra:1 Mem:101.76M (Peak 101.76M) | Time:00:00.00 | Mem:79.60M, Peak:79.60M | Scene, ViewLayer | Synchronizing object | structures
Fra:1 Mem:101.76M (Peak 101.76M) | Time:00:00.00 | Mem:79.60M, Peak:79.60M | Scene, ViewLayer | Synchronizing object | ground
Fra:1 Mem:100.99M (Peak 102.92M) | Time:00:00.00 | Mem:79.60M, Peak:79.60M | Scene, ViewLayer | Initializing
Fra:1 Mem:100.98M (Peak 102.92M) | Time:00:00.00 | Mem:79.60M, Peak:79.60M | Scene, ViewLayer | Waiting for render to start
Fra:1 Mem:100.98M (Peak 102.92M) | Time:00:00.00 | Mem:79.60M, Peak:79.60M | Scene, ViewLayer | Updating Scene
Fra:1 Mem:100.98M (Peak 102.92M) | Time:00:00.00 | Mem:79.60M, Peak:79.60M | Scene, ViewLayer | Updating Shaders
Fra:1 Mem:100.98M (Peak 102.92M) | Time:00:00.00 | Mem:79.60M, Peak:79.60M | Scene, ViewLayer | Updating Background
Fra:1 Mem:100.98M (Peak 102.92M) | Time:00:00.00 | Mem:79.60M, Peak:79.60M | Scene, ViewLayer | Updating Camera
Fra:1 Mem:100.98M (Peak 102.92M) | Time:00:00.00 | Mem:79.60M, Peak:79.60M | Scene, ViewLayer | Updating Meshes Flags
Fra:1 Mem:100.98M (Peak 102.92M) | Time:00:00.00 | Mem:76.20M, Peak:79.60M | Scene, ViewLayer | Updating Objects
Fra:1 Mem:100.98M (Peak 102.92M) | Time:00:00.00 | Mem:76.20M, Peak:79.60M | Scene, ViewLayer | Updating Objects | Copying Transformations to device
Fra:1 Mem:100.98M (Peak 102.92M) | Time:00:00.00 | Mem:76.20M, Peak:79.60M | Scene, ViewLayer | Updating Objects | Applying Static Transformations
Fra:1 Mem:100.98M (Peak 102.92M) | Time:00:00.00 | Mem:76.20M, Peak:79.60M | Scene, ViewLayer | Updating Particle Systems
Fra:1 Mem:100.98M (Peak 102.92M) | Time:00:00.00 | Mem:76.20M, Peak:79.60M | Scene, ViewLayer | Updating Meshes
Fra:1 Mem:99.89M (Peak 102.92M) | Time:00:00.00 | Mem:74.33M, Peak:79.60M | Scene, ViewLayer | Updating Mesh | Computing attributes
Fra:1 Mem:99.90M (Peak 102.92M) | Time:00:00.00 | Mem:74.34M, Peak:79.60M | Scene, ViewLayer | Updating Mesh | Copying Attributes to device
Fra:1 Mem:99.89M (Peak 102.92M) | Time:00:00.00 | Mem:74.34M, Peak:79.60M | Scene, ViewLayer | Updating Scene BVH | Building
Fra:1 Mem:99.89M (Peak 102.92M) | Time:00:00.00 | Mem:74.34M, Peak:79.60M | Scene, ViewLayer | Updating Scene BVH | Building BVH
Fra:1 Mem:99.89M (Peak 102.92M) | Time:00:00.00 | Mem:75.89M, Peak:79.60M | Scene, ViewLayer | Updating Scene BVH | Building BVH 0%
Fra:1 Mem:99.89M (Peak 102.92M) | Time:00:00.02 | Mem:77.74M, Peak:79.60M | Scene, ViewLayer | Updating Scene BVH | Copying BVH to device
Fra:1 Mem:99.89M (Peak 102.92M) | Time:00:00.02 | Mem:77.74M, Peak:79.60M | Scene, ViewLayer | Updating Mesh | Computing normals
Fra:1 Mem:101.76M (Peak 102.92M) | Time:00:00.02 | Mem:77.74M, Peak:79.60M | Scene, ViewLayer | Updating Mesh | Copying Mesh to device
Fra:1 Mem:101.76M (Peak 102.92M) | Time:00:00.02 | Mem:79.60M, Peak:79.60M | Scene, ViewLayer | Updating Objects Flags
Fra:1 Mem:101.76M (Peak 102.92M) | Time:00:00.02 | Mem:79.60M, Peak:79.60M | Scene, ViewLayer | Updating Primitive Offsets
Fra:1 Mem:101.76M (Peak 102.92M) | Time:00:00.02 | Mem:79.60M, Peak:79.60M | Scene, ViewLayer | Updating Images
Fra:1 Mem:101.76M (Peak 102.92M) | Time:00:00.02 | Mem:79.60M, Peak:79.60M | Scene, ViewLayer | Updating Camera Volume
Fra:1 Mem:101.76M (Peak 102.92M) | Time:00:00.02 | Mem:79.60M, Peak:79.60M | Scene, ViewLayer | Updating Lookup Tables
Fra:1 Mem:101.76M (Peak 102.92M) | Time:00:00.02 | Mem:79.60M, Peak:79.60M | Scene, ViewLayer | Updating Lights
Fra:1 Mem:91.84M (Peak 102.92M) | Time:00:00.02 | Mem:69.69M, Peak:79.60M | Scene, ViewLayer | Updating Lights | Computing tree
Fra:1 Mem:101.76M (Peak 108.28M) | Time:00:00.37 | Mem:79.60M, Peak:79.60M | Scene, ViewLayer | Updating Integrator
Fra:1 Mem:101.76M (Peak 108.28M) | Time:00:00.37 | Mem:79.60M, Peak:79.60M | Scene, ViewLayer | Updating Film
Fra:1 Mem:101.76M (Peak 108.28M) | Time:00:00.37 | Mem:79.60M, Peak:79.60M | Scene, ViewLayer | Updating Lookup Tables
Fra:1 Mem:101.76M (Peak 108.28M) | Time:00:00.37 | Mem:79.60M, Peak:79.60M | Scene, ViewLayer | Updating Baking
Fra:1 Mem:101.76M (Peak 108.28M) | Time:00:00.37 | Mem:79.60M, Peak:79.60M | Scene, ViewLayer | Updating Device | Writing constant memory
Fra:1 Mem:101.76M (Peak 108.28M) | Time:00:00.37 | Mem:79.60M, Peak:79.60M | Scene, ViewLayer | Sample 0/256
Fra:1 Mem:101.79M (Peak 108.28M) | Time:00:00.37 | Remaining:00:00.33 | Mem:79.63M, Peak:79.63M | Scene, ViewLayer | Sample 1/256
Fra:1 Mem:101.79M (Peak 108.28M) | Time:00:00.41 | Remaining:00:00.27 | Mem:79.63M, Peak:79.63M | Scene, ViewLayer | Sample 32/256
Fra:1 Mem:101.79M (Peak 108.28M) | Time:00:00.41 | Remaining:00:00.17 | Mem:79.63M, Peak:79.63M | Scene, ViewLayer | Sample 48/256
Fra:1 Mem:101.79M (Peak 108.28M) | Time:00:00.41 | Remaining:00:00.12 | Mem:79.63M, Peak:79.63M | Scene, ViewLayer | Sample 64/256
Fra:1 Mem:101.86M (Peak 108.28M) | Time:00:00.41 | Remaining:00:00.12 | Mem:79.63M, Peak:79.63M | Scene, ViewLayer | Sample 0/256
Fra:1 Mem:101.86M (Peak 108.28M) | Time:00:00.41 | Remaining:00:00.12 | Mem:79.63M, Peak:79.63M | Scene, ViewLayer | Finished
Saved: 'C:\Users\usman_pyywgw5\Downloads\fyp\out\sim\tmp\s000027\lwir_neg2.exr'
Time: 00:00.41 (Saving: 00:00.00)

    lwir neg2    crop 21x24 px @2x: 0.4s
Fra:1 Mem:100.85M (Peak 101.73M) | Time:00:00.00 | Mem:79.63M, Peak:79.63M | Scene, ViewLayer | Synchronizing object | structures
Fra:1 Mem:100.86M (Peak 101.73M) | Time:00:00.00 | Mem:79.63M, Peak:79.63M | Scene, ViewLayer | Synchronizing object | ground
Fra:1 Mem:102.85M (Peak 103.24M) | Time:00:00.00 | Mem:79.63M, Peak:79.63M | Scene, ViewLayer | Initializing
Fra:1 Mem:100.32M (Peak 103.24M) | Time:00:00.00 | Mem:79.63M, Peak:79.63M | Scene, ViewLayer | Waiting for render to start
Fra:1 Mem:100.32M (Peak 103.24M) | Time:00:00.00 | Mem:79.63M, Peak:79.63M | Scene, ViewLayer | Loading render kernels (may take a few minutes the first time)
Fra:1 Mem:100.32M (Peak 103.24M) | Time:00:00.00 | Mem:79.63M, Peak:79.63M | Scene, ViewLayer | Updating Scene
Fra:1 Mem:100.32M (Peak 103.24M) | Time:00:00.00 | Mem:79.63M, Peak:79.63M | Scene, ViewLayer | Updating Shaders
Fra:1 Mem:100.32M (Peak 103.24M) | Time:00:00.00 | Mem:79.63M, Peak:79.63M | Scene, ViewLayer | Updating Procedurals
Fra:1 Mem:100.32M (Peak 103.24M) | Time:00:00.00 | Mem:79.63M, Peak:79.63M | Scene, ViewLayer | Updating Background
Fra:1 Mem:100.32M (Peak 103.24M) | Time:00:00.00 | Mem:79.63M, Peak:79.63M | Scene, ViewLayer | Updating Camera
Fra:1 Mem:100.32M (Peak 103.24M) | Time:00:00.00 | Mem:79.63M, Peak:79.63M | Scene, ViewLayer | Updating Meshes Flags
Fra:1 Mem:100.32M (Peak 103.24M) | Time:00:00.00 | Mem:76.05M, Peak:79.63M | Scene, ViewLayer | Updating Objects
Fra:1 Mem:100.32M (Peak 103.24M) | Time:00:00.00 | Mem:76.05M, Peak:79.63M | Scene, ViewLayer | Updating Objects | Copying Transformations to device
Fra:1 Mem:100.32M (Peak 103.24M) | Time:00:00.00 | Mem:76.05M, Peak:79.63M | Scene, ViewLayer | Updating Objects | Applying Static Transformations
Fra:1 Mem:100.32M (Peak 103.24M) | Time:00:00.00 | Mem:76.05M, Peak:79.63M | Scene, ViewLayer | Updating Particle Systems
Fra:1 Mem:100.32M (Peak 103.24M) | Time:00:00.00 | Mem:76.05M, Peak:79.63M | Scene, ViewLayer | Updating Meshes
Fra:1 Mem:99.23M (Peak 103.24M) | Time:00:00.00 | Mem:74.18M, Peak:79.63M | Scene, ViewLayer | Updating Mesh | Computing attributes
Fra:1 Mem:99.52M (Peak 103.24M) | Time:00:00.00 | Mem:74.18M, Peak:79.63M | Scene, ViewLayer | Updating Mesh | Copying Attributes to device
Fra:1 Mem:99.52M (Peak 103.24M) | Time:00:00.00 | Mem:74.48M, Peak:79.63M | Scene, ViewLayer | Updating Scene BVH | Building
Fra:1 Mem:99.52M (Peak 103.24M) | Time:00:00.00 | Mem:74.48M, Peak:79.63M | Scene, ViewLayer | Updating Scene BVH | Building BVH
Fra:1 Mem:99.52M (Peak 103.24M) | Time:00:00.00 | Mem:76.03M, Peak:79.63M | Scene, ViewLayer | Updating Scene BVH | Building BVH 0%
Fra:1 Mem:99.52M (Peak 103.24M) | Time:00:00.01 | Mem:77.88M, Peak:79.63M | Scene, ViewLayer | Updating Scene BVH | Copying BVH to device
Fra:1 Mem:99.52M (Peak 103.24M) | Time:00:00.01 | Mem:77.88M, Peak:79.63M | Scene, ViewLayer | Updating Mesh | Computing normals
Fra:1 Mem:101.28M (Peak 103.24M) | Time:00:00.02 | Mem:77.88M, Peak:79.63M | Scene, ViewLayer | Updating Mesh | Copying Mesh to device
Fra:1 Mem:101.28M (Peak 103.24M) | Time:00:00.02 | Mem:79.63M, Peak:79.63M | Scene, ViewLayer | Updating Objects Flags
Fra:1 Mem:101.28M (Peak 103.24M) | Time:00:00.02 | Mem:79.63M, Peak:79.63M | Scene, ViewLayer | Updating Primitive Offsets
Fra:1 Mem:101.28M (Peak 103.24M) | Time:00:00.02 | Mem:79.63M, Peak:79.63M | Scene, ViewLayer | Updating Images
Fra:1 Mem:101.28M (Peak 103.24M) | Time:00:00.02 | Mem:79.63M, Peak:79.63M | Scene, ViewLayer | Updating Images | Loading sky_nishita
Fra:1 Mem:102.24M (Peak 103.24M) | Time:00:00.40 | Mem:80.60M, Peak:80.60M | Scene, ViewLayer | Updating Camera Volume
Fra:1 Mem:102.24M (Peak 103.24M) | Time:00:00.40 | Mem:80.60M, Peak:80.60M | Scene, ViewLayer | Updating Lookup Tables
Fra:1 Mem:102.24M (Peak 103.24M) | Time:00:00.40 | Mem:80.60M, Peak:80.60M | Scene, ViewLayer | Updating Lights
Fra:1 Mem:28.30M (Peak 103.24M) | Time:00:00.41 | Mem:6.65M, Peak:80.60M | Scene, ViewLayer | Updating Lights | Importance map
Fra:1 Mem:92.33M (Peak 380.30M) | Time:00:02.79 | Mem:70.68M, Peak:230.65M | Scene, ViewLayer | Updating Lights | Computing tree
Fra:1 Mem:92.33M (Peak 380.30M) | Time:00:02.79 | Mem:70.68M, Peak:230.65M | Scene, ViewLayer | Updating Integrator
Fra:1 Mem:92.33M (Peak 380.30M) | Time:00:02.79 | Mem:70.68M, Peak:230.65M | Scene, ViewLayer | Updating Film
Fra:1 Mem:92.33M (Peak 380.30M) | Time:00:02.79 | Mem:70.60M, Peak:230.65M | Scene, ViewLayer | Updating Lookup Tables
Fra:1 Mem:92.33M (Peak 380.30M) | Time:00:02.79 | Mem:70.68M, Peak:230.65M | Scene, ViewLayer | Updating Baking
Fra:1 Mem:92.33M (Peak 380.30M) | Time:00:02.79 | Mem:70.68M, Peak:230.65M | Scene, ViewLayer | Updating Device | Writing constant memory
Fra:1 Mem:92.33M (Peak 380.30M) | Time:00:02.79 | Mem:70.68M, Peak:230.65M | Scene, ViewLayer | Sample 0/256
Fra:1 Mem:157.23M (Peak 380.30M) | Time:00:05.26 | Remaining:10:29.72 | Mem:135.58M, Peak:230.65M | Scene, ViewLayer | Sample 1/256
Fra:1 Mem:157.23M (Peak 380.30M) | Time:00:47.66 | Remaining:10:30.87 | Mem:135.58M, Peak:230.65M | Scene, ViewLayer | Sample 17/256
Fra:1 Mem:157.23M (Peak 380.30M) | Time:01:22.50 | Remaining:09:17.93 | Mem:135.58M, Peak:230.65M | Scene, ViewLayer | Sample 32/256
Fra:1 Mem:157.23M (Peak 380.30M) | Time:01:24.28 | Remaining:05:53.11 | Mem:135.58M, Peak:230.65M | Scene, ViewLayer | Sample 48/256
Fra:1 Mem:157.23M (Peak 380.30M) | Time:01:25.92 | Remaining:04:09.37 | Mem:135.58M, Peak:230.65M | Scene, ViewLayer | Sample 64/256
Fra:1 Mem:157.23M (Peak 380.30M) | Time:01:27.80 | Remaining:03:07.01 | Mem:135.58M, Peak:230.65M | Scene, ViewLayer | Sample 80/256
Fra:1 Mem:157.23M (Peak 380.30M) | Time:01:29.41 | Remaining:02:24.36 | Mem:135.58M, Peak:230.65M | Scene, ViewLayer | Sample 96/256
Fra:1 Mem:157.23M (Peak 380.30M) | Time:01:31.04 | Remaining:01:53.46 | Mem:135.58M, Peak:230.65M | Scene, ViewLayer | Sample 112/256
Fra:1 Mem:157.23M (Peak 380.30M) | Time:01:32.63 | Remaining:01:29.84 | Mem:135.58M, Peak:230.65M | Scene, ViewLayer | Sample 128/256
Fra:1 Mem:157.23M (Peak 380.30M) | Time:01:34.18 | Remaining:01:11.07 | Mem:135.58M, Peak:230.65M | Scene, ViewLayer | Sample 144/256
Fra:1 Mem:157.23M (Peak 380.30M) | Time:01:35.94 | Remaining:00:55.89 | Mem:135.58M, Peak:230.65M | Scene, ViewLayer | Sample 160/256
Fra:1 Mem:157.23M (Peak 380.30M) | Time:01:37.51 | Remaining:00:43.05 | Mem:135.58M, Peak:230.65M | Scene, ViewLayer | Sample 176/256
Fra:1 Mem:157.23M (Peak 380.30M) | Time:01:39.10 | Remaining:00:32.10 | Mem:135.58M, Peak:230.65M | Scene, ViewLayer | Sample 192/256
Fra:1 Mem:157.23M (Peak 380.30M) | Time:01:40.68 | Remaining:00:22.58 | Mem:135.58M, Peak:230.65M | Scene, ViewLayer | Sample 208/256
Fra:1 Mem:157.23M (Peak 380.30M) | Time:01:42.36 | Remaining:00:14.22 | Mem:135.58M, Peak:230.65M | Scene, ViewLayer | Sample 224/256
Fra:1 Mem:157.23M (Peak 380.30M) | Time:01:43.92 | Remaining:00:06.74 | Mem:135.58M, Peak:230.65M | Scene, ViewLayer | Sample 240/256
Fra:1 Mem:197.23M (Peak 380.30M) | Time:01:45.69 | Mem:135.58M, Peak:230.65M | Scene, ViewLayer | Sample 256/256
Fra:1 Mem:197.23M (Peak 380.30M) | Time:01:45.69 | Mem:135.58M, Peak:230.65M | Scene, ViewLayer | Finished
Saved: 'C:\Users\usman_pyywgw5\Downloads\fyp\out\sim\tmp\s000027\swir_bg.exr'
Time: 01:45.94 (Saving: 00:00.25)

    swir background 1280x1024: 108.1s
Fra:1 Mem:157.00M (Peak 157.17M) | Time:00:00.00 | Mem:135.58M, Peak:135.58M | Scene, ViewLayer | Initializing
Fra:1 Mem:154.22M (Peak 157.17M) | Time:00:00.00 | Mem:135.58M, Peak:135.58M | Scene, ViewLayer | Waiting for render to start
Fra:1 Mem:154.22M (Peak 157.17M) | Time:00:00.00 | Mem:135.58M, Peak:135.58M | Scene, ViewLayer | Updating Scene
Fra:1 Mem:154.22M (Peak 157.17M) | Time:00:00.00 | Mem:135.58M, Peak:135.58M | Scene, ViewLayer | Updating Shaders
Fra:1 Mem:154.22M (Peak 157.17M) | Time:00:00.00 | Mem:135.58M, Peak:135.58M | Scene, ViewLayer | Updating Background
Fra:1 Mem:154.22M (Peak 157.17M) | Time:00:00.00 | Mem:135.58M, Peak:135.58M | Scene, ViewLayer | Updating Camera
Fra:1 Mem:154.22M (Peak 157.17M) | Time:00:00.00 | Mem:135.58M, Peak:135.58M | Scene, ViewLayer | Updating Meshes Flags
Fra:1 Mem:154.22M (Peak 157.17M) | Time:00:00.00 | Mem:132.18M, Peak:135.58M | Scene, ViewLayer | Updating Objects
Fra:1 Mem:154.22M (Peak 157.17M) | Time:00:00.00 | Mem:132.18M, Peak:135.58M | Scene, ViewLayer | Updating Particle Systems
Fra:1 Mem:154.22M (Peak 157.17M) | Time:00:00.00 | Mem:132.18M, Peak:135.58M | Scene, ViewLayer | Updating Meshes
Fra:1 Mem:152.18M (Peak 157.17M) | Time:00:00.00 | Mem:130.14M, Peak:135.58M | Scene, ViewLayer | Updating Mesh | Computing attributes
Fra:1 Mem:152.18M (Peak 157.17M) | Time:00:00.00 | Mem:130.14M, Peak:135.58M | Scene, ViewLayer | Updating Mesh | Copying Attributes to device
Fra:1 Mem:152.18M (Peak 157.17M) | Time:00:00.00 | Mem:130.14M, Peak:135.58M | Scene, ViewLayer | Updating Scene BVH | Building
Fra:1 Mem:152.18M (Peak 157.17M) | Time:00:00.00 | Mem:130.14M, Peak:135.58M | Scene, ViewLayer | Updating Scene BVH | Building BVH
Fra:1 Mem:152.18M (Peak 157.17M) | Time:00:00.00 | Mem:130.14M, Peak:135.58M | Scene, ViewLayer | Updating Scene BVH | Copying BVH to device
Fra:1 Mem:152.18M (Peak 157.17M) | Time:00:00.00 | Mem:130.14M, Peak:135.58M | Scene, ViewLayer | Updating Objects Flags
Fra:1 Mem:152.18M (Peak 157.17M) | Time:00:00.00 | Mem:130.14M, Peak:135.58M | Scene, ViewLayer | Updating Primitive Offsets
Fra:1 Mem:152.18M (Peak 157.17M) | Time:00:00.00 | Mem:130.14M, Peak:135.58M | Scene, ViewLayer | Updating Images
Fra:1 Mem:152.18M (Peak 157.17M) | Time:00:00.00 | Mem:130.14M, Peak:135.58M | Scene, ViewLayer | Updating Camera Volume
Fra:1 Mem:152.18M (Peak 157.17M) | Time:00:00.00 | Mem:130.14M, Peak:135.58M | Scene, ViewLayer | Updating Lookup Tables
Fra:1 Mem:152.18M (Peak 157.17M) | Time:00:00.00 | Mem:130.14M, Peak:135.58M | Scene, ViewLayer | Updating Lights
Fra:1 Mem:152.17M (Peak 157.17M) | Time:00:00.00 | Mem:130.14M, Peak:135.58M | Scene, ViewLayer | Updating Lights | Computing tree
Fra:1 Mem:152.18M (Peak 157.17M) | Time:00:00.00 | Mem:130.14M, Peak:135.58M | Scene, ViewLayer | Updating Integrator
Fra:1 Mem:152.18M (Peak 157.17M) | Time:00:00.00 | Mem:130.14M, Peak:135.58M | Scene, ViewLayer | Updating Film
Fra:1 Mem:152.18M (Peak 157.17M) | Time:00:00.00 | Mem:130.14M, Peak:135.58M | Scene, ViewLayer | Updating Lookup Tables
Fra:1 Mem:152.18M (Peak 157.17M) | Time:00:00.00 | Mem:130.14M, Peak:135.58M | Scene, ViewLayer | Updating Baking
Fra:1 Mem:152.18M (Peak 157.17M) | Time:00:00.00 | Mem:130.14M, Peak:135.58M | Scene, ViewLayer | Updating Device | Writing constant memory
Fra:1 Mem:152.18M (Peak 157.17M) | Time:00:00.00 | Mem:130.14M, Peak:135.58M | Scene, ViewLayer | Sample 0/8
Fra:1 Mem:87.19M (Peak 157.17M) | Time:00:00.01 | Remaining:00:00.10 | Mem:65.15M, Peak:135.58M | Scene, ViewLayer | Sample 1/8
Fra:1 Mem:87.21M (Peak 157.17M) | Time:00:00.02 | Mem:65.15M, Peak:135.58M | Scene, ViewLayer | Sample 8/8
Fra:1 Mem:87.21M (Peak 157.17M) | Time:00:00.02 | Mem:65.15M, Peak:135.58M | Scene, ViewLayer | Finished
Saved: 'C:\Users\usman_pyywgw5\Downloads\fyp\out\sim\tmp\s000027\swir_probe.exr'
Time: 00:00.02 (Saving: 00:00.00)

Fra:1 Mem:88.39M (Peak 88.39M) | Time:00:00.00 | Mem:65.15M, Peak:65.15M | Scene, ViewLayer | Synchronizing object | ground
Fra:1 Mem:88.39M (Peak 88.39M) | Time:00:00.00 | Mem:65.15M, Peak:65.15M | Scene, ViewLayer | Synchronizing object | neg2
Fra:1 Mem:88.39M (Peak 88.39M) | Time:00:00.01 | Mem:65.15M, Peak:65.15M | Scene, ViewLayer | Synchronizing object | neg1
Fra:1 Mem:89.61M (Peak 89.61M) | Time:00:00.01 | Mem:65.15M, Peak:65.15M | Scene, ViewLayer | Synchronizing object | neg0
Fra:1 Mem:89.61M (Peak 89.61M) | Time:00:00.01 | Mem:65.15M, Peak:65.15M | Scene, ViewLayer | Synchronizing object | KAL
Fra:1 Mem:90.57M (Peak 90.57M) | Time:00:00.01 | Mem:65.15M, Peak:65.15M | Scene, ViewLayer | Synchronizing object | structures
Fra:1 Mem:90.58M (Peak 90.58M) | Time:00:00.01 | Mem:65.15M, Peak:65.15M | Scene, ViewLayer | Initializing
Fra:1 Mem:90.58M (Peak 90.58M) | Time:00:00.01 | Mem:65.15M, Peak:65.15M | Scene, ViewLayer | Updating Images | Loading decal_atlas.png
Fra:1 Mem:106.58M (Peak 138.59M) | Time:00:00.19 | Mem:81.15M, Peak:81.15M | Scene, ViewLayer | Waiting for render to start
Fra:1 Mem:106.58M (Peak 138.59M) | Time:00:00.19 | Mem:81.15M, Peak:81.15M | Scene, ViewLayer | Loading render kernels (may take a few minutes the first time)
Fra:1 Mem:106.58M (Peak 138.59M) | Time:00:00.19 | Mem:81.15M, Peak:81.15M | Scene, ViewLayer | Updating Scene
Fra:1 Mem:106.58M (Peak 138.59M) | Time:00:00.19 | Mem:81.15M, Peak:81.15M | Scene, ViewLayer | Updating Shaders
Fra:1 Mem:106.59M (Peak 138.59M) | Time:00:00.19 | Mem:81.16M, Peak:81.16M | Scene, ViewLayer | Updating Procedurals
Fra:1 Mem:106.59M (Peak 138.59M) | Time:00:00.19 | Mem:81.16M, Peak:81.16M | Scene, ViewLayer | Updating Background
Fra:1 Mem:106.59M (Peak 138.59M) | Time:00:00.19 | Mem:81.16M, Peak:81.16M | Scene, ViewLayer | Updating Camera
Fra:1 Mem:106.59M (Peak 138.59M) | Time:00:00.19 | Mem:81.08M, Peak:81.16M | Scene, ViewLayer | Updating Meshes Flags
Fra:1 Mem:106.59M (Peak 138.59M) | Time:00:00.19 | Mem:81.08M, Peak:81.16M | Scene, ViewLayer | Updating Objects
Fra:1 Mem:106.59M (Peak 138.59M) | Time:00:00.19 | Mem:81.08M, Peak:81.16M | Scene, ViewLayer | Updating Objects | Copying Transformations to device
Fra:1 Mem:106.59M (Peak 138.59M) | Time:00:00.19 | Mem:81.08M, Peak:81.16M | Scene, ViewLayer | Updating Objects | Applying Static Transformations
Fra:1 Mem:106.59M (Peak 138.59M) | Time:00:00.19 | Mem:81.08M, Peak:81.16M | Scene, ViewLayer | Updating Particle Systems
Fra:1 Mem:106.59M (Peak 138.59M) | Time:00:00.19 | Mem:81.08M, Peak:81.16M | Scene, ViewLayer | Updating Meshes
Fra:1 Mem:107.41M (Peak 138.59M) | Time:00:00.19 | Mem:81.08M, Peak:81.16M | Scene, ViewLayer | Updating Mesh | Computing attributes
Fra:1 Mem:107.78M (Peak 138.59M) | Time:00:00.19 | Mem:81.08M, Peak:81.16M | Scene, ViewLayer | Updating Mesh | Copying Attributes to device
Fra:1 Mem:107.78M (Peak 138.59M) | Time:00:00.19 | Mem:81.46M, Peak:81.46M | Scene, ViewLayer | Updating Geometry BVH neg2 4/4 | Building BVH
Fra:1 Mem:107.78M (Peak 138.59M) | Time:00:00.19 | Mem:81.46M, Peak:81.46M | Scene, ViewLayer | Updating Geometry BVH neg2 4/4 | Building BVH 0%
Fra:1 Mem:107.78M (Peak 138.59M) | Time:00:00.19 | Mem:81.46M, Peak:81.46M | Scene, ViewLayer | Updating Geometry BVH neg1 3/4 | Building BVH
Fra:1 Mem:107.78M (Peak 138.59M) | Time:00:00.19 | Mem:81.64M, Peak:81.71M | Scene, ViewLayer | Updating Scene BVH | Building
Fra:1 Mem:107.78M (Peak 138.59M) | Time:00:00.19 | Mem:81.64M, Peak:81.71M | Scene, ViewLayer | Updating Scene BVH | Building BVH
Fra:1 Mem:107.78M (Peak 138.59M) | Time:00:00.22 | Mem:85.04M, Peak:86.59M | Scene, ViewLayer | Updating Scene BVH | Copying BVH to device
Fra:1 Mem:107.78M (Peak 138.59M) | Time:00:00.22 | Mem:85.04M, Peak:86.59M | Scene, ViewLayer | Updating Mesh | Computing normals
Fra:1 Mem:109.64M (Peak 138.59M) | Time:00:00.22 | Mem:85.04M, Peak:86.59M | Scene, ViewLayer | Updating Mesh | Copying Mesh to device
Fra:1 Mem:109.64M (Peak 138.59M) | Time:00:00.22 | Mem:86.90M, Peak:86.90M | Scene, ViewLayer | Updating Objects Flags
Fra:1 Mem:109.64M (Peak 138.59M) | Time:00:00.22 | Mem:86.90M, Peak:86.90M | Scene, ViewLayer | Updating Primitive Offsets
Fra:1 Mem:109.64M (Peak 138.59M) | Time:00:00.22 | Mem:86.90M, Peak:86.90M | Scene, ViewLayer | Updating Images
Fra:1 Mem:109.64M (Peak 138.59M) | Time:00:00.22 | Mem:86.90M, Peak:86.90M | Scene, ViewLayer | Updating Camera Volume
Fra:1 Mem:109.64M (Peak 138.59M) | Time:00:00.22 | Mem:86.90M, Peak:86.90M | Scene, ViewLayer | Updating Lookup Tables
Fra:1 Mem:109.64M (Peak 138.59M) | Time:00:00.22 | Mem:86.99M, Peak:86.99M | Scene, ViewLayer | Updating Lights
Fra:1 Mem:109.64M (Peak 138.59M) | Time:00:00.22 | Mem:86.99M, Peak:86.99M | Scene, ViewLayer | Updating Lights | Computing tree
Fra:1 Mem:109.64M (Peak 138.59M) | Time:00:00.22 | Mem:86.99M, Peak:86.99M | Scene, ViewLayer | Updating Integrator
Fra:1 Mem:109.64M (Peak 138.59M) | Time:00:00.22 | Mem:86.99M, Peak:86.99M | Scene, ViewLayer | Updating Film
Fra:1 Mem:109.64M (Peak 138.59M) | Time:00:00.22 | Mem:86.99M, Peak:86.99M | Scene, ViewLayer | Updating Lookup Tables
Fra:1 Mem:109.64M (Peak 138.59M) | Time:00:00.22 | Mem:86.99M, Peak:86.99M | Scene, ViewLayer | Updating Baking
Fra:1 Mem:109.64M (Peak 138.59M) | Time:00:00.22 | Mem:86.99M, Peak:86.99M | Scene, ViewLayer | Updating Device | Writing constant memory
Fra:1 Mem:109.64M (Peak 138.59M) | Time:00:00.22 | Mem:86.99M, Peak:86.99M | Scene, ViewLayer | Sample 0/256
Fra:1 Mem:109.75M (Peak 138.59M) | Time:00:00.24 | Remaining:00:03.52 | Mem:87.10M, Peak:87.10M | Scene, ViewLayer | Sample 1/256
Fra:1 Mem:109.75M (Peak 138.59M) | Time:00:00.33 | Remaining:00:00.74 | Mem:87.10M, Peak:87.10M | Scene, ViewLayer | Sample 32/256
Fra:1 Mem:109.75M (Peak 138.59M) | Time:00:00.36 | Remaining:00:00.59 | Mem:87.10M, Peak:87.10M | Scene, ViewLayer | Sample 48/256
Fra:1 Mem:109.75M (Peak 138.59M) | Time:00:00.39 | Remaining:00:00.49 | Mem:87.10M, Peak:87.10M | Scene, ViewLayer | Sample 64/256
Fra:1 Mem:109.75M (Peak 138.59M) | Time:00:00.43 | Remaining:00:00.45 | Mem:87.10M, Peak:87.10M | Scene, ViewLayer | Sample 80/256
Fra:1 Mem:109.75M (Peak 138.59M) | Time:00:00.46 | Remaining:00:00.39 | Mem:87.10M, Peak:87.10M | Scene, ViewLayer | Sample 96/256
Fra:1 Mem:109.75M (Peak 138.59M) | Time:00:00.50 | Remaining:00:00.35 | Mem:87.10M, Peak:87.10M | Scene, ViewLayer | Sample 112/256
Fra:1 Mem:109.75M (Peak 138.59M) | Time:00:00.54 | Remaining:00:00.32 | Mem:87.10M, Peak:87.10M | Scene, ViewLayer | Sample 128/256
Fra:1 Mem:109.75M (Peak 138.59M) | Time:00:00.58 | Remaining:00:00.27 | Mem:87.10M, Peak:87.10M | Scene, ViewLayer | Sample 144/256
Fra:1 Mem:109.75M (Peak 138.59M) | Time:00:00.61 | Remaining:00:00.23 | Mem:87.10M, Peak:87.10M | Scene, ViewLayer | Sample 160/256
Fra:1 Mem:109.75M (Peak 138.59M) | Time:00:00.64 | Remaining:00:00.19 | Mem:87.10M, Peak:87.10M | Scene, ViewLayer | Sample 176/256
Fra:1 Mem:109.75M (Peak 138.59M) | Time:00:00.70 | Remaining:00:00.15 | Mem:87.10M, Peak:87.10M | Scene, ViewLayer | Sample 192/256
Fra:1 Mem:109.75M (Peak 138.59M) | Time:00:00.75 | Remaining:00:00.12 | Mem:87.10M, Peak:87.10M | Scene, ViewLayer | Sample 208/256
Fra:1 Mem:109.75M (Peak 138.59M) | Time:00:00.83 | Remaining:00:00.08 | Mem:87.10M, Peak:87.10M | Scene, ViewLayer | Sample 224/256
Fra:1 Mem:109.75M (Peak 138.59M) | Time:00:00.86 | Remaining:00:00.04 | Mem:87.10M, Peak:87.10M | Scene, ViewLayer | Sample 240/256
Fra:1 Mem:109.84M (Peak 138.59M) | Time:00:00.91 | Mem:87.10M, Peak:87.10M | Scene, ViewLayer | Sample 256/256
Fra:1 Mem:109.84M (Peak 138.59M) | Time:00:00.91 | Mem:87.10M, Peak:87.10M | Scene, ViewLayer | Finished
Saved: 'C:\Users\usman_pyywgw5\Downloads\fyp\out\sim\tmp\s000027\swir_target.exr'
Time: 00:00.91 (Saving: 00:00.00)

    swir target  crop 30x21 px @2x: 1.0s
Fra:1 Mem:109.76M (Peak 109.76M) | Time:00:00.00 | Mem:87.10M, Peak:87.10M | Scene, ViewLayer | Synchronizing object | structures
Fra:1 Mem:109.76M (Peak 109.76M) | Time:00:00.00 | Mem:87.10M, Peak:87.10M | Scene, ViewLayer | Synchronizing object | ground
Fra:1 Mem:108.98M (Peak 110.92M) | Time:00:00.00 | Mem:87.10M, Peak:87.10M | Scene, ViewLayer | Initializing
Fra:1 Mem:108.98M (Peak 110.92M) | Time:00:00.00 | Mem:87.10M, Peak:87.10M | Scene, ViewLayer | Waiting for render to start
Fra:1 Mem:108.98M (Peak 110.92M) | Time:00:00.00 | Mem:87.10M, Peak:87.10M | Scene, ViewLayer | Updating Scene
Fra:1 Mem:108.98M (Peak 110.92M) | Time:00:00.00 | Mem:87.10M, Peak:87.10M | Scene, ViewLayer | Updating Shaders
Fra:1 Mem:108.98M (Peak 110.92M) | Time:00:00.00 | Mem:87.10M, Peak:87.10M | Scene, ViewLayer | Updating Background
Fra:1 Mem:108.98M (Peak 110.92M) | Time:00:00.00 | Mem:87.10M, Peak:87.10M | Scene, ViewLayer | Updating Camera
Fra:1 Mem:108.98M (Peak 110.92M) | Time:00:00.00 | Mem:87.10M, Peak:87.10M | Scene, ViewLayer | Updating Meshes Flags
Fra:1 Mem:108.98M (Peak 110.92M) | Time:00:00.00 | Mem:83.69M, Peak:87.10M | Scene, ViewLayer | Updating Objects
Fra:1 Mem:108.98M (Peak 110.92M) | Time:00:00.00 | Mem:83.69M, Peak:87.10M | Scene, ViewLayer | Updating Objects | Copying Transformations to device
Fra:1 Mem:108.98M (Peak 110.92M) | Time:00:00.00 | Mem:83.69M, Peak:87.10M | Scene, ViewLayer | Updating Objects | Applying Static Transformations
Fra:1 Mem:108.98M (Peak 110.92M) | Time:00:00.00 | Mem:83.69M, Peak:87.10M | Scene, ViewLayer | Updating Particle Systems
Fra:1 Mem:108.98M (Peak 110.92M) | Time:00:00.00 | Mem:83.69M, Peak:87.10M | Scene, ViewLayer | Updating Meshes
Fra:1 Mem:107.52M (Peak 110.92M) | Time:00:00.00 | Mem:81.46M, Peak:87.10M | Scene, ViewLayer | Updating Mesh | Computing attributes
Fra:1 Mem:107.89M (Peak 110.92M) | Time:00:00.00 | Mem:81.46M, Peak:87.10M | Scene, ViewLayer | Updating Mesh | Copying Attributes to device
Fra:1 Mem:107.89M (Peak 110.92M) | Time:00:00.00 | Mem:81.83M, Peak:87.10M | Scene, ViewLayer | Updating Scene BVH | Building
Fra:1 Mem:107.89M (Peak 110.92M) | Time:00:00.00 | Mem:81.83M, Peak:87.10M | Scene, ViewLayer | Updating Scene BVH | Building BVH
Fra:1 Mem:107.89M (Peak 110.92M) | Time:00:00.00 | Mem:83.38M, Peak:87.10M | Scene, ViewLayer | Updating Scene BVH | Building BVH 0%
Fra:1 Mem:107.89M (Peak 110.92M) | Time:00:00.03 | Mem:85.23M, Peak:87.10M | Scene, ViewLayer | Updating Scene BVH | Copying BVH to device
Fra:1 Mem:107.89M (Peak 110.92M) | Time:00:00.03 | Mem:85.23M, Peak:87.10M | Scene, ViewLayer | Updating Mesh | Computing normals
Fra:1 Mem:109.75M (Peak 110.92M) | Time:00:00.03 | Mem:85.23M, Peak:87.10M | Scene, ViewLayer | Updating Mesh | Copying Mesh to device
Fra:1 Mem:109.75M (Peak 110.92M) | Time:00:00.03 | Mem:87.10M, Peak:87.10M | Scene, ViewLayer | Updating Objects Flags
Fra:1 Mem:109.75M (Peak 110.92M) | Time:00:00.03 | Mem:87.10M, Peak:87.10M | Scene, ViewLayer | Updating Primitive Offsets
Fra:1 Mem:109.75M (Peak 110.92M) | Time:00:00.03 | Mem:87.10M, Peak:87.10M | Scene, ViewLayer | Updating Images
Fra:1 Mem:109.75M (Peak 110.92M) | Time:00:00.03 | Mem:87.10M, Peak:87.10M | Scene, ViewLayer | Updating Camera Volume
Fra:1 Mem:109.75M (Peak 110.92M) | Time:00:00.03 | Mem:87.10M, Peak:87.10M | Scene, ViewLayer | Updating Lookup Tables
Fra:1 Mem:109.75M (Peak 110.92M) | Time:00:00.03 | Mem:87.10M, Peak:87.10M | Scene, ViewLayer | Updating Lights
Fra:1 Mem:109.75M (Peak 110.92M) | Time:00:00.03 | Mem:87.10M, Peak:87.10M | Scene, ViewLayer | Updating Lights | Computing tree
Fra:1 Mem:109.75M (Peak 110.92M) | Time:00:00.03 | Mem:87.10M, Peak:87.10M | Scene, ViewLayer | Updating Integrator
Fra:1 Mem:109.75M (Peak 110.92M) | Time:00:00.03 | Mem:87.10M, Peak:87.10M | Scene, ViewLayer | Updating Film
Fra:1 Mem:109.75M (Peak 110.92M) | Time:00:00.03 | Mem:87.10M, Peak:87.10M | Scene, ViewLayer | Updating Lookup Tables
Fra:1 Mem:109.75M (Peak 110.92M) | Time:00:00.03 | Mem:87.10M, Peak:87.10M | Scene, ViewLayer | Updating Baking
Fra:1 Mem:109.75M (Peak 110.92M) | Time:00:00.03 | Mem:87.10M, Peak:87.10M | Scene, ViewLayer | Updating Device | Writing constant memory
Fra:1 Mem:109.75M (Peak 110.92M) | Time:00:00.03 | Mem:87.10M, Peak:87.10M | Scene, ViewLayer | Sample 0/256
Fra:1 Mem:109.75M (Peak 110.92M) | Time:00:00.04 | Remaining:00:00.48 | Mem:87.09M, Peak:87.10M | Scene, ViewLayer | Sample 1/256
Fra:1 Mem:109.75M (Peak 110.92M) | Time:00:00.07 | Remaining:00:00.23 | Mem:87.09M, Peak:87.10M | Scene, ViewLayer | Sample 32/256
Fra:1 Mem:109.82M (Peak 110.92M) | Time:00:00.07 | Remaining:00:00.23 | Mem:87.09M, Peak:87.10M | Scene, ViewLayer | Sample 0/256
Fra:1 Mem:109.82M (Peak 110.92M) | Time:00:00.07 | Remaining:00:00.23 | Mem:87.09M, Peak:87.10M | Scene, ViewLayer | Finished
Saved: 'C:\Users\usman_pyywgw5\Downloads\fyp\out\sim\tmp\s000027\swir_neg0.exr'
Time: 00:00.07 (Saving: 00:00.00)

    swir neg0    crop 27x22 px @2x: 0.1s
Fra:1 Mem:109.75M (Peak 109.75M) | Time:00:00.00 | Mem:87.09M, Peak:87.09M | Scene, ViewLayer | Synchronizing object | structures
Fra:1 Mem:109.75M (Peak 109.75M) | Time:00:00.00 | Mem:87.09M, Peak:87.09M | Scene, ViewLayer | Synchronizing object | ground
Fra:1 Mem:108.98M (Peak 110.91M) | Time:00:00.01 | Mem:87.09M, Peak:87.09M | Scene, ViewLayer | Initializing
Fra:1 Mem:108.97M (Peak 110.91M) | Time:00:00.01 | Mem:87.09M, Peak:87.09M | Scene, ViewLayer | Waiting for render to start
Fra:1 Mem:108.97M (Peak 110.91M) | Time:00:00.01 | Mem:87.09M, Peak:87.09M | Scene, ViewLayer | Updating Scene
Fra:1 Mem:108.97M (Peak 110.91M) | Time:00:00.01 | Mem:87.09M, Peak:87.09M | Scene, ViewLayer | Updating Shaders
Fra:1 Mem:108.97M (Peak 110.91M) | Time:00:00.01 | Mem:87.09M, Peak:87.09M | Scene, ViewLayer | Updating Background
Fra:1 Mem:108.97M (Peak 110.91M) | Time:00:00.01 | Mem:87.09M, Peak:87.09M | Scene, ViewLayer | Updating Camera
Fra:1 Mem:108.97M (Peak 110.91M) | Time:00:00.01 | Mem:87.09M, Peak:87.09M | Scene, ViewLayer | Updating Meshes Flags
Fra:1 Mem:108.97M (Peak 110.91M) | Time:00:00.01 | Mem:83.69M, Peak:87.09M | Scene, ViewLayer | Updating Objects
Fra:1 Mem:108.97M (Peak 110.91M) | Time:00:00.01 | Mem:83.69M, Peak:87.09M | Scene, ViewLayer | Updating Objects | Copying Transformations to device
Fra:1 Mem:108.97M (Peak 110.91M) | Time:00:00.01 | Mem:83.69M, Peak:87.09M | Scene, ViewLayer | Updating Objects | Applying Static Transformations
Fra:1 Mem:108.97M (Peak 110.91M) | Time:00:00.01 | Mem:83.69M, Peak:87.09M | Scene, ViewLayer | Updating Particle Systems
Fra:1 Mem:108.97M (Peak 110.91M) | Time:00:00.01 | Mem:83.69M, Peak:87.09M | Scene, ViewLayer | Updating Meshes
Fra:1 Mem:107.51M (Peak 110.91M) | Time:00:00.01 | Mem:81.45M, Peak:87.09M | Scene, ViewLayer | Updating Mesh | Computing attributes
Fra:1 Mem:107.89M (Peak 110.91M) | Time:00:00.01 | Mem:81.45M, Peak:87.09M | Scene, ViewLayer | Updating Mesh | Copying Attributes to device
Fra:1 Mem:107.88M (Peak 110.91M) | Time:00:00.01 | Mem:81.82M, Peak:87.09M | Scene, ViewLayer | Updating Scene BVH | Building
Fra:1 Mem:107.88M (Peak 110.91M) | Time:00:00.01 | Mem:81.82M, Peak:87.09M | Scene, ViewLayer | Updating Scene BVH | Building BVH
Fra:1 Mem:107.88M (Peak 110.91M) | Time:00:00.03 | Mem:85.23M, Peak:87.09M | Scene, ViewLayer | Updating Scene BVH | Copying BVH to device
Fra:1 Mem:107.88M (Peak 110.91M) | Time:00:00.03 | Mem:85.23M, Peak:87.09M | Scene, ViewLayer | Updating Mesh | Computing normals
Fra:1 Mem:109.75M (Peak 110.91M) | Time:00:00.03 | Mem:85.23M, Peak:87.09M | Scene, ViewLayer | Updating Mesh | Copying Mesh to device
Fra:1 Mem:109.75M (Peak 110.91M) | Time:00:00.03 | Mem:87.09M, Peak:87.09M | Scene, ViewLayer | Updating Objects Flags
Fra:1 Mem:109.75M (Peak 110.91M) | Time:00:00.03 | Mem:87.09M, Peak:87.09M | Scene, ViewLayer | Updating Primitive Offsets
Fra:1 Mem:109.75M (Peak 110.91M) | Time:00:00.03 | Mem:87.09M, Peak:87.09M | Scene, ViewLayer | Updating Images
Fra:1 Mem:109.75M (Peak 110.91M) | Time:00:00.03 | Mem:87.09M, Peak:87.09M | Scene, ViewLayer | Updating Camera Volume
Fra:1 Mem:109.75M (Peak 110.91M) | Time:00:00.03 | Mem:87.09M, Peak:87.09M | Scene, ViewLayer | Updating Lookup Tables
Fra:1 Mem:109.75M (Peak 110.91M) | Time:00:00.03 | Mem:87.09M, Peak:87.09M | Scene, ViewLayer | Updating Lights
Fra:1 Mem:109.75M (Peak 110.91M) | Time:00:00.03 | Mem:87.09M, Peak:87.09M | Scene, ViewLayer | Updating Lights | Computing tree
Fra:1 Mem:109.75M (Peak 110.91M) | Time:00:00.03 | Mem:87.09M, Peak:87.09M | Scene, ViewLayer | Updating Integrator
Fra:1 Mem:109.75M (Peak 110.91M) | Time:00:00.03 | Mem:87.09M, Peak:87.09M | Scene, ViewLayer | Updating Film
Fra:1 Mem:109.75M (Peak 110.91M) | Time:00:00.03 | Mem:87.09M, Peak:87.09M | Scene, ViewLayer | Updating Lookup Tables
Fra:1 Mem:109.75M (Peak 110.91M) | Time:00:00.03 | Mem:87.09M, Peak:87.09M | Scene, ViewLayer | Updating Baking
Fra:1 Mem:109.75M (Peak 110.91M) | Time:00:00.03 | Mem:87.09M, Peak:87.09M | Scene, ViewLayer | Updating Device | Writing constant memory
Fra:1 Mem:109.75M (Peak 110.91M) | Time:00:00.03 | Mem:87.09M, Peak:87.09M | Scene, ViewLayer | Sample 0/256
Fra:1 Mem:109.70M (Peak 110.91M) | Time:00:00.04 | Remaining:00:00.51 | Mem:87.04M, Peak:87.09M | Scene, ViewLayer | Sample 1/256
Fra:1 Mem:109.70M (Peak 110.91M) | Time:00:00.09 | Remaining:00:00.36 | Mem:87.04M, Peak:87.09M | Scene, ViewLayer | Sample 32/256
Fra:1 Mem:109.70M (Peak 110.91M) | Time:00:00.09 | Remaining:00:00.24 | Mem:87.04M, Peak:87.09M | Scene, ViewLayer | Sample 48/256
Fra:1 Mem:109.70M (Peak 110.91M) | Time:00:00.11 | Remaining:00:00.21 | Mem:87.04M, Peak:87.09M | Scene, ViewLayer | Sample 64/256
Fra:1 Mem:109.70M (Peak 110.91M) | Time:00:00.12 | Remaining:00:00.18 | Mem:87.04M, Peak:87.09M | Scene, ViewLayer | Sample 80/256
Fra:1 Mem:109.70M (Peak 110.91M) | Time:00:00.13 | Remaining:00:00.15 | Mem:87.04M, Peak:87.09M | Scene, ViewLayer | Sample 96/256
Fra:1 Mem:109.70M (Peak 110.91M) | Time:00:00.14 | Remaining:00:00.13 | Mem:87.04M, Peak:87.09M | Scene, ViewLayer | Sample 112/256
Fra:1 Mem:109.70M (Peak 110.91M) | Time:00:00.14 | Remaining:00:00.10 | Mem:87.04M, Peak:87.09M | Scene, ViewLayer | Sample 128/256
Fra:1 Mem:109.70M (Peak 110.91M) | Time:00:00.15 | Remaining:00:00.08 | Mem:87.04M, Peak:87.09M | Scene, ViewLayer | Sample 144/256
Fra:1 Mem:109.70M (Peak 110.91M) | Time:00:00.16 | Remaining:00:00.07 | Mem:87.04M, Peak:87.09M | Scene, ViewLayer | Sample 160/256
Fra:1 Mem:109.70M (Peak 110.91M) | Time:00:00.17 | Remaining:00:00.06 | Mem:87.04M, Peak:87.09M | Scene, ViewLayer | Sample 176/256
Fra:1 Mem:109.70M (Peak 110.91M) | Time:00:00.17 | Remaining:00:00.04 | Mem:87.04M, Peak:87.09M | Scene, ViewLayer | Sample 192/256
Fra:1 Mem:109.70M (Peak 110.91M) | Time:00:00.17 | Remaining:00:00.03 | Mem:87.04M, Peak:87.09M | Scene, ViewLayer | Sample 208/256
Fra:1 Mem:109.70M (Peak 110.91M) | Time:00:00.17 | Remaining:00:00.01 | Mem:87.04M, Peak:87.09M | Scene, ViewLayer | Sample 224/256
Fra:1 Mem:109.70M (Peak 110.91M) | Time:00:00.18 | Remaining:00:00.00 | Mem:87.04M, Peak:87.09M | Scene, ViewLayer | Sample 240/256
Fra:1 Mem:109.74M (Peak 110.91M) | Time:00:00.19 | Mem:87.04M, Peak:87.09M | Scene, ViewLayer | Sample 256/256
Fra:1 Mem:109.74M (Peak 110.91M) | Time:00:00.19 | Mem:87.04M, Peak:87.09M | Scene, ViewLayer | Finished
Saved: 'C:\Users\usman_pyywgw5\Downloads\fyp\out\sim\tmp\s000027\swir_neg1.exr'
Time: 00:00.19 (Saving: 00:00.00)

    swir neg1    crop 21x16 px @2x: 0.2s
Fra:1 Mem:109.70M (Peak 109.70M) | Time:00:00.00 | Mem:87.04M, Peak:87.04M | Scene, ViewLayer | Synchronizing object | structures
Fra:1 Mem:109.70M (Peak 109.70M) | Time:00:00.00 | Mem:87.04M, Peak:87.04M | Scene, ViewLayer | Synchronizing object | ground
Fra:1 Mem:108.93M (Peak 110.86M) | Time:00:00.00 | Mem:87.04M, Peak:87.04M | Scene, ViewLayer | Initializing
Fra:1 Mem:108.92M (Peak 110.86M) | Time:00:00.00 | Mem:87.04M, Peak:87.04M | Scene, ViewLayer | Waiting for render to start
Fra:1 Mem:108.92M (Peak 110.86M) | Time:00:00.00 | Mem:87.04M, Peak:87.04M | Scene, ViewLayer | Updating Scene
Fra:1 Mem:108.92M (Peak 110.86M) | Time:00:00.00 | Mem:87.04M, Peak:87.04M | Scene, ViewLayer | Updating Shaders
Fra:1 Mem:108.92M (Peak 110.86M) | Time:00:00.00 | Mem:87.04M, Peak:87.04M | Scene, ViewLayer | Updating Background
Fra:1 Mem:108.92M (Peak 110.86M) | Time:00:00.00 | Mem:87.04M, Peak:87.04M | Scene, ViewLayer | Updating Camera
Fra:1 Mem:108.92M (Peak 110.86M) | Time:00:00.00 | Mem:87.04M, Peak:87.04M | Scene, ViewLayer | Updating Meshes Flags
Fra:1 Mem:108.92M (Peak 110.86M) | Time:00:00.00 | Mem:83.64M, Peak:87.04M | Scene, ViewLayer | Updating Objects
Fra:1 Mem:108.92M (Peak 110.86M) | Time:00:00.00 | Mem:83.64M, Peak:87.04M | Scene, ViewLayer | Updating Objects | Copying Transformations to device
Fra:1 Mem:108.92M (Peak 110.86M) | Time:00:00.00 | Mem:83.64M, Peak:87.04M | Scene, ViewLayer | Updating Objects | Applying Static Transformations
Fra:1 Mem:108.92M (Peak 110.86M) | Time:00:00.00 | Mem:83.64M, Peak:87.04M | Scene, ViewLayer | Updating Particle Systems
Fra:1 Mem:108.92M (Peak 110.86M) | Time:00:00.00 | Mem:83.64M, Peak:87.04M | Scene, ViewLayer | Updating Meshes
Fra:1 Mem:107.46M (Peak 110.86M) | Time:00:00.00 | Mem:81.40M, Peak:87.04M | Scene, ViewLayer | Updating Mesh | Computing attributes
Fra:1 Mem:107.84M (Peak 110.86M) | Time:00:00.00 | Mem:81.40M, Peak:87.04M | Scene, ViewLayer | Updating Mesh | Copying Attributes to device
Fra:1 Mem:107.83M (Peak 110.86M) | Time:00:00.00 | Mem:81.77M, Peak:87.04M | Scene, ViewLayer | Updating Scene BVH | Building
Fra:1 Mem:107.83M (Peak 110.86M) | Time:00:00.00 | Mem:81.77M, Peak:87.04M | Scene, ViewLayer | Updating Scene BVH | Building BVH
Fra:1 Mem:107.83M (Peak 110.86M) | Time:00:00.00 | Mem:83.32M, Peak:87.04M | Scene, ViewLayer | Updating Scene BVH | Building BVH 0%
Fra:1 Mem:107.83M (Peak 110.86M) | Time:00:00.03 | Mem:85.17M, Peak:87.04M | Scene, ViewLayer | Updating Scene BVH | Copying BVH to device
Fra:1 Mem:107.83M (Peak 110.86M) | Time:00:00.03 | Mem:85.17M, Peak:87.04M | Scene, ViewLayer | Updating Mesh | Computing normals
Fra:1 Mem:109.70M (Peak 110.86M) | Time:00:00.03 | Mem:85.17M, Peak:87.04M | Scene, ViewLayer | Updating Mesh | Copying Mesh to device
Fra:1 Mem:109.70M (Peak 110.86M) | Time:00:00.03 | Mem:87.04M, Peak:87.04M | Scene, ViewLayer | Updating Objects Flags
Fra:1 Mem:109.70M (Peak 110.86M) | Time:00:00.03 | Mem:87.04M, Peak:87.04M | Scene, ViewLayer | Updating Primitive Offsets
Fra:1 Mem:109.70M (Peak 110.86M) | Time:00:00.03 | Mem:87.04M, Peak:87.04M | Scene, ViewLayer | Updating Images
Fra:1 Mem:109.70M (Peak 110.86M) | Time:00:00.03 | Mem:87.04M, Peak:87.04M | Scene, ViewLayer | Updating Camera Volume
Fra:1 Mem:109.70M (Peak 110.86M) | Time:00:00.03 | Mem:87.04M, Peak:87.04M | Scene, ViewLayer | Updating Lookup Tables
Fra:1 Mem:109.70M (Peak 110.86M) | Time:00:00.03 | Mem:87.04M, Peak:87.04M | Scene, ViewLayer | Updating Lights
Fra:1 Mem:109.70M (Peak 110.86M) | Time:00:00.03 | Mem:87.04M, Peak:87.04M | Scene, ViewLayer | Updating Lights | Computing tree
Fra:1 Mem:109.70M (Peak 110.86M) | Time:00:00.03 | Mem:87.04M, Peak:87.04M | Scene, ViewLayer | Updating Integrator
Fra:1 Mem:109.70M (Peak 110.86M) | Time:00:00.03 | Mem:87.04M, Peak:87.04M | Scene, ViewLayer | Updating Film
Fra:1 Mem:109.70M (Peak 110.86M) | Time:00:00.03 | Mem:87.04M, Peak:87.04M | Scene, ViewLayer | Updating Lookup Tables
Fra:1 Mem:109.70M (Peak 110.86M) | Time:00:00.03 | Mem:87.04M, Peak:87.04M | Scene, ViewLayer | Updating Baking
Fra:1 Mem:109.70M (Peak 110.86M) | Time:00:00.03 | Mem:87.04M, Peak:87.04M | Scene, ViewLayer | Updating Device | Writing constant memory
Fra:1 Mem:109.70M (Peak 110.86M) | Time:00:00.03 | Mem:87.04M, Peak:87.04M | Scene, ViewLayer | Sample 0/256
Fra:1 Mem:109.73M (Peak 110.86M) | Time:00:00.04 | Remaining:00:02.66 | Mem:87.07M, Peak:87.07M | Scene, ViewLayer | Sample 1/256
Fra:1 Mem:109.73M (Peak 110.86M) | Time:00:00.08 | Remaining:00:00.37 | Mem:87.07M, Peak:87.07M | Scene, ViewLayer | Sample 32/256
Fra:1 Mem:109.73M (Peak 110.86M) | Time:00:00.10 | Remaining:00:00.29 | Mem:87.07M, Peak:87.07M | Scene, ViewLayer | Sample 48/256
Fra:1 Mem:109.73M (Peak 110.86M) | Time:00:00.12 | Remaining:00:00.27 | Mem:87.07M, Peak:87.07M | Scene, ViewLayer | Sample 64/256
Fra:1 Mem:109.73M (Peak 110.86M) | Time:00:00.13 | Remaining:00:00.22 | Mem:87.07M, Peak:87.07M | Scene, ViewLayer | Sample 80/256
Fra:1 Mem:109.73M (Peak 110.86M) | Time:00:00.14 | Remaining:00:00.18 | Mem:87.07M, Peak:87.07M | Scene, ViewLayer | Sample 96/256
Fra:1 Mem:109.73M (Peak 110.86M) | Time:00:00.17 | Remaining:00:00.17 | Mem:87.07M, Peak:87.07M | Scene, ViewLayer | Sample 112/256
Fra:1 Mem:109.73M (Peak 110.86M) | Time:00:00.18 | Remaining:00:00.14 | Mem:87.07M, Peak:87.07M | Scene, ViewLayer | Sample 128/256
Fra:1 Mem:109.73M (Peak 110.86M) | Time:00:00.18 | Remaining:00:00.11 | Mem:87.07M, Peak:87.07M | Scene, ViewLayer | Sample 144/256
Fra:1 Mem:109.73M (Peak 110.86M) | Time:00:00.19 | Remaining:00:00.09 | Mem:87.07M, Peak:87.07M | Scene, ViewLayer | Sample 160/256
Fra:1 Mem:109.73M (Peak 110.86M) | Time:00:00.19 | Remaining:00:00.07 | Mem:87.07M, Peak:87.07M | Scene, ViewLayer | Sample 176/256
Fra:1 Mem:109.73M (Peak 110.86M) | Time:00:00.20 | Remaining:00:00.05 | Mem:87.07M, Peak:87.07M | Scene, ViewLayer | Sample 192/256
Fra:1 Mem:109.73M (Peak 110.86M) | Time:00:00.20 | Remaining:00:00.03 | Mem:87.07M, Peak:87.07M | Scene, ViewLayer | Sample 208/256
Fra:1 Mem:109.73M (Peak 110.86M) | Time:00:00.20 | Remaining:00:00.02 | Mem:87.07M, Peak:87.07M | Scene, ViewLayer | Sample 224/256
Fra:1 Mem:109.73M (Peak 110.86M) | Time:00:00.20 | Remaining:00:00.01 | Mem:87.07M, Peak:87.07M | Scene, ViewLayer | Sample 240/256
Fra:1 Mem:109.79M (Peak 110.86M) | Time:00:00.21 | Mem:87.07M, Peak:87.07M | Scene, ViewLayer | Sample 256/256
Fra:1 Mem:109.79M (Peak 110.86M) | Time:00:00.21 | Mem:87.07M, Peak:87.07M | Scene, ViewLayer | Finished
Saved: 'C:\Users\usman_pyywgw5\Downloads\fyp\out\sim\tmp\s000027\swir_neg2.exr'
Time: 00:00.21 (Saving: 00:00.00)

    swir neg2    crop 21x24 px @2x: 0.2s
[s000027] done in 403.0s  calibration 2.9, build 0.8, rgb 274.9, lwir 11.0, swir 109.6, write 3.0
[s000037] train horizon dusk hfov 50 bin 4-8 (6.8 px @ 271 m) negatives ['small_uav', 'helicopter']
Fra:1 Mem:12.47M (Peak 12.47M) | Time:00:00.00 | Mem:0.00M, Peak:0.00M | Scene, ViewLayer | Synchronizing object | calib_plane
Fra:1 Mem:12.47M (Peak 12.47M) | Time:00:00.00 | Mem:0.00M, Peak:0.00M | Scene, ViewLayer | Initializing
Fra:1 Mem:12.31M (Peak 12.47M) | Time:00:00.00 | Mem:0.00M, Peak:0.00M | Scene, ViewLayer | Waiting for render to start
Fra:1 Mem:12.31M (Peak 12.47M) | Time:00:00.00 | Mem:0.00M, Peak:0.00M | Scene, ViewLayer | Loading render kernels (may take a few minutes the first time)
Fra:1 Mem:12.31M (Peak 12.47M) | Time:00:00.00 | Mem:0.00M, Peak:0.00M | Scene, ViewLayer | Updating Scene
Fra:1 Mem:12.31M (Peak 12.47M) | Time:00:00.00 | Mem:0.00M, Peak:0.00M | Scene, ViewLayer | Updating Shaders
Fra:1 Mem:12.39M (Peak 12.47M) | Time:00:00.00 | Mem:0.00M, Peak:0.00M | Scene, ViewLayer | Updating Procedurals
Fra:1 Mem:12.39M (Peak 12.47M) | Time:00:00.00 | Mem:0.00M, Peak:0.00M | Scene, ViewLayer | Updating Background
Fra:1 Mem:12.39M (Peak 12.47M) | Time:00:00.00 | Mem:0.00M, Peak:0.00M | Scene, ViewLayer | Updating Camera
Fra:1 Mem:12.39M (Peak 12.47M) | Time:00:00.00 | Mem:0.00M, Peak:0.00M | Scene, ViewLayer | Updating Meshes Flags
Fra:1 Mem:12.39M (Peak 12.47M) | Time:00:00.00 | Mem:0.00M, Peak:0.00M | Scene, ViewLayer | Updating Objects
Fra:1 Mem:12.39M (Peak 12.47M) | Time:00:00.00 | Mem:0.00M, Peak:0.00M | Scene, ViewLayer | Updating Objects | Copying Transformations to device
Fra:1 Mem:12.39M (Peak 12.47M) | Time:00:00.00 | Mem:0.00M, Peak:0.00M | Scene, ViewLayer | Updating Objects | Applying Static Transformations
Fra:1 Mem:12.39M (Peak 12.47M) | Time:00:00.00 | Mem:0.00M, Peak:0.00M | Scene, ViewLayer | Updating Particle Systems
Fra:1 Mem:12.39M (Peak 12.47M) | Time:00:00.00 | Mem:0.00M, Peak:0.00M | Scene, ViewLayer | Updating Particle Systems | Copying Particles to device
Fra:1 Mem:12.39M (Peak 12.47M) | Time:00:00.00 | Mem:0.00M, Peak:0.00M | Scene, ViewLayer | Updating Meshes
Fra:1 Mem:12.39M (Peak 12.47M) | Time:00:00.00 | Mem:0.00M, Peak:0.00M | Scene, ViewLayer | Updating Mesh | Computing attributes
Fra:1 Mem:12.39M (Peak 12.47M) | Time:00:00.00 | Mem:0.00M, Peak:0.00M | Scene, ViewLayer | Updating Mesh | Copying Attributes to device
Fra:1 Mem:12.39M (Peak 12.47M) | Time:00:00.00 | Mem:0.00M, Peak:0.00M | Scene, ViewLayer | Updating Scene BVH | Building
Fra:1 Mem:12.39M (Peak 12.47M) | Time:00:00.00 | Mem:0.00M, Peak:0.00M | Scene, ViewLayer | Updating Scene BVH | Building BVH
Fra:1 Mem:12.39M (Peak 12.47M) | Time:00:00.00 | Mem:0.00M, Peak:0.00M | Scene, ViewLayer | Updating Scene BVH | Building BVH 0%
Fra:1 Mem:12.39M (Peak 12.47M) | Time:00:00.00 | Mem:0.00M, Peak:0.00M | Scene, ViewLayer | Updating Scene BVH | Copying BVH to device
Fra:1 Mem:12.39M (Peak 12.47M) | Time:00:00.00 | Mem:0.00M, Peak:0.00M | Scene, ViewLayer | Updating Mesh | Computing normals
Fra:1 Mem:12.39M (Peak 12.47M) | Time:00:00.00 | Mem:0.00M, Peak:0.00M | Scene, ViewLayer | Updating Mesh | Copying Mesh to device
Fra:1 Mem:12.39M (Peak 12.47M) | Time:00:00.00 | Mem:0.00M, Peak:0.00M | Scene, ViewLayer | Updating Objects Flags
Fra:1 Mem:12.39M (Peak 12.47M) | Time:00:00.00 | Mem:0.00M, Peak:0.00M | Scene, ViewLayer | Updating Primitive Offsets
Fra:1 Mem:12.39M (Peak 12.47M) | Time:00:00.00 | Mem:0.00M, Peak:0.00M | Scene, ViewLayer | Updating Images
Fra:1 Mem:12.39M (Peak 12.47M) | Time:00:00.00 | Mem:0.00M, Peak:0.00M | Scene, ViewLayer | Updating Images | Loading sky_nishita
Fra:1 Mem:13.40M (Peak 13.40M) | Time:00:00.34 | Mem:1.00M, Peak:1.00M | Scene, ViewLayer | Updating Camera Volume
Fra:1 Mem:13.40M (Peak 13.40M) | Time:00:00.34 | Mem:1.00M, Peak:1.00M | Scene, ViewLayer | Updating Lookup Tables
Fra:1 Mem:13.40M (Peak 13.40M) | Time:00:00.34 | Mem:1.08M, Peak:1.08M | Scene, ViewLayer | Updating Lights
Fra:1 Mem:13.40M (Peak 13.40M) | Time:00:00.34 | Mem:1.08M, Peak:1.08M | Scene, ViewLayer | Updating Lights | Importance map
Fra:1 Mem:14.41M (Peak 18.90M) | Time:00:00.38 | Mem:2.10M, Peak:4.60M | Scene, ViewLayer | Updating Lights | Computing tree
Fra:1 Mem:14.41M (Peak 18.90M) | Time:00:00.38 | Mem:2.10M, Peak:4.60M | Scene, ViewLayer | Updating Integrator
Fra:1 Mem:14.41M (Peak 18.90M) | Time:00:00.38 | Mem:2.10M, Peak:4.60M | Scene, ViewLayer | Updating Film
Fra:1 Mem:14.41M (Peak 18.90M) | Time:00:00.38 | Mem:2.02M, Peak:4.60M | Scene, ViewLayer | Updating Lookup Tables
Fra:1 Mem:14.41M (Peak 18.90M) | Time:00:00.38 | Mem:2.10M, Peak:4.60M | Scene, ViewLayer | Updating Baking
Fra:1 Mem:14.41M (Peak 18.90M) | Time:00:00.38 | Mem:2.10M, Peak:4.60M | Scene, ViewLayer | Updating Device | Writing constant memory
Fra:1 Mem:14.41M (Peak 18.90M) | Time:00:00.38 | Mem:2.10M, Peak:4.60M | Scene, ViewLayer | Sample 0/256
Fra:1 Mem:14.43M (Peak 18.90M) | Time:00:00.38 | Remaining:00:00.15 | Mem:2.11M, Peak:4.60M | Scene, ViewLayer | Sample 1/256
Fra:1 Mem:14.43M (Peak 18.90M) | Time:00:00.42 | Mem:2.11M, Peak:4.60M | Scene, ViewLayer | Sample 256/256
Fra:1 Mem:14.43M (Peak 18.90M) | Time:00:00.42 | Mem:2.11M, Peak:4.60M | Scene, ViewLayer | Finished
Saved: 'C:\Users\usman_pyywgw5\AppData\Local\Temp\fyp_calib_16540_1.exr'
Time: 00:00.42 (Saving: 00:00.00)

Fra:1 Mem:12.48M (Peak 12.48M) | Time:00:00.00 | Mem:0.00M, Peak:0.00M | Scene, ViewLayer | Synchronizing object | calib_plane
Fra:1 Mem:12.48M (Peak 12.48M) | Time:00:00.00 | Mem:0.00M, Peak:0.00M | Scene, ViewLayer | Initializing
Fra:1 Mem:12.32M (Peak 12.48M) | Time:00:00.01 | Mem:0.00M, Peak:0.00M | Scene, ViewLayer | Waiting for render to start
Fra:1 Mem:12.32M (Peak 12.48M) | Time:00:00.01 | Mem:0.00M, Peak:0.00M | Scene, ViewLayer | Loading render kernels (may take a few minutes the first time)
Fra:1 Mem:12.32M (Peak 12.48M) | Time:00:00.01 | Mem:0.00M, Peak:0.00M | Scene, ViewLayer | Updating Scene
Fra:1 Mem:12.32M (Peak 12.48M) | Time:00:00.01 | Mem:0.00M, Peak:0.00M | Scene, ViewLayer | Updating Shaders
Fra:1 Mem:12.41M (Peak 12.48M) | Time:00:00.01 | Mem:0.00M, Peak:0.00M | Scene, ViewLayer | Updating Procedurals
Fra:1 Mem:12.41M (Peak 12.48M) | Time:00:00.01 | Mem:0.00M, Peak:0.00M | Scene, ViewLayer | Updating Background
Fra:1 Mem:12.41M (Peak 12.48M) | Time:00:00.01 | Mem:0.00M, Peak:0.00M | Scene, ViewLayer | Updating Camera
Fra:1 Mem:12.41M (Peak 12.48M) | Time:00:00.01 | Mem:0.00M, Peak:0.00M | Scene, ViewLayer | Updating Meshes Flags
Fra:1 Mem:12.41M (Peak 12.48M) | Time:00:00.01 | Mem:0.00M, Peak:0.00M | Scene, ViewLayer | Updating Objects
Fra:1 Mem:12.41M (Peak 12.48M) | Time:00:00.01 | Mem:0.00M, Peak:0.00M | Scene, ViewLayer | Updating Objects | Copying Transformations to device
Fra:1 Mem:12.41M (Peak 12.48M) | Time:00:00.01 | Mem:0.00M, Peak:0.00M | Scene, ViewLayer | Updating Objects | Applying Static Transformations
Fra:1 Mem:12.41M (Peak 12.48M) | Time:00:00.01 | Mem:0.00M, Peak:0.00M | Scene, ViewLayer | Updating Particle Systems
Fra:1 Mem:12.41M (Peak 12.48M) | Time:00:00.01 | Mem:0.00M, Peak:0.00M | Scene, ViewLayer | Updating Particle Systems | Copying Particles to device
Fra:1 Mem:12.41M (Peak 12.48M) | Time:00:00.01 | Mem:0.00M, Peak:0.00M | Scene, ViewLayer | Updating Meshes
Fra:1 Mem:12.41M (Peak 12.48M) | Time:00:00.01 | Mem:0.00M, Peak:0.00M | Scene, ViewLayer | Updating Mesh | Computing attributes
Fra:1 Mem:12.41M (Peak 12.48M) | Time:00:00.01 | Mem:0.00M, Peak:0.00M | Scene, ViewLayer | Updating Mesh | Copying Attributes to device
Fra:1 Mem:12.41M (Peak 12.48M) | Time:00:00.01 | Mem:0.00M, Peak:0.00M | Scene, ViewLayer | Updating Scene BVH | Building
Fra:1 Mem:12.41M (Peak 12.48M) | Time:00:00.01 | Mem:0.00M, Peak:0.00M | Scene, ViewLayer | Updating Scene BVH | Building BVH
Fra:1 Mem:12.41M (Peak 12.48M) | Time:00:00.01 | Mem:0.00M, Peak:0.00M | Scene, ViewLayer | Updating Scene BVH | Building BVH 0%
Fra:1 Mem:12.41M (Peak 12.48M) | Time:00:00.01 | Mem:0.00M, Peak:0.00M | Scene, ViewLayer | Updating Scene BVH | Copying BVH to device
Fra:1 Mem:12.41M (Peak 12.48M) | Time:00:00.01 | Mem:0.00M, Peak:0.00M | Scene, ViewLayer | Updating Mesh | Computing normals
Fra:1 Mem:12.41M (Peak 12.48M) | Time:00:00.01 | Mem:0.00M, Peak:0.00M | Scene, ViewLayer | Updating Mesh | Copying Mesh to device
Fra:1 Mem:12.41M (Peak 12.48M) | Time:00:00.01 | Mem:0.00M, Peak:0.00M | Scene, ViewLayer | Updating Objects Flags
Fra:1 Mem:12.41M (Peak 12.48M) | Time:00:00.01 | Mem:0.00M, Peak:0.00M | Scene, ViewLayer | Updating Primitive Offsets
Fra:1 Mem:12.41M (Peak 12.48M) | Time:00:00.01 | Mem:0.00M, Peak:0.00M | Scene, ViewLayer | Updating Images
Fra:1 Mem:12.41M (Peak 12.48M) | Time:00:00.01 | Mem:0.00M, Peak:0.00M | Scene, ViewLayer | Updating Images | Loading sky_nishita
Fra:1 Mem:13.42M (Peak 13.42M) | Time:00:00.36 | Mem:1.00M, Peak:1.00M | Scene, ViewLayer | Updating Camera Volume
Fra:1 Mem:13.42M (Peak 13.42M) | Time:00:00.36 | Mem:1.00M, Peak:1.00M | Scene, ViewLayer | Updating Lookup Tables
Fra:1 Mem:13.42M (Peak 13.42M) | Time:00:00.36 | Mem:1.08M, Peak:1.08M | Scene, ViewLayer | Updating Lights
Fra:1 Mem:13.42M (Peak 13.42M) | Time:00:00.36 | Mem:1.08M, Peak:1.08M | Scene, ViewLayer | Updating Lights | Importance map
Fra:1 Mem:77.45M (Peak 365.42M) | Time:00:02.08 | Mem:65.13M, Peak:225.10M | Scene, ViewLayer | Updating Lights | Computing tree
Fra:1 Mem:77.45M (Peak 365.42M) | Time:00:02.08 | Mem:65.13M, Peak:225.10M | Scene, ViewLayer | Updating Integrator
Fra:1 Mem:77.45M (Peak 365.42M) | Time:00:02.08 | Mem:65.13M, Peak:225.10M | Scene, ViewLayer | Updating Film
Fra:1 Mem:77.45M (Peak 365.42M) | Time:00:02.08 | Mem:65.05M, Peak:225.10M | Scene, ViewLayer | Updating Lookup Tables
Fra:1 Mem:77.45M (Peak 365.42M) | Time:00:02.08 | Mem:65.13M, Peak:225.10M | Scene, ViewLayer | Updating Baking
Fra:1 Mem:77.45M (Peak 365.42M) | Time:00:02.08 | Mem:65.13M, Peak:225.10M | Scene, ViewLayer | Updating Device | Writing constant memory
Fra:1 Mem:77.46M (Peak 365.42M) | Time:00:02.08 | Mem:65.13M, Peak:225.10M | Scene, ViewLayer | Sample 0/256
Fra:1 Mem:77.47M (Peak 365.42M) | Time:00:02.08 | Remaining:00:00.12 | Mem:65.13M, Peak:225.10M | Scene, ViewLayer | Sample 1/256
Fra:1 Mem:77.47M (Peak 365.42M) | Time:00:02.12 | Mem:65.13M, Peak:225.10M | Scene, ViewLayer | Sample 256/256
Fra:1 Mem:77.47M (Peak 365.42M) | Time:00:02.12 | Mem:65.13M, Peak:225.10M | Scene, ViewLayer | Finished
Saved: 'C:\Users\usman_pyywgw5\AppData\Local\Temp\fyp_calib_16540_0.exr'
Time: 00:02.13 (Saving: 00:00.00)

Fra:1 Mem:20.15M (Peak 20.15M) | Time:00:00.00 | Mem:0.00M, Peak:0.00M | Scene, ViewLayer | Synchronizing object | structures
Fra:1 Mem:20.15M (Peak 20.15M) | Time:00:00.00 | Mem:0.00M, Peak:0.00M | Scene, ViewLayer | Synchronizing object | ground
Fra:1 Mem:24.46M (Peak 24.46M) | Time:00:00.19 | Mem:0.00M, Peak:0.00M | Scene, ViewLayer | Initializing
Fra:1 Mem:24.46M (Peak 24.46M) | Time:00:00.22 | Mem:0.00M, Peak:0.00M | Scene, ViewLayer | Waiting for render to start
Fra:1 Mem:24.46M (Peak 24.46M) | Time:00:00.22 | Mem:0.00M, Peak:0.00M | Scene, ViewLayer | Loading render kernels (may take a few minutes the first time)
Fra:1 Mem:24.46M (Peak 24.46M) | Time:00:00.22 | Mem:0.00M, Peak:0.00M | Scene, ViewLayer | Updating Scene
Fra:1 Mem:24.46M (Peak 24.46M) | Time:00:00.22 | Mem:0.00M, Peak:0.00M | Scene, ViewLayer | Updating Shaders
Fra:1 Mem:24.55M (Peak 24.55M) | Time:00:00.22 | Mem:0.00M, Peak:0.00M | Scene, ViewLayer | Updating Procedurals
Fra:1 Mem:24.55M (Peak 24.55M) | Time:00:00.22 | Mem:0.00M, Peak:0.00M | Scene, ViewLayer | Updating Background
Fra:1 Mem:24.55M (Peak 24.55M) | Time:00:00.22 | Mem:0.00M, Peak:0.00M | Scene, ViewLayer | Updating Camera
Fra:1 Mem:24.55M (Peak 24.55M) | Time:00:00.22 | Mem:0.00M, Peak:0.00M | Scene, ViewLayer | Updating Meshes Flags
Fra:1 Mem:24.55M (Peak 24.55M) | Time:00:00.22 | Mem:0.00M, Peak:0.00M | Scene, ViewLayer | Updating Objects
Fra:1 Mem:24.55M (Peak 24.55M) | Time:00:00.22 | Mem:0.00M, Peak:0.00M | Scene, ViewLayer | Updating Objects | Copying Transformations to device
Fra:1 Mem:24.55M (Peak 24.55M) | Time:00:00.22 | Mem:0.00M, Peak:0.00M | Scene, ViewLayer | Updating Objects | Applying Static Transformations
Fra:1 Mem:24.55M (Peak 24.55M) | Time:00:00.22 | Mem:0.00M, Peak:0.00M | Scene, ViewLayer | Updating Particle Systems
Fra:1 Mem:24.55M (Peak 24.55M) | Time:00:00.22 | Mem:0.00M, Peak:0.00M | Scene, ViewLayer | Updating Particle Systems | Copying Particles to device
Fra:1 Mem:24.55M (Peak 24.55M) | Time:00:00.22 | Mem:0.00M, Peak:0.00M | Scene, ViewLayer | Updating Meshes
Fra:1 Mem:25.32M (Peak 25.32M) | Time:00:00.22 | Mem:0.00M, Peak:0.00M | Scene, ViewLayer | Updating Mesh | Computing attributes
Fra:1 Mem:25.61M (Peak 25.61M) | Time:00:00.22 | Mem:0.00M, Peak:0.00M | Scene, ViewLayer | Updating Mesh | Copying Attributes to device
Fra:1 Mem:25.61M (Peak 25.61M) | Time:00:00.22 | Mem:0.30M, Peak:0.30M | Scene, ViewLayer | Updating Scene BVH | Building
Fra:1 Mem:25.61M (Peak 25.61M) | Time:00:00.22 | Mem:0.30M, Peak:0.30M | Scene, ViewLayer | Updating Scene BVH | Building BVH
Fra:1 Mem:25.61M (Peak 25.61M) | Time:00:00.22 | Mem:1.84M, Peak:1.84M | Scene, ViewLayer | Updating Scene BVH | Building BVH 0%
Fra:1 Mem:25.61M (Peak 25.61M) | Time:00:00.25 | Mem:3.69M, Peak:5.23M | Scene, ViewLayer | Updating Scene BVH | Copying BVH to device
Fra:1 Mem:25.61M (Peak 25.61M) | Time:00:00.25 | Mem:3.69M, Peak:5.23M | Scene, ViewLayer | Updating Mesh | Computing normals
Fra:1 Mem:27.36M (Peak 27.36M) | Time:00:00.26 | Mem:3.69M, Peak:5.23M | Scene, ViewLayer | Updating Mesh | Copying Mesh to device
Fra:1 Mem:27.36M (Peak 27.36M) | Time:00:00.26 | Mem:5.43M, Peak:5.43M | Scene, ViewLayer | Updating Objects Flags
Fra:1 Mem:27.36M (Peak 27.36M) | Time:00:00.26 | Mem:5.43M, Peak:5.43M | Scene, ViewLayer | Updating Primitive Offsets
Fra:1 Mem:27.36M (Peak 27.36M) | Time:00:00.26 | Mem:5.43M, Peak:5.43M | Scene, ViewLayer | Updating Images
Fra:1 Mem:27.36M (Peak 27.36M) | Time:00:00.26 | Mem:5.43M, Peak:5.43M | Scene, ViewLayer | Updating Images | Loading sky_nishita
Fra:1 Mem:28.37M (Peak 28.37M) | Time:00:00.87 | Mem:6.43M, Peak:6.43M | Scene, ViewLayer | Updating Camera Volume
Fra:1 Mem:28.37M (Peak 28.37M) | Time:00:00.87 | Mem:6.43M, Peak:6.43M | Scene, ViewLayer | Updating Lookup Tables
Fra:1 Mem:28.37M (Peak 28.37M) | Time:00:00.87 | Mem:6.51M, Peak:6.51M | Scene, ViewLayer | Updating Lights
Fra:1 Mem:28.37M (Peak 28.37M) | Time:00:00.87 | Mem:6.52M, Peak:6.52M | Scene, ViewLayer | Updating Lights | Importance map
Fra:1 Mem:92.40M (Peak 380.37M) | Time:00:08.29 | Mem:70.56M, Peak:230.53M | Scene, ViewLayer | Updating Lights | Computing tree
Fra:1 Mem:92.40M (Peak 380.37M) | Time:00:08.29 | Mem:70.56M, Peak:230.53M | Scene, ViewLayer | Updating Integrator
Fra:1 Mem:92.40M (Peak 380.37M) | Time:00:08.29 | Mem:70.56M, Peak:230.53M | Scene, ViewLayer | Updating Film
Fra:1 Mem:92.41M (Peak 380.37M) | Time:00:08.29 | Mem:70.48M, Peak:230.53M | Scene, ViewLayer | Updating Lookup Tables
Fra:1 Mem:92.41M (Peak 380.37M) | Time:00:08.29 | Mem:70.56M, Peak:230.53M | Scene, ViewLayer | Updating Baking
Fra:1 Mem:92.41M (Peak 380.37M) | Time:00:08.29 | Mem:70.56M, Peak:230.53M | Scene, ViewLayer | Updating Device | Writing constant memory
Fra:1 Mem:92.41M (Peak 380.37M) | Time:00:08.29 | Mem:70.56M, Peak:230.53M | Scene, ViewLayer | Sample 0/256
Fra:1 Mem:157.42M (Peak 380.37M) | Time:00:12.70 | Remaining:18:42.91 | Mem:135.56M, Peak:230.53M | Scene, ViewLayer | Sample 1/256
Fra:1 Mem:157.42M (Peak 380.37M) | Time:00:40.97 | Remaining:14:56.89 | Mem:135.56M, Peak:230.53M | Scene, ViewLayer | Sample 9/256
Fra:1 Mem:157.42M (Peak 380.37M) | Time:01:17.47 | Remaining:16:12.60 | Mem:135.56M, Peak:230.53M | Scene, ViewLayer | Sample 17/256
Fra:1 Mem:157.42M (Peak 380.37M) | Time:02:00.45 | Remaining:17:16.34 | Mem:135.56M, Peak:230.53M | Scene, ViewLayer | Sample 25/256
Fra:1 Mem:157.42M (Peak 380.37M) | Time:02:36.56 | Remaining:17:17.84 | Mem:135.56M, Peak:230.53M | Scene, ViewLayer | Sample 32/256
Fra:1 Mem:157.42M (Peak 380.37M) | Time:02:36.63 | Remaining:13:21.01 | Mem:135.56M, Peak:230.53M | Scene, ViewLayer | Sample 40/256
Fra:1 Mem:157.42M (Peak 380.37M) | Time:02:36.78 | Remaining:10:43.42 | Mem:135.56M, Peak:230.53M | Scene, ViewLayer | Sample 48/256
Fra:1 Mem:157.42M (Peak 380.37M) | Time:02:36.86 | Remaining:08:50.59 | Mem:135.56M, Peak:230.53M | Scene, ViewLayer | Sample 56/256
Fra:1 Mem:157.42M (Peak 380.37M) | Time:02:36.93 | Remaining:07:25.91 | Mem:135.56M, Peak:230.53M | Scene, ViewLayer | Sample 64/256
Fra:1 Mem:197.43M (Peak 380.37M) | Time:02:37.13 | Remaining:07:26.50 | Mem:135.56M, Peak:230.53M | Scene, ViewLayer | Sample 0/256
Fra:1 Mem:197.43M (Peak 380.37M) | Time:02:37.13 | Remaining:07:26.50 | Mem:135.56M, Peak:230.53M | Scene, ViewLayer | Finished
Saved: 'C:\Users\usman_pyywgw5\Downloads\fyp\out\sim\tmp\s000037\rgb_bg.exr'
Time: 02:37.51 (Saving: 00:00.37)

    rgb background 1280x1024: 161.4s
Fra:1 Mem:157.20M (Peak 157.36M) | Time:00:00.00 | Mem:135.56M, Peak:135.56M | Scene, ViewLayer | Initializing
Fra:1 Mem:154.43M (Peak 157.36M) | Time:00:00.00 | Mem:135.56M, Peak:135.56M | Scene, ViewLayer | Waiting for render to start
Fra:1 Mem:154.43M (Peak 157.36M) | Time:00:00.00 | Mem:135.56M, Peak:135.56M | Scene, ViewLayer | Updating Scene
Fra:1 Mem:154.43M (Peak 157.36M) | Time:00:00.00 | Mem:135.56M, Peak:135.56M | Scene, ViewLayer | Updating Shaders
Fra:1 Mem:154.43M (Peak 157.36M) | Time:00:00.00 | Mem:135.56M, Peak:135.56M | Scene, ViewLayer | Updating Background
Fra:1 Mem:154.43M (Peak 157.36M) | Time:00:00.00 | Mem:135.56M, Peak:135.56M | Scene, ViewLayer | Updating Camera
Fra:1 Mem:154.43M (Peak 157.36M) | Time:00:00.00 | Mem:135.56M, Peak:135.56M | Scene, ViewLayer | Updating Meshes Flags
Fra:1 Mem:154.43M (Peak 157.36M) | Time:00:00.00 | Mem:132.17M, Peak:135.56M | Scene, ViewLayer | Updating Objects
Fra:1 Mem:154.43M (Peak 157.36M) | Time:00:00.00 | Mem:132.17M, Peak:135.56M | Scene, ViewLayer | Updating Particle Systems
Fra:1 Mem:154.43M (Peak 157.36M) | Time:00:00.00 | Mem:132.17M, Peak:135.56M | Scene, ViewLayer | Updating Meshes
Fra:1 Mem:152.39M (Peak 157.36M) | Time:00:00.00 | Mem:130.13M, Peak:135.56M | Scene, ViewLayer | Updating Mesh | Computing attributes
Fra:1 Mem:152.39M (Peak 157.36M) | Time:00:00.00 | Mem:130.13M, Peak:135.56M | Scene, ViewLayer | Updating Mesh | Copying Attributes to device
Fra:1 Mem:152.39M (Peak 157.36M) | Time:00:00.00 | Mem:130.13M, Peak:135.56M | Scene, ViewLayer | Updating Scene BVH | Building
Fra:1 Mem:152.39M (Peak 157.36M) | Time:00:00.00 | Mem:130.13M, Peak:135.56M | Scene, ViewLayer | Updating Scene BVH | Building BVH
Fra:1 Mem:152.39M (Peak 157.36M) | Time:00:00.00 | Mem:130.13M, Peak:135.56M | Scene, ViewLayer | Updating Scene BVH | Copying BVH to device
Fra:1 Mem:152.39M (Peak 157.36M) | Time:00:00.00 | Mem:130.13M, Peak:135.56M | Scene, ViewLayer | Updating Objects Flags
Fra:1 Mem:152.39M (Peak 157.36M) | Time:00:00.00 | Mem:130.13M, Peak:135.56M | Scene, ViewLayer | Updating Primitive Offsets
Fra:1 Mem:152.39M (Peak 157.36M) | Time:00:00.00 | Mem:130.13M, Peak:135.56M | Scene, ViewLayer | Updating Images
Fra:1 Mem:152.39M (Peak 157.36M) | Time:00:00.00 | Mem:130.13M, Peak:135.56M | Scene, ViewLayer | Updating Camera Volume
Fra:1 Mem:152.39M (Peak 157.36M) | Time:00:00.00 | Mem:130.13M, Peak:135.56M | Scene, ViewLayer | Updating Lookup Tables
Fra:1 Mem:152.39M (Peak 157.36M) | Time:00:00.00 | Mem:130.13M, Peak:135.56M | Scene, ViewLayer | Updating Lights
Fra:1 Mem:152.39M (Peak 157.36M) | Time:00:00.00 | Mem:130.13M, Peak:135.56M | Scene, ViewLayer | Updating Lights | Computing tree
Fra:1 Mem:152.39M (Peak 157.36M) | Time:00:00.00 | Mem:130.13M, Peak:135.56M | Scene, ViewLayer | Updating Integrator
Fra:1 Mem:152.39M (Peak 157.36M) | Time:00:00.00 | Mem:130.13M, Peak:135.56M | Scene, ViewLayer | Updating Film
Fra:1 Mem:152.39M (Peak 157.36M) | Time:00:00.00 | Mem:130.13M, Peak:135.56M | Scene, ViewLayer | Updating Lookup Tables
Fra:1 Mem:152.39M (Peak 157.36M) | Time:00:00.00 | Mem:130.13M, Peak:135.56M | Scene, ViewLayer | Updating Baking
Fra:1 Mem:152.39M (Peak 157.36M) | Time:00:00.00 | Mem:130.13M, Peak:135.56M | Scene, ViewLayer | Updating Device | Writing constant memory
Fra:1 Mem:152.39M (Peak 157.36M) | Time:00:00.00 | Mem:130.13M, Peak:135.56M | Scene, ViewLayer | Sample 0/8
Fra:1 Mem:87.40M (Peak 157.36M) | Time:00:00.01 | Remaining:00:00.06 | Mem:65.15M, Peak:135.56M | Scene, ViewLayer | Sample 1/8
Fra:1 Mem:87.42M (Peak 157.36M) | Time:00:00.01 | Mem:65.15M, Peak:135.56M | Scene, ViewLayer | Sample 8/8
Fra:1 Mem:87.42M (Peak 157.36M) | Time:00:00.01 | Mem:65.15M, Peak:135.56M | Scene, ViewLayer | Finished
Saved: 'C:\Users\usman_pyywgw5\Downloads\fyp\out\sim\tmp\s000037\rgb_probe.exr'
Time: 00:00.02 (Saving: 00:00.00)

Fra:1 Mem:88.58M (Peak 88.58M) | Time:00:00.02 | Mem:65.15M, Peak:65.15M | Scene, ViewLayer | Synchronizing object | ground
Fra:1 Mem:88.58M (Peak 88.58M) | Time:00:00.02 | Mem:65.15M, Peak:65.15M | Scene, ViewLayer | Synchronizing object | neg1
Fra:1 Mem:88.61M (Peak 88.61M) | Time:00:00.02 | Mem:65.15M, Peak:65.15M | Scene, ViewLayer | Synchronizing object | neg0
Fra:1 Mem:88.64M (Peak 88.64M) | Time:00:00.02 | Mem:65.15M, Peak:65.15M | Scene, ViewLayer | Synchronizing object | KAL
Fra:1 Mem:88.86M (Peak 88.86M) | Time:00:00.02 | Mem:65.15M, Peak:65.15M | Scene, ViewLayer | Synchronizing object | structures
Fra:1 Mem:90.85M (Peak 91.24M) | Time:00:00.03 | Mem:65.15M, Peak:65.15M | Scene, ViewLayer | Initializing
Fra:1 Mem:90.85M (Peak 91.24M) | Time:00:00.03 | Mem:65.15M, Peak:65.15M | Scene, ViewLayer | Updating Images | Loading decal_atlas.png
Fra:1 Mem:106.85M (Peak 138.86M) | Time:00:00.29 | Mem:81.15M, Peak:81.15M | Scene, ViewLayer | Waiting for render to start
Fra:1 Mem:106.85M (Peak 138.86M) | Time:00:00.29 | Mem:81.15M, Peak:81.15M | Scene, ViewLayer | Loading render kernels (may take a few minutes the first time)
Fra:1 Mem:106.85M (Peak 138.86M) | Time:00:00.29 | Mem:81.15M, Peak:81.15M | Scene, ViewLayer | Updating Scene
Fra:1 Mem:106.85M (Peak 138.86M) | Time:00:00.29 | Mem:81.15M, Peak:81.15M | Scene, ViewLayer | Updating Shaders
Fra:1 Mem:106.86M (Peak 138.86M) | Time:00:00.29 | Mem:81.16M, Peak:81.16M | Scene, ViewLayer | Updating Procedurals
Fra:1 Mem:106.86M (Peak 138.86M) | Time:00:00.29 | Mem:81.16M, Peak:81.16M | Scene, ViewLayer | Updating Background
Fra:1 Mem:106.86M (Peak 138.86M) | Time:00:00.29 | Mem:81.16M, Peak:81.16M | Scene, ViewLayer | Updating Camera
Fra:1 Mem:106.86M (Peak 138.86M) | Time:00:00.29 | Mem:81.08M, Peak:81.16M | Scene, ViewLayer | Updating Meshes Flags
Fra:1 Mem:106.86M (Peak 138.86M) | Time:00:00.29 | Mem:81.08M, Peak:81.16M | Scene, ViewLayer | Updating Objects
Fra:1 Mem:106.86M (Peak 138.86M) | Time:00:00.29 | Mem:81.08M, Peak:81.16M | Scene, ViewLayer | Updating Objects | Copying Transformations to device
Fra:1 Mem:106.86M (Peak 138.86M) | Time:00:00.29 | Mem:81.08M, Peak:81.16M | Scene, ViewLayer | Updating Objects | Applying Static Transformations
Fra:1 Mem:106.86M (Peak 138.86M) | Time:00:00.29 | Mem:81.08M, Peak:81.16M | Scene, ViewLayer | Updating Particle Systems
Fra:1 Mem:106.86M (Peak 138.86M) | Time:00:00.29 | Mem:81.08M, Peak:81.16M | Scene, ViewLayer | Updating Meshes
Fra:1 Mem:107.69M (Peak 138.86M) | Time:00:00.29 | Mem:81.08M, Peak:81.16M | Scene, ViewLayer | Updating Mesh | Computing attributes
Fra:1 Mem:108.07M (Peak 138.86M) | Time:00:00.29 | Mem:81.08M, Peak:81.16M | Scene, ViewLayer | Updating Mesh | Copying Attributes to device
Fra:1 Mem:108.06M (Peak 138.86M) | Time:00:00.29 | Mem:81.45M, Peak:81.45M | Scene, ViewLayer | Updating Geometry BVH neg1 3/3 | Building BVH
Fra:1 Mem:108.06M (Peak 138.86M) | Time:00:00.29 | Mem:81.47M, Peak:81.47M | Scene, ViewLayer | Updating Geometry BVH neg1 3/3 | Building BVH 0%
Fra:1 Mem:108.06M (Peak 138.86M) | Time:00:00.29 | Mem:81.48M, Peak:81.49M | Scene, ViewLayer | Updating Geometry BVH neg0 2/3 | Building BVH
Fra:1 Mem:108.06M (Peak 138.86M) | Time:00:00.29 | Mem:81.52M, Peak:81.53M | Scene, ViewLayer | Updating Geometry BVH KAL 1/3 | Building BVH
Fra:1 Mem:108.06M (Peak 138.86M) | Time:00:00.29 | Mem:81.68M, Peak:81.75M | Scene, ViewLayer | Updating Scene BVH | Building
Fra:1 Mem:108.06M (Peak 138.86M) | Time:00:00.29 | Mem:81.68M, Peak:81.75M | Scene, ViewLayer | Updating Scene BVH | Building BVH
Fra:1 Mem:108.06M (Peak 138.86M) | Time:00:00.31 | Mem:85.07M, Peak:86.61M | Scene, ViewLayer | Updating Scene BVH | Copying BVH to device
Fra:1 Mem:108.06M (Peak 138.86M) | Time:00:00.31 | Mem:85.07M, Peak:86.61M | Scene, ViewLayer | Updating Mesh | Computing normals
Fra:1 Mem:109.95M (Peak 138.86M) | Time:00:00.32 | Mem:85.07M, Peak:86.61M | Scene, ViewLayer | Updating Mesh | Copying Mesh to device
Fra:1 Mem:109.95M (Peak 138.86M) | Time:00:00.32 | Mem:86.95M, Peak:86.95M | Scene, ViewLayer | Updating Objects Flags
Fra:1 Mem:109.95M (Peak 138.86M) | Time:00:00.32 | Mem:86.95M, Peak:86.95M | Scene, ViewLayer | Updating Primitive Offsets
Fra:1 Mem:109.95M (Peak 138.86M) | Time:00:00.32 | Mem:86.95M, Peak:86.95M | Scene, ViewLayer | Updating Images
Fra:1 Mem:109.95M (Peak 138.86M) | Time:00:00.32 | Mem:86.95M, Peak:86.95M | Scene, ViewLayer | Updating Camera Volume
Fra:1 Mem:109.95M (Peak 138.86M) | Time:00:00.32 | Mem:86.95M, Peak:86.95M | Scene, ViewLayer | Updating Lookup Tables
Fra:1 Mem:109.95M (Peak 138.86M) | Time:00:00.32 | Mem:87.04M, Peak:87.04M | Scene, ViewLayer | Updating Lights
Fra:1 Mem:109.94M (Peak 138.86M) | Time:00:00.32 | Mem:87.04M, Peak:87.04M | Scene, ViewLayer | Updating Lights | Computing tree
Fra:1 Mem:109.95M (Peak 138.86M) | Time:00:00.32 | Mem:87.04M, Peak:87.04M | Scene, ViewLayer | Updating Integrator
Fra:1 Mem:109.95M (Peak 138.86M) | Time:00:00.32 | Mem:87.04M, Peak:87.04M | Scene, ViewLayer | Updating Film
Fra:1 Mem:109.95M (Peak 138.86M) | Time:00:00.32 | Mem:87.04M, Peak:87.04M | Scene, ViewLayer | Updating Lookup Tables
Fra:1 Mem:109.95M (Peak 138.86M) | Time:00:00.32 | Mem:87.04M, Peak:87.04M | Scene, ViewLayer | Updating Baking
Fra:1 Mem:109.95M (Peak 138.86M) | Time:00:00.32 | Mem:87.04M, Peak:87.04M | Scene, ViewLayer | Updating Device | Writing constant memory
Fra:1 Mem:109.95M (Peak 138.86M) | Time:00:00.32 | Mem:87.04M, Peak:87.04M | Scene, ViewLayer | Sample 0/256
Fra:1 Mem:110.21M (Peak 138.86M) | Time:00:00.34 | Remaining:00:05.40 | Mem:87.30M, Peak:87.30M | Scene, ViewLayer | Sample 1/256
Fra:1 Mem:110.21M (Peak 138.86M) | Time:00:00.78 | Remaining:00:03.24 | Mem:87.30M, Peak:87.30M | Scene, ViewLayer | Sample 32/256
Fra:1 Mem:110.21M (Peak 138.86M) | Time:00:00.82 | Remaining:00:02.16 | Mem:87.30M, Peak:87.30M | Scene, ViewLayer | Sample 48/256
Fra:1 Mem:110.21M (Peak 138.86M) | Time:00:00.82 | Remaining:00:01.50 | Mem:87.30M, Peak:87.30M | Scene, ViewLayer | Sample 64/256
Fra:1 Mem:110.21M (Peak 138.86M) | Time:00:00.83 | Remaining:00:01.12 | Mem:87.30M, Peak:87.30M | Scene, ViewLayer | Sample 80/256
Fra:1 Mem:110.21M (Peak 138.86M) | Time:00:00.83 | Remaining:00:00.85 | Mem:87.30M, Peak:87.30M | Scene, ViewLayer | Sample 96/256
Fra:1 Mem:110.39M (Peak 138.86M) | Time:00:00.83 | Remaining:00:00.85 | Mem:87.30M, Peak:87.30M | Scene, ViewLayer | Sample 0/256
Fra:1 Mem:110.39M (Peak 138.86M) | Time:00:00.83 | Remaining:00:00.85 | Mem:87.30M, Peak:87.30M | Scene, ViewLayer | Finished
Saved: 'C:\Users\usman_pyywgw5\Downloads\fyp\out\sim\tmp\s000037\rgb_target.exr'
Time: 00:00.84 (Saving: 00:00.00)

    rgb target  crop 21x17 px @4x: 0.9s
Fra:1 Mem:110.22M (Peak 110.22M) | Time:00:00.00 | Mem:87.30M, Peak:87.30M | Scene, ViewLayer | Synchronizing object | structures
Fra:1 Mem:110.22M (Peak 110.22M) | Time:00:00.00 | Mem:87.30M, Peak:87.30M | Scene, ViewLayer | Synchronizing object | ground
Fra:1 Mem:109.44M (Peak 111.38M) | Time:00:00.00 | Mem:87.30M, Peak:87.30M | Scene, ViewLayer | Initializing
Fra:1 Mem:109.44M (Peak 111.38M) | Time:00:00.00 | Mem:87.30M, Peak:87.30M | Scene, ViewLayer | Waiting for render to start
Fra:1 Mem:109.44M (Peak 111.38M) | Time:00:00.00 | Mem:87.30M, Peak:87.30M | Scene, ViewLayer | Updating Scene
Fra:1 Mem:109.44M (Peak 111.38M) | Time:00:00.00 | Mem:87.30M, Peak:87.30M | Scene, ViewLayer | Updating Shaders
Fra:1 Mem:109.44M (Peak 111.38M) | Time:00:00.00 | Mem:87.30M, Peak:87.30M | Scene, ViewLayer | Updating Background
Fra:1 Mem:109.44M (Peak 111.38M) | Time:00:00.00 | Mem:87.30M, Peak:87.30M | Scene, ViewLayer | Updating Camera
Fra:1 Mem:109.44M (Peak 111.38M) | Time:00:00.00 | Mem:87.30M, Peak:87.30M | Scene, ViewLayer | Updating Meshes Flags
Fra:1 Mem:109.44M (Peak 111.38M) | Time:00:00.00 | Mem:83.91M, Peak:87.30M | Scene, ViewLayer | Updating Objects
Fra:1 Mem:109.44M (Peak 111.38M) | Time:00:00.00 | Mem:83.91M, Peak:87.30M | Scene, ViewLayer | Updating Objects | Copying Transformations to device
Fra:1 Mem:109.44M (Peak 111.38M) | Time:00:00.00 | Mem:83.91M, Peak:87.30M | Scene, ViewLayer | Updating Objects | Applying Static Transformations
Fra:1 Mem:109.44M (Peak 111.38M) | Time:00:00.00 | Mem:83.91M, Peak:87.30M | Scene, ViewLayer | Updating Particle Systems
Fra:1 Mem:109.44M (Peak 111.38M) | Time:00:00.00 | Mem:83.91M, Peak:87.30M | Scene, ViewLayer | Updating Meshes
Fra:1 Mem:107.95M (Peak 111.38M) | Time:00:00.00 | Mem:81.65M, Peak:87.30M | Scene, ViewLayer | Updating Mesh | Computing attributes
Fra:1 Mem:108.34M (Peak 111.38M) | Time:00:00.00 | Mem:81.66M, Peak:87.30M | Scene, ViewLayer | Updating Mesh | Copying Attributes to device
Fra:1 Mem:108.33M (Peak 111.38M) | Time:00:00.00 | Mem:82.03M, Peak:87.30M | Scene, ViewLayer | Updating Scene BVH | Building
Fra:1 Mem:108.33M (Peak 111.38M) | Time:00:00.00 | Mem:82.03M, Peak:87.30M | Scene, ViewLayer | Updating Scene BVH | Building BVH
Fra:1 Mem:108.33M (Peak 111.38M) | Time:00:00.00 | Mem:83.58M, Peak:87.30M | Scene, ViewLayer | Updating Scene BVH | Building BVH 0%
Fra:1 Mem:108.33M (Peak 111.38M) | Time:00:00.03 | Mem:85.42M, Peak:87.30M | Scene, ViewLayer | Updating Scene BVH | Copying BVH to device
Fra:1 Mem:108.33M (Peak 111.38M) | Time:00:00.03 | Mem:85.42M, Peak:87.30M | Scene, ViewLayer | Updating Mesh | Computing normals
Fra:1 Mem:110.21M (Peak 111.38M) | Time:00:00.04 | Mem:85.42M, Peak:87.30M | Scene, ViewLayer | Updating Mesh | Copying Mesh to device
Fra:1 Mem:110.21M (Peak 111.38M) | Time:00:00.04 | Mem:87.30M, Peak:87.30M | Scene, ViewLayer | Updating Objects Flags
Fra:1 Mem:110.21M (Peak 111.38M) | Time:00:00.04 | Mem:87.30M, Peak:87.30M | Scene, ViewLayer | Updating Primitive Offsets
Fra:1 Mem:110.21M (Peak 111.38M) | Time:00:00.04 | Mem:87.30M, Peak:87.30M | Scene, ViewLayer | Updating Images
Fra:1 Mem:110.21M (Peak 111.38M) | Time:00:00.04 | Mem:87.30M, Peak:87.30M | Scene, ViewLayer | Updating Camera Volume
Fra:1 Mem:110.21M (Peak 111.38M) | Time:00:00.04 | Mem:87.30M, Peak:87.30M | Scene, ViewLayer | Updating Lookup Tables
Fra:1 Mem:110.21M (Peak 111.38M) | Time:00:00.04 | Mem:87.30M, Peak:87.30M | Scene, ViewLayer | Updating Lights
Fra:1 Mem:110.21M (Peak 111.38M) | Time:00:00.04 | Mem:87.30M, Peak:87.30M | Scene, ViewLayer | Updating Lights | Computing tree
Fra:1 Mem:110.21M (Peak 111.38M) | Time:00:00.04 | Mem:87.30M, Peak:87.30M | Scene, ViewLayer | Updating Integrator
Fra:1 Mem:110.21M (Peak 111.38M) | Time:00:00.04 | Mem:87.30M, Peak:87.30M | Scene, ViewLayer | Updating Film
Fra:1 Mem:110.21M (Peak 111.38M) | Time:00:00.04 | Mem:87.30M, Peak:87.30M | Scene, ViewLayer | Updating Lookup Tables
Fra:1 Mem:110.21M (Peak 111.38M) | Time:00:00.04 | Mem:87.30M, Peak:87.30M | Scene, ViewLayer | Updating Baking
Fra:1 Mem:110.21M (Peak 111.38M) | Time:00:00.04 | Mem:87.30M, Peak:87.30M | Scene, ViewLayer | Updating Device | Writing constant memory
Fra:1 Mem:110.21M (Peak 111.38M) | Time:00:00.04 | Mem:87.30M, Peak:87.30M | Scene, ViewLayer | Sample 0/256
Fra:1 Mem:110.11M (Peak 111.38M) | Time:00:00.05 | Remaining:00:04.15 | Mem:87.20M, Peak:87.30M | Scene, ViewLayer | Sample 1/256
Fra:1 Mem:110.11M (Peak 111.38M) | Time:00:00.24 | Remaining:00:01.43 | Mem:87.20M, Peak:87.30M | Scene, ViewLayer | Sample 32/256
Fra:1 Mem:110.11M (Peak 111.38M) | Time:00:00.25 | Remaining:00:00.91 | Mem:87.20M, Peak:87.30M | Scene, ViewLayer | Sample 48/256
Fra:1 Mem:110.22M (Peak 111.38M) | Time:00:00.25 | Remaining:00:00.92 | Mem:87.20M, Peak:87.30M | Scene, ViewLayer | Sample 0/256
Fra:1 Mem:110.22M (Peak 111.38M) | Time:00:00.25 | Remaining:00:00.92 | Mem:87.20M, Peak:87.30M | Scene, ViewLayer | Finished
Saved: 'C:\Users\usman_pyywgw5\Downloads\fyp\out\sim\tmp\s000037\rgb_neg0.exr'
Time: 00:00.26 (Saving: 00:00.00)

    rgb neg0    crop 15x15 px @4x: 0.3s
Fra:1 Mem:110.11M (Peak 110.11M) | Time:00:00.00 | Mem:87.20M, Peak:87.20M | Scene, ViewLayer | Synchronizing object | structures
Fra:1 Mem:110.11M (Peak 110.11M) | Time:00:00.00 | Mem:87.20M, Peak:87.20M | Scene, ViewLayer | Synchronizing object | ground
Fra:1 Mem:109.34M (Peak 111.27M) | Time:00:00.00 | Mem:87.20M, Peak:87.20M | Scene, ViewLayer | Initializing
Fra:1 Mem:109.34M (Peak 111.27M) | Time:00:00.00 | Mem:87.20M, Peak:87.20M | Scene, ViewLayer | Waiting for render to start
Fra:1 Mem:109.34M (Peak 111.27M) | Time:00:00.00 | Mem:87.20M, Peak:87.20M | Scene, ViewLayer | Updating Scene
Fra:1 Mem:109.34M (Peak 111.27M) | Time:00:00.00 | Mem:87.20M, Peak:87.20M | Scene, ViewLayer | Updating Shaders
Fra:1 Mem:109.34M (Peak 111.27M) | Time:00:00.00 | Mem:87.20M, Peak:87.20M | Scene, ViewLayer | Updating Background
Fra:1 Mem:109.34M (Peak 111.27M) | Time:00:00.00 | Mem:87.20M, Peak:87.20M | Scene, ViewLayer | Updating Camera
Fra:1 Mem:109.34M (Peak 111.27M) | Time:00:00.00 | Mem:87.20M, Peak:87.20M | Scene, ViewLayer | Updating Meshes Flags
Fra:1 Mem:109.34M (Peak 111.27M) | Time:00:00.00 | Mem:83.81M, Peak:87.20M | Scene, ViewLayer | Updating Objects
Fra:1 Mem:109.34M (Peak 111.27M) | Time:00:00.00 | Mem:83.81M, Peak:87.20M | Scene, ViewLayer | Updating Objects | Copying Transformations to device
Fra:1 Mem:109.34M (Peak 111.27M) | Time:00:00.00 | Mem:83.81M, Peak:87.20M | Scene, ViewLayer | Updating Objects | Applying Static Transformations
Fra:1 Mem:109.34M (Peak 111.27M) | Time:00:00.00 | Mem:83.81M, Peak:87.20M | Scene, ViewLayer | Updating Particle Systems
Fra:1 Mem:109.34M (Peak 111.27M) | Time:00:00.00 | Mem:83.81M, Peak:87.20M | Scene, ViewLayer | Updating Meshes
Fra:1 Mem:107.85M (Peak 111.27M) | Time:00:00.00 | Mem:81.55M, Peak:87.20M | Scene, ViewLayer | Updating Mesh | Computing attributes
Fra:1 Mem:108.23M (Peak 111.27M) | Time:00:00.00 | Mem:81.55M, Peak:87.20M | Scene, ViewLayer | Updating Mesh | Copying Attributes to device
Fra:1 Mem:108.23M (Peak 111.27M) | Time:00:00.00 | Mem:81.93M, Peak:87.20M | Scene, ViewLayer | Updating Scene BVH | Building
Fra:1 Mem:108.23M (Peak 111.27M) | Time:00:00.00 | Mem:81.93M, Peak:87.20M | Scene, ViewLayer | Updating Scene BVH | Building BVH
Fra:1 Mem:108.23M (Peak 111.27M) | Time:00:00.00 | Mem:83.47M, Peak:87.20M | Scene, ViewLayer | Updating Scene BVH | Building BVH 0%
Fra:1 Mem:108.23M (Peak 111.27M) | Time:00:00.03 | Mem:85.32M, Peak:87.20M | Scene, ViewLayer | Updating Scene BVH | Copying BVH to device
Fra:1 Mem:108.23M (Peak 111.27M) | Time:00:00.03 | Mem:85.32M, Peak:87.20M | Scene, ViewLayer | Updating Mesh | Computing normals
Fra:1 Mem:110.11M (Peak 111.27M) | Time:00:00.03 | Mem:85.32M, Peak:87.20M | Scene, ViewLayer | Updating Mesh | Copying Mesh to device
Fra:1 Mem:110.11M (Peak 111.27M) | Time:00:00.03 | Mem:87.20M, Peak:87.20M | Scene, ViewLayer | Updating Objects Flags
Fra:1 Mem:110.11M (Peak 111.27M) | Time:00:00.03 | Mem:87.20M, Peak:87.20M | Scene, ViewLayer | Updating Primitive Offsets
Fra:1 Mem:110.11M (Peak 111.27M) | Time:00:00.03 | Mem:87.20M, Peak:87.20M | Scene, ViewLayer | Updating Images
Fra:1 Mem:110.11M (Peak 111.27M) | Time:00:00.03 | Mem:87.20M, Peak:87.20M | Scene, ViewLayer | Updating Camera Volume
Fra:1 Mem:110.11M (Peak 111.27M) | Time:00:00.03 | Mem:87.20M, Peak:87.20M | Scene, ViewLayer | Updating Lookup Tables
Fra:1 Mem:110.11M (Peak 111.27M) | Time:00:00.03 | Mem:87.20M, Peak:87.20M | Scene, ViewLayer | Updating Lights
Fra:1 Mem:110.11M (Peak 111.27M) | Time:00:00.03 | Mem:87.20M, Peak:87.20M | Scene, ViewLayer | Updating Lights | Computing tree
Fra:1 Mem:110.11M (Peak 111.27M) | Time:00:00.03 | Mem:87.20M, Peak:87.20M | Scene, ViewLayer | Updating Integrator
Fra:1 Mem:110.11M (Peak 111.27M) | Time:00:00.03 | Mem:87.20M, Peak:87.20M | Scene, ViewLayer | Updating Film
Fra:1 Mem:110.11M (Peak 111.27M) | Time:00:00.03 | Mem:87.20M, Peak:87.20M | Scene, ViewLayer | Updating Lookup Tables
Fra:1 Mem:110.11M (Peak 111.27M) | Time:00:00.03 | Mem:87.20M, Peak:87.20M | Scene, ViewLayer | Updating Baking
Fra:1 Mem:110.11M (Peak 111.27M) | Time:00:00.03 | Mem:87.20M, Peak:87.20M | Scene, ViewLayer | Updating Device | Writing constant memory
Fra:1 Mem:110.11M (Peak 111.27M) | Time:00:00.03 | Mem:87.20M, Peak:87.20M | Scene, ViewLayer | Sample 0/256
Fra:1 Mem:110.11M (Peak 111.27M) | Time:00:00.06 | Remaining:00:07.16 | Mem:87.20M, Peak:87.20M | Scene, ViewLayer | Sample 1/256
Fra:1 Mem:110.11M (Peak 111.27M) | Time:00:00.28 | Remaining:00:01.75 | Mem:87.20M, Peak:87.20M | Scene, ViewLayer | Sample 32/256
Fra:1 Mem:110.11M (Peak 111.27M) | Time:00:00.29 | Remaining:00:01.11 | Mem:87.20M, Peak:87.20M | Scene, ViewLayer | Sample 48/256
Fra:1 Mem:110.11M (Peak 111.27M) | Time:00:00.29 | Remaining:00:00.78 | Mem:87.20M, Peak:87.20M | Scene, ViewLayer | Sample 64/256
Fra:1 Mem:110.11M (Peak 111.27M) | Time:00:00.29 | Remaining:00:00.58 | Mem:87.20M, Peak:87.20M | Scene, ViewLayer | Sample 80/256
Fra:1 Mem:110.11M (Peak 111.27M) | Time:00:00.29 | Remaining:00:00.44 | Mem:87.20M, Peak:87.20M | Scene, ViewLayer | Sample 96/256
Fra:1 Mem:110.22M (Peak 111.27M) | Time:00:00.30 | Remaining:00:00.44 | Mem:87.20M, Peak:87.20M | Scene, ViewLayer | Sample 0/256
Fra:1 Mem:110.22M (Peak 111.27M) | Time:00:00.30 | Remaining:00:00.44 | Mem:87.20M, Peak:87.20M | Scene, ViewLayer | Finished
Saved: 'C:\Users\usman_pyywgw5\Downloads\fyp\out\sim\tmp\s000037\rgb_neg1.exr'
Time: 00:00.30 (Saving: 00:00.00)

    rgb neg1    crop 16x14 px @4x: 0.3s
Fra:1 Mem:109.25M (Peak 110.09M) | Time:00:00.00 | Mem:87.20M, Peak:87.20M | Scene, ViewLayer | Synchronizing object | structures
Fra:1 Mem:106.49M (Peak 110.09M) | Time:00:00.00 | Mem:87.20M, Peak:87.20M | Scene, ViewLayer | Synchronizing object | ground
Fra:1 Mem:108.09M (Peak 110.09M) | Time:00:00.00 | Mem:87.20M, Peak:87.20M | Scene, ViewLayer | Initializing
Fra:1 Mem:107.82M (Peak 110.09M) | Time:00:00.00 | Mem:87.20M, Peak:87.20M | Scene, ViewLayer | Updating Images | Loading lwir_sky_lut
Fra:1 Mem:107.85M (Peak 110.09M) | Time:00:00.00 | Mem:87.23M, Peak:87.23M | Scene, ViewLayer | Waiting for render to start
Fra:1 Mem:107.85M (Peak 110.09M) | Time:00:00.00 | Mem:87.23M, Peak:87.23M | Scene, ViewLayer | Loading render kernels (may take a few minutes the first time)
Fra:1 Mem:107.85M (Peak 110.09M) | Time:00:00.00 | Mem:87.23M, Peak:87.23M | Scene, ViewLayer | Updating Scene
Fra:1 Mem:107.85M (Peak 110.09M) | Time:00:00.00 | Mem:87.23M, Peak:87.23M | Scene, ViewLayer | Updating Shaders
Fra:1 Mem:107.84M (Peak 110.09M) | Time:00:00.00 | Mem:87.22M, Peak:87.23M | Scene, ViewLayer | Updating Background
Fra:1 Mem:107.84M (Peak 110.09M) | Time:00:00.00 | Mem:87.22M, Peak:87.23M | Scene, ViewLayer | Updating Camera
Fra:1 Mem:107.84M (Peak 110.09M) | Time:00:00.00 | Mem:87.22M, Peak:87.23M | Scene, ViewLayer | Updating Meshes Flags
Fra:1 Mem:107.84M (Peak 110.09M) | Time:00:00.00 | Mem:83.60M, Peak:87.23M | Scene, ViewLayer | Updating Objects
Fra:1 Mem:107.83M (Peak 110.09M) | Time:00:00.00 | Mem:83.60M, Peak:87.23M | Scene, ViewLayer | Updating Objects | Copying Transformations to device
Fra:1 Mem:107.83M (Peak 110.09M) | Time:00:00.00 | Mem:83.60M, Peak:87.23M | Scene, ViewLayer | Updating Objects | Applying Static Transformations
Fra:1 Mem:107.83M (Peak 110.09M) | Time:00:00.00 | Mem:83.60M, Peak:87.23M | Scene, ViewLayer | Updating Particle Systems
Fra:1 Mem:107.83M (Peak 110.09M) | Time:00:00.00 | Mem:83.60M, Peak:87.23M | Scene, ViewLayer | Updating Meshes
Fra:1 Mem:106.35M (Peak 110.09M) | Time:00:00.00 | Mem:81.34M, Peak:87.23M | Scene, ViewLayer | Updating Mesh | Computing attributes
Fra:1 Mem:106.35M (Peak 110.09M) | Time:00:00.00 | Mem:81.34M, Peak:87.23M | Scene, ViewLayer | Updating Mesh | Copying Attributes to device
Fra:1 Mem:106.35M (Peak 110.09M) | Time:00:00.00 | Mem:81.34M, Peak:87.23M | Scene, ViewLayer | Updating Scene BVH | Building
Fra:1 Mem:106.35M (Peak 110.09M) | Time:00:00.00 | Mem:81.34M, Peak:87.23M | Scene, ViewLayer | Updating Scene BVH | Building BVH
Fra:1 Mem:106.35M (Peak 110.09M) | Time:00:00.00 | Mem:82.89M, Peak:87.23M | Scene, ViewLayer | Updating Scene BVH | Building BVH 0%
Fra:1 Mem:106.35M (Peak 110.09M) | Time:00:00.03 | Mem:84.73M, Peak:87.23M | Scene, ViewLayer | Updating Scene BVH | Copying BVH to device
Fra:1 Mem:106.35M (Peak 110.09M) | Time:00:00.03 | Mem:84.73M, Peak:87.23M | Scene, ViewLayer | Updating Mesh | Computing normals
Fra:1 Mem:108.09M (Peak 110.09M) | Time:00:00.04 | Mem:84.73M, Peak:87.23M | Scene, ViewLayer | Updating Mesh | Copying Mesh to device
Fra:1 Mem:108.09M (Peak 110.09M) | Time:00:00.04 | Mem:86.48M, Peak:87.23M | Scene, ViewLayer | Updating Objects Flags
Fra:1 Mem:108.09M (Peak 110.09M) | Time:00:00.04 | Mem:86.48M, Peak:87.23M | Scene, ViewLayer | Updating Primitive Offsets
Fra:1 Mem:108.09M (Peak 110.09M) | Time:00:00.04 | Mem:86.48M, Peak:87.23M | Scene, ViewLayer | Updating Images
Fra:1 Mem:107.09M (Peak 110.09M) | Time:00:00.04 | Mem:85.48M, Peak:87.23M | Scene, ViewLayer | Updating Camera Volume
Fra:1 Mem:107.09M (Peak 110.09M) | Time:00:00.04 | Mem:85.48M, Peak:87.23M | Scene, ViewLayer | Updating Lookup Tables
Fra:1 Mem:107.09M (Peak 110.09M) | Time:00:00.04 | Mem:85.48M, Peak:87.23M | Scene, ViewLayer | Updating Lights
Fra:1 Mem:43.06M (Peak 110.09M) | Time:00:00.06 | Mem:21.45M, Peak:87.23M | Scene, ViewLayer | Updating Lights | Importance map
Fra:1 Mem:107.09M (Peak 395.06M) | Time:00:06.71 | Mem:85.48M, Peak:245.45M | Scene, ViewLayer | Updating Lights | Computing tree
Fra:1 Mem:116.55M (Peak 395.06M) | Time:00:07.05 | Mem:94.94M, Peak:245.45M | Scene, ViewLayer | Updating Integrator
Fra:1 Mem:116.55M (Peak 395.06M) | Time:00:07.05 | Mem:94.94M, Peak:245.45M | Scene, ViewLayer | Updating Film
Fra:1 Mem:116.55M (Peak 395.06M) | Time:00:07.05 | Mem:94.85M, Peak:245.45M | Scene, ViewLayer | Updating Lookup Tables
Fra:1 Mem:116.55M (Peak 395.06M) | Time:00:07.05 | Mem:94.94M, Peak:245.45M | Scene, ViewLayer | Updating Baking
Fra:1 Mem:116.55M (Peak 395.06M) | Time:00:07.05 | Mem:94.94M, Peak:245.45M | Scene, ViewLayer | Updating Device | Writing constant memory
Fra:1 Mem:116.55M (Peak 395.06M) | Time:00:07.05 | Mem:94.94M, Peak:245.45M | Scene, ViewLayer | Sample 0/4
Fra:1 Mem:181.38M (Peak 395.06M) | Time:00:08.36 | Remaining:00:03.92 | Mem:159.76M, Peak:245.45M | Scene, ViewLayer | Sample 1/4
Fra:1 Mem:221.38M (Peak 395.06M) | Time:00:12.61 | Mem:159.76M, Peak:245.45M | Scene, ViewLayer | Sample 4/4
Fra:1 Mem:221.38M (Peak 395.06M) | Time:00:12.61 | Mem:159.76M, Peak:245.45M | Scene, ViewLayer | Finished
Saved: 'C:\Users\usman_pyywgw5\Downloads\fyp\out\sim\tmp\s000037\lwir_bg.exr'
Time: 00:12.85 (Saving: 00:00.24)

    lwir background 1280x1024: 15.3s
Fra:1 Mem:182.32M (Peak 182.32M) | Time:00:00.01 | Mem:159.76M, Peak:159.76M | Scene, ViewLayer | Synchronizing object | neg1
Fra:1 Mem:182.32M (Peak 182.32M) | Time:00:00.01 | Mem:159.76M, Peak:159.76M | Scene, ViewLayer | Synchronizing object | structures
Fra:1 Mem:182.33M (Peak 182.33M) | Time:00:00.01 | Mem:159.76M, Peak:159.76M | Scene, ViewLayer | Synchronizing object | neg0
Fra:1 Mem:183.56M (Peak 183.56M) | Time:00:00.01 | Mem:159.76M, Peak:159.76M | Scene, ViewLayer | Synchronizing object | KAL
Fra:1 Mem:181.67M (Peak 183.56M) | Time:00:00.01 | Mem:159.76M, Peak:159.76M | Scene, ViewLayer | Initializing
Fra:1 Mem:181.67M (Peak 183.56M) | Time:00:00.01 | Mem:159.76M, Peak:159.76M | Scene, ViewLayer | Waiting for render to start
Fra:1 Mem:181.67M (Peak 183.56M) | Time:00:00.01 | Mem:159.76M, Peak:159.76M | Scene, ViewLayer | Loading render kernels (may take a few minutes the first time)
Fra:1 Mem:181.67M (Peak 183.56M) | Time:00:00.01 | Mem:159.76M, Peak:159.76M | Scene, ViewLayer | Updating Scene
Fra:1 Mem:181.67M (Peak 183.56M) | Time:00:00.01 | Mem:159.76M, Peak:159.76M | Scene, ViewLayer | Updating Shaders
Fra:1 Mem:181.68M (Peak 183.56M) | Time:00:00.01 | Mem:159.77M, Peak:159.77M | Scene, ViewLayer | Updating Procedurals
Fra:1 Mem:181.68M (Peak 183.56M) | Time:00:00.01 | Mem:159.77M, Peak:159.77M | Scene, ViewLayer | Updating Background
Fra:1 Mem:181.68M (Peak 183.56M) | Time:00:00.01 | Mem:159.77M, Peak:159.77M | Scene, ViewLayer | Updating Camera
Fra:1 Mem:181.68M (Peak 183.56M) | Time:00:00.01 | Mem:159.68M, Peak:159.77M | Scene, ViewLayer | Updating Meshes Flags
Fra:1 Mem:181.68M (Peak 183.56M) | Time:00:00.01 | Mem:156.29M, Peak:159.77M | Scene, ViewLayer | Updating Objects
Fra:1 Mem:181.68M (Peak 183.56M) | Time:00:00.01 | Mem:156.29M, Peak:159.77M | Scene, ViewLayer | Updating Objects | Copying Transformations to device
Fra:1 Mem:181.68M (Peak 183.56M) | Time:00:00.01 | Mem:156.29M, Peak:159.77M | Scene, ViewLayer | Updating Objects | Applying Static Transformations
Fra:1 Mem:181.68M (Peak 183.56M) | Time:00:00.01 | Mem:156.29M, Peak:159.77M | Scene, ViewLayer | Updating Particle Systems
Fra:1 Mem:181.68M (Peak 183.56M) | Time:00:00.01 | Mem:156.29M, Peak:159.77M | Scene, ViewLayer | Updating Meshes
Fra:1 Mem:180.75M (Peak 183.56M) | Time:00:00.02 | Mem:154.55M, Peak:159.77M | Scene, ViewLayer | Updating Mesh | Computing attributes
Fra:1 Mem:180.76M (Peak 183.56M) | Time:00:00.02 | Mem:154.55M, Peak:159.77M | Scene, ViewLayer | Updating Mesh | Copying Attributes to device
Fra:1 Mem:180.75M (Peak 183.56M) | Time:00:00.02 | Mem:154.55M, Peak:159.77M | Scene, ViewLayer | Updating Geometry BVH neg1 3/3 | Building BVH
Fra:1 Mem:180.75M (Peak 183.56M) | Time:00:00.02 | Mem:154.56M, Peak:159.77M | Scene, ViewLayer | Updating Geometry BVH neg1 3/3 | Building BVH 0%
Fra:1 Mem:180.75M (Peak 183.56M) | Time:00:00.02 | Mem:154.58M, Peak:159.77M | Scene, ViewLayer | Updating Geometry BVH neg0 2/3 | Building BVH
Fra:1 Mem:180.75M (Peak 183.56M) | Time:00:00.02 | Mem:154.61M, Peak:159.77M | Scene, ViewLayer | Updating Geometry BVH KAL 1/3 | Building BVH
Fra:1 Mem:180.75M (Peak 183.56M) | Time:00:00.02 | Mem:154.77M, Peak:159.77M | Scene, ViewLayer | Updating Scene BVH | Building
Fra:1 Mem:180.75M (Peak 183.56M) | Time:00:00.02 | Mem:154.77M, Peak:159.77M | Scene, ViewLayer | Updating Scene BVH | Building BVH
Fra:1 Mem:180.75M (Peak 183.56M) | Time:00:00.04 | Mem:158.16M, Peak:159.77M | Scene, ViewLayer | Updating Scene BVH | Copying BVH to device
Fra:1 Mem:180.75M (Peak 183.56M) | Time:00:00.04 | Mem:158.16M, Peak:159.77M | Scene, ViewLayer | Updating Mesh | Computing normals
Fra:1 Mem:182.64M (Peak 183.56M) | Time:00:00.05 | Mem:158.16M, Peak:159.77M | Scene, ViewLayer | Updating Mesh | Copying Mesh to device
Fra:1 Mem:182.64M (Peak 183.56M) | Time:00:00.05 | Mem:160.04M, Peak:160.04M | Scene, ViewLayer | Updating Objects Flags
Fra:1 Mem:182.64M (Peak 183.56M) | Time:00:00.05 | Mem:160.04M, Peak:160.04M | Scene, ViewLayer | Updating Primitive Offsets
Fra:1 Mem:182.64M (Peak 183.56M) | Time:00:00.05 | Mem:160.04M, Peak:160.04M | Scene, ViewLayer | Updating Images
Fra:1 Mem:182.64M (Peak 183.56M) | Time:00:00.05 | Mem:160.04M, Peak:160.04M | Scene, ViewLayer | Updating Camera Volume
Fra:1 Mem:182.64M (Peak 183.56M) | Time:00:00.05 | Mem:160.04M, Peak:160.04M | Scene, ViewLayer | Updating Lookup Tables
Fra:1 Mem:182.64M (Peak 183.56M) | Time:00:00.05 | Mem:160.13M, Peak:160.13M | Scene, ViewLayer | Updating Lights
Fra:1 Mem:173.18M (Peak 183.56M) | Time:00:00.05 | Mem:150.67M, Peak:160.13M | Scene, ViewLayer | Updating Lights | Computing tree
Fra:1 Mem:183.11M (Peak 189.70M) | Time:00:00.49 | Mem:160.61M, Peak:160.61M | Scene, ViewLayer | Updating Integrator
Fra:1 Mem:183.11M (Peak 189.70M) | Time:00:00.49 | Mem:160.61M, Peak:160.61M | Scene, ViewLayer | Updating Film
Fra:1 Mem:183.11M (Peak 189.70M) | Time:00:00.49 | Mem:160.61M, Peak:160.61M | Scene, ViewLayer | Updating Lookup Tables
Fra:1 Mem:183.11M (Peak 189.70M) | Time:00:00.49 | Mem:160.61M, Peak:160.61M | Scene, ViewLayer | Updating Baking
Fra:1 Mem:183.11M (Peak 189.70M) | Time:00:00.49 | Mem:160.61M, Peak:160.61M | Scene, ViewLayer | Updating Device | Writing constant memory
Fra:1 Mem:183.11M (Peak 189.70M) | Time:00:00.49 | Mem:160.61M, Peak:160.61M | Scene, ViewLayer | Sample 0/256
Fra:1 Mem:118.40M (Peak 189.70M) | Time:00:00.51 | Remaining:00:05.00 | Mem:95.89M, Peak:160.61M | Scene, ViewLayer | Sample 1/256
Fra:1 Mem:118.40M (Peak 189.70M) | Time:00:00.73 | Remaining:00:01.70 | Mem:95.89M, Peak:160.61M | Scene, ViewLayer | Sample 32/256
Fra:1 Mem:118.40M (Peak 189.70M) | Time:00:00.77 | Remaining:00:01.21 | Mem:95.89M, Peak:160.61M | Scene, ViewLayer | Sample 48/256
Fra:1 Mem:118.40M (Peak 189.70M) | Time:00:00.80 | Remaining:00:00.93 | Mem:95.89M, Peak:160.61M | Scene, ViewLayer | Sample 64/256
Fra:1 Mem:118.40M (Peak 189.70M) | Time:00:00.82 | Remaining:00:00.72 | Mem:95.89M, Peak:160.61M | Scene, ViewLayer | Sample 80/256
Fra:1 Mem:118.40M (Peak 189.70M) | Time:00:00.83 | Remaining:00:00.56 | Mem:95.89M, Peak:160.61M | Scene, ViewLayer | Sample 96/256
Fra:1 Mem:118.40M (Peak 189.70M) | Time:00:00.85 | Remaining:00:00.46 | Mem:95.89M, Peak:160.61M | Scene, ViewLayer | Sample 112/256
Fra:1 Mem:118.40M (Peak 189.70M) | Time:00:00.86 | Remaining:00:00.37 | Mem:95.89M, Peak:160.61M | Scene, ViewLayer | Sample 128/256
Fra:1 Mem:118.40M (Peak 189.70M) | Time:00:00.90 | Remaining:00:00.31 | Mem:95.89M, Peak:160.61M | Scene, ViewLayer | Sample 144/256
Fra:1 Mem:118.40M (Peak 189.70M) | Time:00:00.93 | Remaining:00:00.26 | Mem:95.89M, Peak:160.61M | Scene, ViewLayer | Sample 160/256
Fra:1 Mem:118.40M (Peak 189.70M) | Time:00:00.94 | Remaining:00:00.20 | Mem:95.89M, Peak:160.61M | Scene, ViewLayer | Sample 176/256
Fra:1 Mem:118.40M (Peak 189.70M) | Time:00:00.97 | Remaining:00:00.15 | Mem:95.89M, Peak:160.61M | Scene, ViewLayer | Sample 192/256
Fra:1 Mem:118.40M (Peak 189.70M) | Time:00:00.97 | Remaining:00:00.11 | Mem:95.89M, Peak:160.61M | Scene, ViewLayer | Sample 208/256
Fra:1 Mem:118.40M (Peak 189.70M) | Time:00:00.98 | Remaining:00:00.07 | Mem:95.89M, Peak:160.61M | Scene, ViewLayer | Sample 224/256
Fra:1 Mem:118.40M (Peak 189.70M) | Time:00:01.01 | Remaining:00:00.03 | Mem:95.89M, Peak:160.61M | Scene, ViewLayer | Sample 240/256
Fra:1 Mem:118.57M (Peak 189.70M) | Time:00:01.04 | Mem:95.89M, Peak:160.61M | Scene, ViewLayer | Sample 256/256
Fra:1 Mem:118.57M (Peak 189.70M) | Time:00:01.04 | Mem:95.89M, Peak:160.61M | Scene, ViewLayer | Finished
Saved: 'C:\Users\usman_pyywgw5\Downloads\fyp\out\sim\tmp\s000037\lwir_target.exr'
Time: 00:01.04 (Saving: 00:00.00)

    lwir target  crop 21x17 px @4x: 1.1s
Fra:1 Mem:118.40M (Peak 118.40M) | Time:00:00.00 | Mem:95.89M, Peak:95.89M | Scene, ViewLayer | Synchronizing object | ground
Fra:1 Mem:118.40M (Peak 118.40M) | Time:00:00.00 | Mem:95.89M, Peak:95.89M | Scene, ViewLayer | Synchronizing object | structures
Fra:1 Mem:117.63M (Peak 119.56M) | Time:00:00.01 | Mem:95.89M, Peak:95.89M | Scene, ViewLayer | Initializing
Fra:1 Mem:117.62M (Peak 119.56M) | Time:00:00.01 | Mem:95.89M, Peak:95.89M | Scene, ViewLayer | Waiting for render to start
Fra:1 Mem:117.62M (Peak 119.56M) | Time:00:00.01 | Mem:95.89M, Peak:95.89M | Scene, ViewLayer | Updating Scene
Fra:1 Mem:117.62M (Peak 119.56M) | Time:00:00.01 | Mem:95.89M, Peak:95.89M | Scene, ViewLayer | Updating Shaders
Fra:1 Mem:117.62M (Peak 119.56M) | Time:00:00.01 | Mem:95.89M, Peak:95.89M | Scene, ViewLayer | Updating Background
Fra:1 Mem:117.62M (Peak 119.56M) | Time:00:00.01 | Mem:95.89M, Peak:95.89M | Scene, ViewLayer | Updating Camera
Fra:1 Mem:117.62M (Peak 119.56M) | Time:00:00.01 | Mem:95.89M, Peak:95.89M | Scene, ViewLayer | Updating Meshes Flags
Fra:1 Mem:117.62M (Peak 119.56M) | Time:00:00.01 | Mem:92.50M, Peak:95.89M | Scene, ViewLayer | Updating Objects
Fra:1 Mem:117.62M (Peak 119.56M) | Time:00:00.01 | Mem:92.50M, Peak:95.89M | Scene, ViewLayer | Updating Objects | Copying Transformations to device
Fra:1 Mem:117.62M (Peak 119.56M) | Time:00:00.01 | Mem:92.50M, Peak:95.89M | Scene, ViewLayer | Updating Objects | Applying Static Transformations
Fra:1 Mem:117.62M (Peak 119.56M) | Time:00:00.01 | Mem:92.50M, Peak:95.89M | Scene, ViewLayer | Updating Particle Systems
Fra:1 Mem:117.62M (Peak 119.56M) | Time:00:00.01 | Mem:92.50M, Peak:95.89M | Scene, ViewLayer | Updating Meshes
Fra:1 Mem:116.51M (Peak 119.56M) | Time:00:00.01 | Mem:90.62M, Peak:95.89M | Scene, ViewLayer | Updating Mesh | Computing attributes
Fra:1 Mem:116.52M (Peak 119.56M) | Time:00:00.01 | Mem:90.62M, Peak:95.89M | Scene, ViewLayer | Updating Mesh | Copying Attributes to device
Fra:1 Mem:116.52M (Peak 119.56M) | Time:00:00.01 | Mem:90.62M, Peak:95.89M | Scene, ViewLayer | Updating Scene BVH | Building
Fra:1 Mem:116.52M (Peak 119.56M) | Time:00:00.01 | Mem:90.62M, Peak:95.89M | Scene, ViewLayer | Updating Scene BVH | Building BVH
Fra:1 Mem:116.52M (Peak 119.56M) | Time:00:00.01 | Mem:92.16M, Peak:95.89M | Scene, ViewLayer | Updating Scene BVH | Building BVH 0%
Fra:1 Mem:116.52M (Peak 119.56M) | Time:00:00.03 | Mem:94.01M, Peak:95.89M | Scene, ViewLayer | Updating Scene BVH | Copying BVH to device
Fra:1 Mem:116.52M (Peak 119.56M) | Time:00:00.03 | Mem:94.01M, Peak:95.89M | Scene, ViewLayer | Updating Mesh | Computing normals
Fra:1 Mem:118.40M (Peak 119.56M) | Time:00:00.04 | Mem:94.01M, Peak:95.89M | Scene, ViewLayer | Updating Mesh | Copying Mesh to device
Fra:1 Mem:118.40M (Peak 119.56M) | Time:00:00.04 | Mem:95.89M, Peak:95.89M | Scene, ViewLayer | Updating Objects Flags
Fra:1 Mem:118.40M (Peak 119.56M) | Time:00:00.04 | Mem:95.89M, Peak:95.89M | Scene, ViewLayer | Updating Primitive Offsets
Fra:1 Mem:118.40M (Peak 119.56M) | Time:00:00.04 | Mem:95.89M, Peak:95.89M | Scene, ViewLayer | Updating Images
Fra:1 Mem:118.40M (Peak 119.56M) | Time:00:00.04 | Mem:95.89M, Peak:95.89M | Scene, ViewLayer | Updating Camera Volume
Fra:1 Mem:118.40M (Peak 119.56M) | Time:00:00.04 | Mem:95.89M, Peak:95.89M | Scene, ViewLayer | Updating Lookup Tables
Fra:1 Mem:118.40M (Peak 119.56M) | Time:00:00.04 | Mem:95.89M, Peak:95.89M | Scene, ViewLayer | Updating Lights
Fra:1 Mem:108.46M (Peak 119.56M) | Time:00:00.04 | Mem:85.95M, Peak:95.89M | Scene, ViewLayer | Updating Lights | Computing tree
Fra:1 Mem:118.40M (Peak 124.98M) | Time:00:00.49 | Mem:95.89M, Peak:95.89M | Scene, ViewLayer | Updating Integrator
Fra:1 Mem:118.40M (Peak 124.98M) | Time:00:00.49 | Mem:95.89M, Peak:95.89M | Scene, ViewLayer | Updating Film
Fra:1 Mem:118.40M (Peak 124.98M) | Time:00:00.49 | Mem:95.89M, Peak:95.89M | Scene, ViewLayer | Updating Lookup Tables
Fra:1 Mem:118.40M (Peak 124.98M) | Time:00:00.49 | Mem:95.89M, Peak:95.89M | Scene, ViewLayer | Updating Baking
Fra:1 Mem:118.40M (Peak 124.98M) | Time:00:00.49 | Mem:95.89M, Peak:95.89M | Scene, ViewLayer | Updating Device | Writing constant memory
Fra:1 Mem:118.40M (Peak 124.98M) | Time:00:00.49 | Mem:95.89M, Peak:95.89M | Scene, ViewLayer | Sample 0/256
Fra:1 Mem:118.29M (Peak 124.98M) | Time:00:00.50 | Remaining:00:03.31 | Mem:95.78M, Peak:95.89M | Scene, ViewLayer | Sample 1/256
Fra:1 Mem:118.29M (Peak 124.98M) | Time:00:00.77 | Remaining:00:01.98 | Mem:95.78M, Peak:95.89M | Scene, ViewLayer | Sample 32/256
Fra:1 Mem:118.29M (Peak 124.98M) | Time:00:00.78 | Remaining:00:01.25 | Mem:95.78M, Peak:95.89M | Scene, ViewLayer | Sample 48/256
Fra:1 Mem:118.29M (Peak 124.98M) | Time:00:00.78 | Remaining:00:00.88 | Mem:95.78M, Peak:95.89M | Scene, ViewLayer | Sample 64/256
Fra:1 Mem:118.29M (Peak 124.98M) | Time:00:00.79 | Remaining:00:00.65 | Mem:95.78M, Peak:95.89M | Scene, ViewLayer | Sample 80/256
Fra:1 Mem:118.29M (Peak 124.98M) | Time:00:00.79 | Remaining:00:00.50 | Mem:95.78M, Peak:95.89M | Scene, ViewLayer | Sample 96/256
Fra:1 Mem:118.29M (Peak 124.98M) | Time:00:00.81 | Remaining:00:00.40 | Mem:95.78M, Peak:95.89M | Scene, ViewLayer | Sample 112/256
Fra:1 Mem:118.29M (Peak 124.98M) | Time:00:00.82 | Remaining:00:00.33 | Mem:95.78M, Peak:95.89M | Scene, ViewLayer | Sample 128/256
Fra:1 Mem:118.29M (Peak 124.98M) | Time:00:00.83 | Remaining:00:00.26 | Mem:95.78M, Peak:95.89M | Scene, ViewLayer | Sample 144/256
Fra:1 Mem:118.29M (Peak 124.98M) | Time:00:00.83 | Remaining:00:00.20 | Mem:95.78M, Peak:95.89M | Scene, ViewLayer | Sample 160/256
Fra:1 Mem:118.29M (Peak 124.98M) | Time:00:00.84 | Remaining:00:00.15 | Mem:95.78M, Peak:95.89M | Scene, ViewLayer | Sample 176/256
Fra:1 Mem:118.29M (Peak 124.98M) | Time:00:00.84 | Remaining:00:00.11 | Mem:95.78M, Peak:95.89M | Scene, ViewLayer | Sample 192/256
Fra:1 Mem:118.29M (Peak 124.98M) | Time:00:00.85 | Remaining:00:00.08 | Mem:95.78M, Peak:95.89M | Scene, ViewLayer | Sample 208/256
Fra:1 Mem:118.29M (Peak 124.98M) | Time:00:00.87 | Remaining:00:00.05 | Mem:95.78M, Peak:95.89M | Scene, ViewLayer | Sample 224/256
Fra:1 Mem:118.29M (Peak 124.98M) | Time:00:00.90 | Remaining:00:00.02 | Mem:95.78M, Peak:95.89M | Scene, ViewLayer | Sample 240/256
Fra:1 Mem:118.41M (Peak 124.98M) | Time:00:00.90 | Mem:95.78M, Peak:95.89M | Scene, ViewLayer | Sample 256/256
Fra:1 Mem:118.41M (Peak 124.98M) | Time:00:00.90 | Mem:95.78M, Peak:95.89M | Scene, ViewLayer | Finished
Saved: 'C:\Users\usman_pyywgw5\Downloads\fyp\out\sim\tmp\s000037\lwir_neg0.exr'
Time: 00:00.92 (Saving: 00:00.01)

    lwir neg0    crop 15x15 px @4x: 1.0s
Fra:1 Mem:118.30M (Peak 118.30M) | Time:00:00.00 | Mem:95.78M, Peak:95.78M | Scene, ViewLayer | Synchronizing object | structures
Fra:1 Mem:118.29M (Peak 118.30M) | Time:00:00.00 | Mem:95.78M, Peak:95.78M | Scene, ViewLayer | Synchronizing object | ground
Fra:1 Mem:117.52M (Peak 119.46M) | Time:00:00.00 | Mem:95.78M, Peak:95.78M | Scene, ViewLayer | Initializing
Fra:1 Mem:117.52M (Peak 119.46M) | Time:00:00.00 | Mem:95.78M, Peak:95.78M | Scene, ViewLayer | Waiting for render to start
Fra:1 Mem:117.52M (Peak 119.46M) | Time:00:00.00 | Mem:95.78M, Peak:95.78M | Scene, ViewLayer | Updating Scene
Fra:1 Mem:117.52M (Peak 119.46M) | Time:00:00.00 | Mem:95.78M, Peak:95.78M | Scene, ViewLayer | Updating Shaders
Fra:1 Mem:117.52M (Peak 119.46M) | Time:00:00.00 | Mem:95.78M, Peak:95.78M | Scene, ViewLayer | Updating Background
Fra:1 Mem:117.52M (Peak 119.46M) | Time:00:00.00 | Mem:95.78M, Peak:95.78M | Scene, ViewLayer | Updating Camera
Fra:1 Mem:117.52M (Peak 119.46M) | Time:00:00.00 | Mem:95.78M, Peak:95.78M | Scene, ViewLayer | Updating Meshes Flags
Fra:1 Mem:117.52M (Peak 119.46M) | Time:00:00.00 | Mem:92.39M, Peak:95.78M | Scene, ViewLayer | Updating Objects
Fra:1 Mem:117.52M (Peak 119.46M) | Time:00:00.00 | Mem:92.39M, Peak:95.78M | Scene, ViewLayer | Updating Objects | Copying Transformations to device
Fra:1 Mem:117.52M (Peak 119.46M) | Time:00:00.00 | Mem:92.39M, Peak:95.78M | Scene, ViewLayer | Updating Objects | Applying Static Transformations
Fra:1 Mem:117.52M (Peak 119.46M) | Time:00:00.00 | Mem:92.39M, Peak:95.78M | Scene, ViewLayer | Updating Particle Systems
Fra:1 Mem:117.52M (Peak 119.46M) | Time:00:00.00 | Mem:92.39M, Peak:95.78M | Scene, ViewLayer | Updating Meshes
Fra:1 Mem:116.41M (Peak 119.46M) | Time:00:00.00 | Mem:90.51M, Peak:95.78M | Scene, ViewLayer | Updating Mesh | Computing attributes
Fra:1 Mem:116.41M (Peak 119.46M) | Time:00:00.00 | Mem:90.51M, Peak:95.78M | Scene, ViewLayer | Updating Mesh | Copying Attributes to device
Fra:1 Mem:116.41M (Peak 119.46M) | Time:00:00.00 | Mem:90.51M, Peak:95.78M | Scene, ViewLayer | Updating Scene BVH | Building
Fra:1 Mem:116.41M (Peak 119.46M) | Time:00:00.00 | Mem:90.51M, Peak:95.78M | Scene, ViewLayer | Updating Scene BVH | Building BVH
Fra:1 Mem:116.41M (Peak 119.46M) | Time:00:00.00 | Mem:92.06M, Peak:95.78M | Scene, ViewLayer | Updating Scene BVH | Building BVH 0%
Fra:1 Mem:116.41M (Peak 119.46M) | Time:00:00.03 | Mem:93.90M, Peak:95.78M | Scene, ViewLayer | Updating Scene BVH | Copying BVH to device
Fra:1 Mem:116.41M (Peak 119.46M) | Time:00:00.03 | Mem:93.90M, Peak:95.78M | Scene, ViewLayer | Updating Mesh | Computing normals
Fra:1 Mem:118.29M (Peak 119.46M) | Time:00:00.03 | Mem:93.90M, Peak:95.78M | Scene, ViewLayer | Updating Mesh | Copying Mesh to device
Fra:1 Mem:118.29M (Peak 119.46M) | Time:00:00.03 | Mem:95.78M, Peak:95.78M | Scene, ViewLayer | Updating Objects Flags
Fra:1 Mem:118.29M (Peak 119.46M) | Time:00:00.03 | Mem:95.78M, Peak:95.78M | Scene, ViewLayer | Updating Primitive Offsets
Fra:1 Mem:118.29M (Peak 119.46M) | Time:00:00.03 | Mem:95.78M, Peak:95.78M | Scene, ViewLayer | Updating Images
Fra:1 Mem:118.29M (Peak 119.46M) | Time:00:00.03 | Mem:95.78M, Peak:95.78M | Scene, ViewLayer | Updating Camera Volume
Fra:1 Mem:118.29M (Peak 119.46M) | Time:00:00.03 | Mem:95.78M, Peak:95.78M | Scene, ViewLayer | Updating Lookup Tables
Fra:1 Mem:118.29M (Peak 119.46M) | Time:00:00.03 | Mem:95.78M, Peak:95.78M | Scene, ViewLayer | Updating Lights
Fra:1 Mem:108.35M (Peak 119.46M) | Time:00:00.03 | Mem:85.85M, Peak:95.78M | Scene, ViewLayer | Updating Lights | Computing tree
Fra:1 Mem:118.29M (Peak 124.88M) | Time:00:00.65 | Mem:95.78M, Peak:95.78M | Scene, ViewLayer | Updating Integrator
Fra:1 Mem:118.29M (Peak 124.88M) | Time:00:00.65 | Mem:95.78M, Peak:95.78M | Scene, ViewLayer | Updating Film
Fra:1 Mem:118.29M (Peak 124.88M) | Time:00:00.65 | Mem:95.78M, Peak:95.78M | Scene, ViewLayer | Updating Lookup Tables
Fra:1 Mem:118.29M (Peak 124.88M) | Time:00:00.65 | Mem:95.78M, Peak:95.78M | Scene, ViewLayer | Updating Baking
Fra:1 Mem:118.29M (Peak 124.88M) | Time:00:00.65 | Mem:95.78M, Peak:95.78M | Scene, ViewLayer | Updating Device | Writing constant memory
Fra:1 Mem:118.29M (Peak 124.88M) | Time:00:00.65 | Mem:95.78M, Peak:95.78M | Scene, ViewLayer | Sample 0/256
Fra:1 Mem:118.29M (Peak 124.88M) | Time:00:00.66 | Remaining:00:01.49 | Mem:95.78M, Peak:95.78M | Scene, ViewLayer | Sample 1/256
Fra:1 Mem:118.29M (Peak 124.88M) | Time:00:00.92 | Remaining:00:01.85 | Mem:95.78M, Peak:95.78M | Scene, ViewLayer | Sample 32/256
Fra:1 Mem:118.29M (Peak 124.88M) | Time:00:00.92 | Remaining:00:01.16 | Mem:95.78M, Peak:95.78M | Scene, ViewLayer | Sample 48/256
Fra:1 Mem:118.29M (Peak 124.88M) | Time:00:00.92 | Remaining:00:00.81 | Mem:95.78M, Peak:95.78M | Scene, ViewLayer | Sample 64/256
Fra:1 Mem:118.29M (Peak 124.88M) | Time:00:00.93 | Remaining:00:00.60 | Mem:95.78M, Peak:95.78M | Scene, ViewLayer | Sample 80/256
Fra:1 Mem:118.29M (Peak 124.88M) | Time:00:00.93 | Remaining:00:00.45 | Mem:95.78M, Peak:95.78M | Scene, ViewLayer | Sample 96/256
Fra:1 Mem:118.29M (Peak 124.88M) | Time:00:00.93 | Remaining:00:00.35 | Mem:95.78M, Peak:95.78M | Scene, ViewLayer | Sample 112/256
Fra:1 Mem:118.29M (Peak 124.88M) | Time:00:00.93 | Remaining:00:00.27 | Mem:95.78M, Peak:95.78M | Scene, ViewLayer | Sample 128/256
Fra:1 Mem:118.29M (Peak 124.88M) | Time:00:00.93 | Remaining:00:00.21 | Mem:95.78M, Peak:95.78M | Scene, ViewLayer | Sample 144/256
Fra:1 Mem:118.29M (Peak 124.88M) | Time:00:00.94 | Remaining:00:00.17 | Mem:95.78M, Peak:95.78M | Scene, ViewLayer | Sample 160/256
Fra:1 Mem:118.29M (Peak 124.88M) | Time:00:00.94 | Remaining:00:00.13 | Mem:95.78M, Peak:95.78M | Scene, ViewLayer | Sample 176/256
Fra:1 Mem:118.29M (Peak 124.88M) | Time:00:00.94 | Remaining:00:00.09 | Mem:95.78M, Peak:95.78M | Scene, ViewLayer | Sample 192/256
Fra:1 Mem:118.29M (Peak 124.88M) | Time:00:00.94 | Remaining:00:00.06 | Mem:95.78M, Peak:95.78M | Scene, ViewLayer | Sample 208/256
Fra:1 Mem:118.29M (Peak 124.88M) | Time:00:00.94 | Remaining:00:00.04 | Mem:95.78M, Peak:95.78M | Scene, ViewLayer | Sample 224/256
Fra:1 Mem:118.29M (Peak 124.88M) | Time:00:00.95 | Remaining:00:00.01 | Mem:95.78M, Peak:95.78M | Scene, ViewLayer | Sample 240/256
Fra:1 Mem:118.40M (Peak 124.88M) | Time:00:00.95 | Mem:95.78M, Peak:95.78M | Scene, ViewLayer | Sample 256/256
Fra:1 Mem:118.40M (Peak 124.88M) | Time:00:00.95 | Mem:95.78M, Peak:95.78M | Scene, ViewLayer | Finished
Saved: 'C:\Users\usman_pyywgw5\Downloads\fyp\out\sim\tmp\s000037\lwir_neg1.exr'
Time: 00:00.96 (Saving: 00:00.00)

    lwir neg1    crop 16x14 px @4x: 1.0s
Fra:1 Mem:117.35M (Peak 118.22M) | Time:00:00.00 | Mem:95.78M, Peak:95.78M | Scene, ViewLayer | Synchronizing object | structures
Fra:1 Mem:117.35M (Peak 118.22M) | Time:00:00.00 | Mem:95.78M, Peak:95.78M | Scene, ViewLayer | Synchronizing object | ground
Fra:1 Mem:119.34M (Peak 119.73M) | Time:00:00.00 | Mem:95.78M, Peak:95.78M | Scene, ViewLayer | Initializing
Fra:1 Mem:116.79M (Peak 119.73M) | Time:00:00.00 | Mem:95.78M, Peak:95.78M | Scene, ViewLayer | Waiting for render to start
Fra:1 Mem:116.79M (Peak 119.73M) | Time:00:00.00 | Mem:95.78M, Peak:95.78M | Scene, ViewLayer | Loading render kernels (may take a few minutes the first time)
Fra:1 Mem:116.79M (Peak 119.73M) | Time:00:00.00 | Mem:95.78M, Peak:95.78M | Scene, ViewLayer | Updating Scene
Fra:1 Mem:116.79M (Peak 119.73M) | Time:00:00.00 | Mem:95.78M, Peak:95.78M | Scene, ViewLayer | Updating Shaders
Fra:1 Mem:116.78M (Peak 119.73M) | Time:00:00.00 | Mem:95.78M, Peak:95.78M | Scene, ViewLayer | Updating Procedurals
Fra:1 Mem:116.78M (Peak 119.73M) | Time:00:00.00 | Mem:95.78M, Peak:95.78M | Scene, ViewLayer | Updating Background
Fra:1 Mem:116.78M (Peak 119.73M) | Time:00:00.00 | Mem:95.78M, Peak:95.78M | Scene, ViewLayer | Updating Camera
Fra:1 Mem:116.78M (Peak 119.73M) | Time:00:00.00 | Mem:95.78M, Peak:95.78M | Scene, ViewLayer | Updating Meshes Flags
Fra:1 Mem:116.78M (Peak 119.73M) | Time:00:00.00 | Mem:92.17M, Peak:95.78M | Scene, ViewLayer | Updating Objects
Fra:1 Mem:116.78M (Peak 119.73M) | Time:00:00.00 | Mem:92.16M, Peak:95.78M | Scene, ViewLayer | Updating Objects | Copying Transformations to device
Fra:1 Mem:116.78M (Peak 119.73M) | Time:00:00.00 | Mem:92.17M, Peak:95.78M | Scene, ViewLayer | Updating Objects | Applying Static Transformations
Fra:1 Mem:116.78M (Peak 119.73M) | Time:00:00.00 | Mem:92.17M, Peak:95.78M | Scene, ViewLayer | Updating Particle Systems
Fra:1 Mem:116.78M (Peak 119.73M) | Time:00:00.00 | Mem:92.17M, Peak:95.78M | Scene, ViewLayer | Updating Meshes
Fra:1 Mem:115.67M (Peak 119.73M) | Time:00:00.00 | Mem:90.28M, Peak:95.78M | Scene, ViewLayer | Updating Mesh | Computing attributes
Fra:1 Mem:115.97M (Peak 119.73M) | Time:00:00.00 | Mem:90.28M, Peak:95.78M | Scene, ViewLayer | Updating Mesh | Copying Attributes to device
Fra:1 Mem:115.97M (Peak 119.73M) | Time:00:00.00 | Mem:90.58M, Peak:95.78M | Scene, ViewLayer | Updating Scene BVH | Building
Fra:1 Mem:115.97M (Peak 119.73M) | Time:00:00.00 | Mem:90.58M, Peak:95.78M | Scene, ViewLayer | Updating Scene BVH | Building BVH
Fra:1 Mem:115.97M (Peak 119.73M) | Time:00:00.00 | Mem:92.12M, Peak:95.78M | Scene, ViewLayer | Updating Scene BVH | Building BVH 0%
Fra:1 Mem:115.97M (Peak 119.73M) | Time:00:00.04 | Mem:93.97M, Peak:95.78M | Scene, ViewLayer | Updating Scene BVH | Copying BVH to device
Fra:1 Mem:115.97M (Peak 119.73M) | Time:00:00.04 | Mem:93.97M, Peak:95.78M | Scene, ViewLayer | Updating Mesh | Computing normals
Fra:1 Mem:117.71M (Peak 119.73M) | Time:00:00.04 | Mem:93.97M, Peak:95.78M | Scene, ViewLayer | Updating Mesh | Copying Mesh to device
Fra:1 Mem:117.71M (Peak 119.73M) | Time:00:00.04 | Mem:95.71M, Peak:95.78M | Scene, ViewLayer | Updating Objects Flags
Fra:1 Mem:117.71M (Peak 119.73M) | Time:00:00.04 | Mem:95.71M, Peak:95.78M | Scene, ViewLayer | Updating Primitive Offsets
Fra:1 Mem:117.71M (Peak 119.73M) | Time:00:00.04 | Mem:95.71M, Peak:95.78M | Scene, ViewLayer | Updating Images
Fra:1 Mem:117.68M (Peak 119.73M) | Time:00:00.04 | Mem:95.68M, Peak:95.78M | Scene, ViewLayer | Updating Images | Loading sky_nishita
Fra:1 Mem:118.68M (Peak 119.73M) | Time:00:00.83 | Mem:96.68M, Peak:96.68M | Scene, ViewLayer | Updating Camera Volume
Fra:1 Mem:118.68M (Peak 119.73M) | Time:00:00.83 | Mem:96.68M, Peak:96.68M | Scene, ViewLayer | Updating Lookup Tables
Fra:1 Mem:118.68M (Peak 119.73M) | Time:00:00.83 | Mem:96.68M, Peak:96.68M | Scene, ViewLayer | Updating Lights
Fra:1 Mem:44.71M (Peak 119.73M) | Time:00:00.85 | Mem:22.71M, Peak:96.68M | Scene, ViewLayer | Updating Lights | Importance map
Fra:1 Mem:108.74M (Peak 396.71M) | Time:00:08.21 | Mem:86.74M, Peak:246.71M | Scene, ViewLayer | Updating Lights | Computing tree
Fra:1 Mem:108.75M (Peak 396.71M) | Time:00:08.21 | Mem:86.74M, Peak:246.71M | Scene, ViewLayer | Updating Integrator
Fra:1 Mem:108.75M (Peak 396.71M) | Time:00:08.21 | Mem:86.74M, Peak:246.71M | Scene, ViewLayer | Updating Film
Fra:1 Mem:108.74M (Peak 396.71M) | Time:00:08.21 | Mem:86.66M, Peak:246.71M | Scene, ViewLayer | Updating Lookup Tables
Fra:1 Mem:108.74M (Peak 396.71M) | Time:00:08.21 | Mem:86.74M, Peak:246.71M | Scene, ViewLayer | Updating Baking
Fra:1 Mem:108.74M (Peak 396.71M) | Time:00:08.21 | Mem:86.74M, Peak:246.71M | Scene, ViewLayer | Updating Device | Writing constant memory
Fra:1 Mem:108.74M (Peak 396.71M) | Time:00:08.21 | Mem:86.74M, Peak:246.71M | Scene, ViewLayer | Sample 0/256
Fra:1 Mem:173.57M (Peak 396.71M) | Time:00:12.76 | Remaining:19:20.27 | Mem:151.57M, Peak:246.71M | Scene, ViewLayer | Sample 1/256
Fra:1 Mem:173.57M (Peak 396.71M) | Time:00:48.24 | Remaining:18:18.50 | Mem:151.57M, Peak:246.71M | Scene, ViewLayer | Sample 9/256
Fra:1 Mem:173.57M (Peak 396.71M) | Time:01:43.26 | Remaining:22:16.29 | Mem:151.57M, Peak:246.71M | Scene, ViewLayer | Sample 17/256
Fra:1 Mem:173.57M (Peak 396.71M) | Time:02:23.92 | Remaining:20:54.00 | Mem:151.57M, Peak:246.71M | Scene, ViewLayer | Sample 25/256
Fra:1 Mem:173.57M (Peak 396.71M) | Time:02:55.69 | Remaining:19:32.36 | Mem:151.57M, Peak:246.71M | Scene, ViewLayer | Sample 32/256
Fra:1 Mem:213.57M (Peak 396.71M) | Time:02:55.84 | Remaining:19:33.41 | Mem:151.57M, Peak:246.71M | Scene, ViewLayer | Sample 0/256
Fra:1 Mem:213.57M (Peak 396.71M) | Time:02:55.84 | Remaining:19:33.41 | Mem:151.57M, Peak:246.71M | Scene, ViewLayer | Finished
Saved: 'C:\Users\usman_pyywgw5\Downloads\fyp\out\sim\tmp\s000037\swir_bg.exr'
Time: 02:56.09 (Saving: 00:00.25)

    swir background 1280x1024: 177.9s
Fra:1 Mem:173.34M (Peak 173.51M) | Time:00:00.00 | Mem:151.57M, Peak:151.57M | Scene, ViewLayer | Initializing
Fra:1 Mem:170.57M (Peak 173.51M) | Time:00:00.00 | Mem:151.57M, Peak:151.57M | Scene, ViewLayer | Waiting for render to start
Fra:1 Mem:170.57M (Peak 173.51M) | Time:00:00.00 | Mem:151.57M, Peak:151.57M | Scene, ViewLayer | Updating Scene
Fra:1 Mem:170.57M (Peak 173.51M) | Time:00:00.00 | Mem:151.57M, Peak:151.57M | Scene, ViewLayer | Updating Shaders
Fra:1 Mem:170.57M (Peak 173.51M) | Time:00:00.00 | Mem:151.57M, Peak:151.57M | Scene, ViewLayer | Updating Background
Fra:1 Mem:170.57M (Peak 173.51M) | Time:00:00.00 | Mem:151.57M, Peak:151.57M | Scene, ViewLayer | Updating Camera
Fra:1 Mem:170.57M (Peak 173.51M) | Time:00:00.00 | Mem:151.57M, Peak:151.57M | Scene, ViewLayer | Updating Meshes Flags
Fra:1 Mem:170.57M (Peak 173.51M) | Time:00:00.00 | Mem:148.18M, Peak:151.57M | Scene, ViewLayer | Updating Objects
Fra:1 Mem:170.57M (Peak 173.51M) | Time:00:00.00 | Mem:148.18M, Peak:151.57M | Scene, ViewLayer | Updating Particle Systems
Fra:1 Mem:170.57M (Peak 173.51M) | Time:00:00.00 | Mem:148.18M, Peak:151.57M | Scene, ViewLayer | Updating Meshes
Fra:1 Mem:168.53M (Peak 173.51M) | Time:00:00.00 | Mem:146.14M, Peak:151.57M | Scene, ViewLayer | Updating Mesh | Computing attributes
Fra:1 Mem:168.53M (Peak 173.51M) | Time:00:00.00 | Mem:146.14M, Peak:151.57M | Scene, ViewLayer | Updating Mesh | Copying Attributes to device
Fra:1 Mem:168.53M (Peak 173.51M) | Time:00:00.00 | Mem:146.14M, Peak:151.57M | Scene, ViewLayer | Updating Scene BVH | Building
Fra:1 Mem:168.53M (Peak 173.51M) | Time:00:00.00 | Mem:146.14M, Peak:151.57M | Scene, ViewLayer | Updating Scene BVH | Building BVH
Fra:1 Mem:168.53M (Peak 173.51M) | Time:00:00.00 | Mem:146.14M, Peak:151.57M | Scene, ViewLayer | Updating Scene BVH | Copying BVH to device
Fra:1 Mem:168.53M (Peak 173.51M) | Time:00:00.00 | Mem:146.14M, Peak:151.57M | Scene, ViewLayer | Updating Objects Flags
Fra:1 Mem:168.53M (Peak 173.51M) | Time:00:00.00 | Mem:146.14M, Peak:151.57M | Scene, ViewLayer | Updating Primitive Offsets
Fra:1 Mem:168.53M (Peak 173.51M) | Time:00:00.00 | Mem:146.14M, Peak:151.57M | Scene, ViewLayer | Updating Images
Fra:1 Mem:168.53M (Peak 173.51M) | Time:00:00.00 | Mem:146.14M, Peak:151.57M | Scene, ViewLayer | Updating Camera Volume
Fra:1 Mem:168.53M (Peak 173.51M) | Time:00:00.00 | Mem:146.14M, Peak:151.57M | Scene, ViewLayer | Updating Lookup Tables
Fra:1 Mem:168.53M (Peak 173.51M) | Time:00:00.00 | Mem:146.14M, Peak:151.57M | Scene, ViewLayer | Updating Lights
Fra:1 Mem:168.53M (Peak 173.51M) | Time:00:00.00 | Mem:146.14M, Peak:151.57M | Scene, ViewLayer | Updating Lights | Computing tree
Fra:1 Mem:168.53M (Peak 173.51M) | Time:00:00.00 | Mem:146.14M, Peak:151.57M | Scene, ViewLayer | Updating Integrator
Fra:1 Mem:168.53M (Peak 173.51M) | Time:00:00.00 | Mem:146.14M, Peak:151.57M | Scene, ViewLayer | Updating Film
Fra:1 Mem:168.53M (Peak 173.51M) | Time:00:00.00 | Mem:146.14M, Peak:151.57M | Scene, ViewLayer | Updating Lookup Tables
Fra:1 Mem:168.53M (Peak 173.51M) | Time:00:00.00 | Mem:146.14M, Peak:151.57M | Scene, ViewLayer | Updating Baking
Fra:1 Mem:168.53M (Peak 173.51M) | Time:00:00.00 | Mem:146.14M, Peak:151.57M | Scene, ViewLayer | Updating Device | Writing constant memory
Fra:1 Mem:168.53M (Peak 173.51M) | Time:00:00.00 | Mem:146.14M, Peak:151.57M | Scene, ViewLayer | Sample 0/8
Fra:1 Mem:103.55M (Peak 173.51M) | Time:00:00.01 | Remaining:00:00.06 | Mem:81.15M, Peak:151.57M | Scene, ViewLayer | Sample 1/8
Fra:1 Mem:103.57M (Peak 173.51M) | Time:00:00.01 | Mem:81.15M, Peak:151.57M | Scene, ViewLayer | Sample 8/8
Fra:1 Mem:103.57M (Peak 173.51M) | Time:00:00.01 | Mem:81.15M, Peak:151.57M | Scene, ViewLayer | Finished
Saved: 'C:\Users\usman_pyywgw5\Downloads\fyp\out\sim\tmp\s000037\swir_probe.exr'
Time: 00:00.02 (Saving: 00:00.00)

Fra:1 Mem:104.72M (Peak 104.72M) | Time:00:00.03 | Mem:81.15M, Peak:81.15M | Scene, ViewLayer | Synchronizing object | neg1
Fra:1 Mem:104.73M (Peak 104.73M) | Time:00:00.03 | Mem:81.15M, Peak:81.15M | Scene, ViewLayer | Synchronizing object | neg0
Fra:1 Mem:104.75M (Peak 104.75M) | Time:00:00.03 | Mem:81.15M, Peak:81.15M | Scene, ViewLayer | Synchronizing object | KAL
Fra:1 Mem:104.93M (Peak 104.93M) | Time:00:00.03 | Mem:81.15M, Peak:81.15M | Scene, ViewLayer | Synchronizing object | structures
Fra:1 Mem:104.93M (Peak 104.93M) | Time:00:00.03 | Mem:81.15M, Peak:81.15M | Scene, ViewLayer | Synchronizing object | ground
Fra:1 Mem:106.93M (Peak 107.32M) | Time:00:00.03 | Mem:81.15M, Peak:81.15M | Scene, ViewLayer | Initializing
Fra:1 Mem:106.92M (Peak 107.32M) | Time:00:00.04 | Mem:81.15M, Peak:81.15M | Scene, ViewLayer | Waiting for render to start
Fra:1 Mem:106.92M (Peak 107.32M) | Time:00:00.04 | Mem:81.15M, Peak:81.15M | Scene, ViewLayer | Loading render kernels (may take a few minutes the first time)
Fra:1 Mem:106.92M (Peak 107.32M) | Time:00:00.04 | Mem:81.15M, Peak:81.15M | Scene, ViewLayer | Updating Scene
Fra:1 Mem:106.92M (Peak 107.32M) | Time:00:00.04 | Mem:81.15M, Peak:81.15M | Scene, ViewLayer | Updating Shaders
Fra:1 Mem:106.94M (Peak 107.32M) | Time:00:00.04 | Mem:81.16M, Peak:81.16M | Scene, ViewLayer | Updating Procedurals
Fra:1 Mem:106.94M (Peak 107.32M) | Time:00:00.04 | Mem:81.16M, Peak:81.16M | Scene, ViewLayer | Updating Background
Fra:1 Mem:106.94M (Peak 107.32M) | Time:00:00.04 | Mem:81.16M, Peak:81.16M | Scene, ViewLayer | Updating Camera
Fra:1 Mem:106.94M (Peak 107.32M) | Time:00:00.04 | Mem:81.08M, Peak:81.16M | Scene, ViewLayer | Updating Meshes Flags
Fra:1 Mem:106.94M (Peak 107.32M) | Time:00:00.04 | Mem:81.08M, Peak:81.16M | Scene, ViewLayer | Updating Objects
Fra:1 Mem:106.94M (Peak 107.32M) | Time:00:00.04 | Mem:81.08M, Peak:81.16M | Scene, ViewLayer | Updating Objects | Copying Transformations to device
Fra:1 Mem:106.94M (Peak 107.32M) | Time:00:00.04 | Mem:81.08M, Peak:81.16M | Scene, ViewLayer | Updating Objects | Applying Static Transformations
Fra:1 Mem:106.94M (Peak 107.32M) | Time:00:00.04 | Mem:81.08M, Peak:81.16M | Scene, ViewLayer | Updating Particle Systems
Fra:1 Mem:106.94M (Peak 107.32M) | Time:00:00.04 | Mem:81.08M, Peak:81.16M | Scene, ViewLayer | Updating Meshes
Fra:1 Mem:107.76M (Peak 107.76M) | Time:00:00.05 | Mem:81.08M, Peak:81.16M | Scene, ViewLayer | Updating Mesh | Computing attributes
Fra:1 Mem:108.14M (Peak 108.14M) | Time:00:00.05 | Mem:81.08M, Peak:81.16M | Scene, ViewLayer | Updating Mesh | Copying Attributes to device
Fra:1 Mem:108.14M (Peak 108.14M) | Time:00:00.05 | Mem:81.46M, Peak:81.46M | Scene, ViewLayer | Updating Geometry BVH neg1 3/3 | Building BVH
Fra:1 Mem:108.14M (Peak 108.14M) | Time:00:00.05 | Mem:81.47M, Peak:81.47M | Scene, ViewLayer | Updating Geometry BVH neg1 3/3 | Building BVH 0%
Fra:1 Mem:108.14M (Peak 108.14M) | Time:00:00.05 | Mem:81.49M, Peak:81.50M | Scene, ViewLayer | Updating Geometry BVH neg0 2/3 | Building BVH
Fra:1 Mem:108.14M (Peak 108.14M) | Time:00:00.05 | Mem:81.52M, Peak:81.54M | Scene, ViewLayer | Updating Geometry BVH KAL 1/3 | Building BVH
Fra:1 Mem:108.14M (Peak 108.14M) | Time:00:00.05 | Mem:81.68M, Peak:81.76M | Scene, ViewLayer | Updating Scene BVH | Building
Fra:1 Mem:108.14M (Peak 108.14M) | Time:00:00.05 | Mem:81.68M, Peak:81.76M | Scene, ViewLayer | Updating Scene BVH | Building BVH
Fra:1 Mem:108.14M (Peak 108.14M) | Time:00:00.09 | Mem:85.07M, Peak:86.62M | Scene, ViewLayer | Updating Scene BVH | Copying BVH to device
Fra:1 Mem:108.14M (Peak 108.14M) | Time:00:00.09 | Mem:85.07M, Peak:86.62M | Scene, ViewLayer | Updating Mesh | Computing normals
Fra:1 Mem:110.02M (Peak 110.02M) | Time:00:00.09 | Mem:85.07M, Peak:86.62M | Scene, ViewLayer | Updating Mesh | Copying Mesh to device
Fra:1 Mem:110.02M (Peak 110.02M) | Time:00:00.09 | Mem:86.95M, Peak:86.95M | Scene, ViewLayer | Updating Objects Flags
Fra:1 Mem:110.02M (Peak 110.02M) | Time:00:00.09 | Mem:86.95M, Peak:86.95M | Scene, ViewLayer | Updating Primitive Offsets
Fra:1 Mem:110.02M (Peak 110.02M) | Time:00:00.09 | Mem:86.95M, Peak:86.95M | Scene, ViewLayer | Updating Images
Fra:1 Mem:110.02M (Peak 110.02M) | Time:00:00.09 | Mem:86.95M, Peak:86.95M | Scene, ViewLayer | Updating Camera Volume
Fra:1 Mem:110.02M (Peak 110.02M) | Time:00:00.09 | Mem:86.95M, Peak:86.95M | Scene, ViewLayer | Updating Lookup Tables
Fra:1 Mem:110.02M (Peak 110.02M) | Time:00:00.09 | Mem:87.04M, Peak:87.04M | Scene, ViewLayer | Updating Lights
Fra:1 Mem:110.02M (Peak 110.02M) | Time:00:00.09 | Mem:87.04M, Peak:87.04M | Scene, ViewLayer | Updating Lights | Computing tree
Fra:1 Mem:110.04M (Peak 110.04M) | Time:00:00.09 | Mem:87.06M, Peak:87.06M | Scene, ViewLayer | Updating Integrator
Fra:1 Mem:110.04M (Peak 110.04M) | Time:00:00.09 | Mem:87.06M, Peak:87.06M | Scene, ViewLayer | Updating Film
Fra:1 Mem:110.04M (Peak 110.04M) | Time:00:00.09 | Mem:87.06M, Peak:87.06M | Scene, ViewLayer | Updating Lookup Tables
Fra:1 Mem:110.04M (Peak 110.04M) | Time:00:00.09 | Mem:87.06M, Peak:87.06M | Scene, ViewLayer | Updating Baking
Fra:1 Mem:110.04M (Peak 110.04M) | Time:00:00.09 | Mem:87.06M, Peak:87.06M | Scene, ViewLayer | Updating Device | Writing constant memory
Fra:1 Mem:110.04M (Peak 110.04M) | Time:00:00.09 | Mem:87.06M, Peak:87.06M | Scene, ViewLayer | Sample 0/256
Fra:1 Mem:110.31M (Peak 110.31M) | Time:00:00.12 | Remaining:00:05.44 | Mem:87.33M, Peak:87.33M | Scene, ViewLayer | Sample 1/256
Fra:1 Mem:110.31M (Peak 110.31M) | Time:00:00.97 | Remaining:00:06.10 | Mem:87.33M, Peak:87.33M | Scene, ViewLayer | Sample 32/256
Fra:1 Mem:110.31M (Peak 110.31M) | Time:00:01.01 | Remaining:00:03.95 | Mem:87.33M, Peak:87.33M | Scene, ViewLayer | Sample 48/256
Fra:1 Mem:110.31M (Peak 110.31M) | Time:00:01.02 | Remaining:00:02.77 | Mem:87.33M, Peak:87.33M | Scene, ViewLayer | Sample 64/256
Fra:1 Mem:110.31M (Peak 110.31M) | Time:00:01.04 | Remaining:00:02.08 | Mem:87.33M, Peak:87.33M | Scene, ViewLayer | Sample 80/256
Fra:1 Mem:110.31M (Peak 110.31M) | Time:00:01.08 | Remaining:00:01.64 | Mem:87.33M, Peak:87.33M | Scene, ViewLayer | Sample 96/256
Fra:1 Mem:110.31M (Peak 110.31M) | Time:00:01.11 | Remaining:00:01.30 | Mem:87.33M, Peak:87.33M | Scene, ViewLayer | Sample 112/256
Fra:1 Mem:110.31M (Peak 110.31M) | Time:00:01.13 | Remaining:00:01.03 | Mem:87.33M, Peak:87.33M | Scene, ViewLayer | Sample 128/256
Fra:1 Mem:110.31M (Peak 110.31M) | Time:00:01.15 | Remaining:00:00.82 | Mem:87.33M, Peak:87.33M | Scene, ViewLayer | Sample 144/256
Fra:1 Mem:110.31M (Peak 110.31M) | Time:00:01.18 | Remaining:00:00.64 | Mem:87.33M, Peak:87.33M | Scene, ViewLayer | Sample 160/256
Fra:1 Mem:110.31M (Peak 110.31M) | Time:00:01.20 | Remaining:00:00.50 | Mem:87.33M, Peak:87.33M | Scene, ViewLayer | Sample 176/256
Fra:1 Mem:110.31M (Peak 110.31M) | Time:00:01.22 | Remaining:00:00.37 | Mem:87.33M, Peak:87.33M | Scene, ViewLayer | Sample 192/256
Fra:1 Mem:110.31M (Peak 110.31M) | Time:00:01.24 | Remaining:00:00.26 | Mem:87.33M, Peak:87.33M | Scene, ViewLayer | Sample 208/256
Fra:1 Mem:110.31M (Peak 110.31M) | Time:00:01.27 | Remaining:00:00.16 | Mem:87.33M, Peak:87.33M | Scene, ViewLayer | Sample 224/256
Fra:1 Mem:110.31M (Peak 110.31M) | Time:00:01.31 | Remaining:00:00.08 | Mem:87.33M, Peak:87.33M | Scene, ViewLayer | Sample 240/256
Fra:1 Mem:110.49M (Peak 110.49M) | Time:00:01.34 | Mem:87.33M, Peak:87.33M | Scene, ViewLayer | Sample 256/256
Fra:1 Mem:110.49M (Peak 110.49M) | Time:00:01.34 | Mem:87.33M, Peak:87.33M | Scene, ViewLayer | Finished
Saved: 'C:\Users\usman_pyywgw5\Downloads\fyp\out\sim\tmp\s000037\swir_target.exr'
Time: 00:01.34 (Saving: 00:00.00)

    swir target  crop 21x17 px @4x: 1.4s
Fra:1 Mem:110.31M (Peak 110.31M) | Time:00:00.00 | Mem:87.33M, Peak:87.33M | Scene, ViewLayer | Synchronizing object | structures
Fra:1 Mem:110.31M (Peak 110.31M) | Time:00:00.00 | Mem:87.33M, Peak:87.33M | Scene, ViewLayer | Synchronizing object | ground
Fra:1 Mem:109.54M (Peak 111.47M) | Time:00:00.00 | Mem:87.33M, Peak:87.33M | Scene, ViewLayer | Initializing
Fra:1 Mem:109.54M (Peak 111.47M) | Time:00:00.00 | Mem:87.33M, Peak:87.33M | Scene, ViewLayer | Waiting for render to start
Fra:1 Mem:109.54M (Peak 111.47M) | Time:00:00.00 | Mem:87.33M, Peak:87.33M | Scene, ViewLayer | Updating Scene
Fra:1 Mem:109.54M (Peak 111.47M) | Time:00:00.00 | Mem:87.33M, Peak:87.33M | Scene, ViewLayer | Updating Shaders
Fra:1 Mem:109.54M (Peak 111.47M) | Time:00:00.00 | Mem:87.33M, Peak:87.33M | Scene, ViewLayer | Updating Background
Fra:1 Mem:109.54M (Peak 111.47M) | Time:00:00.00 | Mem:87.33M, Peak:87.33M | Scene, ViewLayer | Updating Camera
Fra:1 Mem:109.54M (Peak 111.47M) | Time:00:00.00 | Mem:87.33M, Peak:87.33M | Scene, ViewLayer | Updating Meshes Flags
Fra:1 Mem:109.54M (Peak 111.47M) | Time:00:00.00 | Mem:83.94M, Peak:87.33M | Scene, ViewLayer | Updating Objects
Fra:1 Mem:109.54M (Peak 111.47M) | Time:00:00.00 | Mem:83.94M, Peak:87.33M | Scene, ViewLayer | Updating Objects | Copying Transformations to device
Fra:1 Mem:109.54M (Peak 111.47M) | Time:00:00.00 | Mem:83.94M, Peak:87.33M | Scene, ViewLayer | Updating Objects | Applying Static Transformations
Fra:1 Mem:109.54M (Peak 111.47M) | Time:00:00.00 | Mem:83.94M, Peak:87.33M | Scene, ViewLayer | Updating Particle Systems
Fra:1 Mem:109.54M (Peak 111.47M) | Time:00:00.00 | Mem:83.94M, Peak:87.33M | Scene, ViewLayer | Updating Meshes
Fra:1 Mem:108.05M (Peak 111.47M) | Time:00:00.00 | Mem:81.68M, Peak:87.33M | Scene, ViewLayer | Updating Mesh | Computing attributes
Fra:1 Mem:108.43M (Peak 111.47M) | Time:00:00.00 | Mem:81.68M, Peak:87.33M | Scene, ViewLayer | Updating Mesh | Copying Attributes to device
Fra:1 Mem:108.43M (Peak 111.47M) | Time:00:00.00 | Mem:82.06M, Peak:87.33M | Scene, ViewLayer | Updating Scene BVH | Building
Fra:1 Mem:108.43M (Peak 111.47M) | Time:00:00.00 | Mem:82.06M, Peak:87.33M | Scene, ViewLayer | Updating Scene BVH | Building BVH
Fra:1 Mem:108.43M (Peak 111.47M) | Time:00:00.00 | Mem:83.60M, Peak:87.33M | Scene, ViewLayer | Updating Scene BVH | Building BVH 0%
Fra:1 Mem:108.43M (Peak 111.47M) | Time:00:00.03 | Mem:85.45M, Peak:87.33M | Scene, ViewLayer | Updating Scene BVH | Copying BVH to device
Fra:1 Mem:108.43M (Peak 111.47M) | Time:00:00.03 | Mem:85.45M, Peak:87.33M | Scene, ViewLayer | Updating Mesh | Computing normals
Fra:1 Mem:110.31M (Peak 111.47M) | Time:00:00.03 | Mem:85.45M, Peak:87.33M | Scene, ViewLayer | Updating Mesh | Copying Mesh to device
Fra:1 Mem:110.31M (Peak 111.47M) | Time:00:00.03 | Mem:87.33M, Peak:87.33M | Scene, ViewLayer | Updating Objects Flags
Fra:1 Mem:110.31M (Peak 111.47M) | Time:00:00.03 | Mem:87.33M, Peak:87.33M | Scene, ViewLayer | Updating Primitive Offsets
Fra:1 Mem:110.31M (Peak 111.47M) | Time:00:00.03 | Mem:87.33M, Peak:87.33M | Scene, ViewLayer | Updating Images
Fra:1 Mem:110.31M (Peak 111.47M) | Time:00:00.03 | Mem:87.33M, Peak:87.33M | Scene, ViewLayer | Updating Camera Volume
Fra:1 Mem:110.31M (Peak 111.47M) | Time:00:00.03 | Mem:87.33M, Peak:87.33M | Scene, ViewLayer | Updating Lookup Tables
Fra:1 Mem:110.31M (Peak 111.47M) | Time:00:00.03 | Mem:87.33M, Peak:87.33M | Scene, ViewLayer | Updating Lights
Fra:1 Mem:110.29M (Peak 111.47M) | Time:00:00.03 | Mem:87.31M, Peak:87.33M | Scene, ViewLayer | Updating Lights | Computing tree
Fra:1 Mem:110.31M (Peak 111.47M) | Time:00:00.03 | Mem:87.33M, Peak:87.33M | Scene, ViewLayer | Updating Integrator
Fra:1 Mem:110.31M (Peak 111.47M) | Time:00:00.03 | Mem:87.33M, Peak:87.33M | Scene, ViewLayer | Updating Film
Fra:1 Mem:110.31M (Peak 111.47M) | Time:00:00.03 | Mem:87.33M, Peak:87.33M | Scene, ViewLayer | Updating Lookup Tables
Fra:1 Mem:110.31M (Peak 111.47M) | Time:00:00.03 | Mem:87.33M, Peak:87.33M | Scene, ViewLayer | Updating Baking
Fra:1 Mem:110.31M (Peak 111.47M) | Time:00:00.03 | Mem:87.33M, Peak:87.33M | Scene, ViewLayer | Updating Device | Writing constant memory
Fra:1 Mem:110.31M (Peak 111.47M) | Time:00:00.03 | Mem:87.33M, Peak:87.33M | Scene, ViewLayer | Sample 0/256
Fra:1 Mem:110.20M (Peak 111.47M) | Time:00:00.05 | Remaining:00:03.90 | Mem:87.22M, Peak:87.33M | Scene, ViewLayer | Sample 1/256
Fra:1 Mem:110.20M (Peak 111.47M) | Time:00:00.49 | Remaining:00:03.23 | Mem:87.22M, Peak:87.33M | Scene, ViewLayer | Sample 32/256
Fra:1 Mem:110.32M (Peak 111.47M) | Time:00:00.49 | Remaining:00:03.23 | Mem:87.22M, Peak:87.33M | Scene, ViewLayer | Sample 0/256
Fra:1 Mem:110.32M (Peak 111.47M) | Time:00:00.49 | Remaining:00:03.23 | Mem:87.22M, Peak:87.33M | Scene, ViewLayer | Finished
Saved: 'C:\Users\usman_pyywgw5\Downloads\fyp\out\sim\tmp\s000037\swir_neg0.exr'
Time: 00:00.50 (Saving: 00:00.00)

    swir neg0    crop 15x15 px @4x: 0.5s
Fra:1 Mem:110.21M (Peak 110.21M) | Time:00:00.00 | Mem:87.22M, Peak:87.22M | Scene, ViewLayer | Synchronizing object | structures
Fra:1 Mem:110.21M (Peak 110.21M) | Time:00:00.00 | Mem:87.22M, Peak:87.22M | Scene, ViewLayer | Synchronizing object | ground
Fra:1 Mem:109.43M (Peak 111.37M) | Time:00:00.00 | Mem:87.22M, Peak:87.22M | Scene, ViewLayer | Initializing
Fra:1 Mem:109.43M (Peak 111.37M) | Time:00:00.00 | Mem:87.22M, Peak:87.22M | Scene, ViewLayer | Waiting for render to start
Fra:1 Mem:109.43M (Peak 111.37M) | Time:00:00.00 | Mem:87.22M, Peak:87.22M | Scene, ViewLayer | Updating Scene
Fra:1 Mem:109.43M (Peak 111.37M) | Time:00:00.00 | Mem:87.22M, Peak:87.22M | Scene, ViewLayer | Updating Shaders
Fra:1 Mem:109.43M (Peak 111.37M) | Time:00:00.00 | Mem:87.22M, Peak:87.22M | Scene, ViewLayer | Updating Background
Fra:1 Mem:109.43M (Peak 111.37M) | Time:00:00.00 | Mem:87.22M, Peak:87.22M | Scene, ViewLayer | Updating Camera
Fra:1 Mem:109.43M (Peak 111.37M) | Time:00:00.00 | Mem:87.22M, Peak:87.22M | Scene, ViewLayer | Updating Meshes Flags
Fra:1 Mem:109.43M (Peak 111.37M) | Time:00:00.00 | Mem:83.83M, Peak:87.22M | Scene, ViewLayer | Updating Objects
Fra:1 Mem:109.43M (Peak 111.37M) | Time:00:00.00 | Mem:83.83M, Peak:87.22M | Scene, ViewLayer | Updating Objects | Copying Transformations to device
Fra:1 Mem:109.43M (Peak 111.37M) | Time:00:00.00 | Mem:83.83M, Peak:87.22M | Scene, ViewLayer | Updating Objects | Applying Static Transformations
Fra:1 Mem:109.43M (Peak 111.37M) | Time:00:00.00 | Mem:83.83M, Peak:87.22M | Scene, ViewLayer | Updating Particle Systems
Fra:1 Mem:109.43M (Peak 111.37M) | Time:00:00.00 | Mem:83.83M, Peak:87.22M | Scene, ViewLayer | Updating Meshes
Fra:1 Mem:107.94M (Peak 111.37M) | Time:00:00.00 | Mem:81.57M, Peak:87.22M | Scene, ViewLayer | Updating Mesh | Computing attributes
Fra:1 Mem:108.32M (Peak 111.37M) | Time:00:00.00 | Mem:81.57M, Peak:87.22M | Scene, ViewLayer | Updating Mesh | Copying Attributes to device
Fra:1 Mem:108.32M (Peak 111.37M) | Time:00:00.00 | Mem:81.95M, Peak:87.22M | Scene, ViewLayer | Updating Scene BVH | Building
Fra:1 Mem:108.32M (Peak 111.37M) | Time:00:00.00 | Mem:81.95M, Peak:87.22M | Scene, ViewLayer | Updating Scene BVH | Building BVH
Fra:1 Mem:108.32M (Peak 111.37M) | Time:00:00.00 | Mem:83.50M, Peak:87.22M | Scene, ViewLayer | Updating Scene BVH | Building BVH 0%
Fra:1 Mem:108.32M (Peak 111.37M) | Time:00:00.03 | Mem:85.34M, Peak:87.22M | Scene, ViewLayer | Updating Scene BVH | Copying BVH to device
Fra:1 Mem:108.32M (Peak 111.37M) | Time:00:00.03 | Mem:85.34M, Peak:87.22M | Scene, ViewLayer | Updating Mesh | Computing normals
Fra:1 Mem:110.20M (Peak 111.37M) | Time:00:00.03 | Mem:85.34M, Peak:87.22M | Scene, ViewLayer | Updating Mesh | Copying Mesh to device
Fra:1 Mem:110.20M (Peak 111.37M) | Time:00:00.03 | Mem:87.22M, Peak:87.22M | Scene, ViewLayer | Updating Objects Flags
Fra:1 Mem:110.20M (Peak 111.37M) | Time:00:00.03 | Mem:87.22M, Peak:87.22M | Scene, ViewLayer | Updating Primitive Offsets
Fra:1 Mem:110.20M (Peak 111.37M) | Time:00:00.03 | Mem:87.22M, Peak:87.22M | Scene, ViewLayer | Updating Images
Fra:1 Mem:110.20M (Peak 111.37M) | Time:00:00.03 | Mem:87.22M, Peak:87.22M | Scene, ViewLayer | Updating Camera Volume
Fra:1 Mem:110.20M (Peak 111.37M) | Time:00:00.03 | Mem:87.22M, Peak:87.22M | Scene, ViewLayer | Updating Lookup Tables
Fra:1 Mem:110.20M (Peak 111.37M) | Time:00:00.03 | Mem:87.22M, Peak:87.22M | Scene, ViewLayer | Updating Lights
Fra:1 Mem:110.18M (Peak 111.37M) | Time:00:00.03 | Mem:87.20M, Peak:87.22M | Scene, ViewLayer | Updating Lights | Computing tree
Fra:1 Mem:110.20M (Peak 111.37M) | Time:00:00.03 | Mem:87.22M, Peak:87.22M | Scene, ViewLayer | Updating Integrator
Fra:1 Mem:110.20M (Peak 111.37M) | Time:00:00.03 | Mem:87.22M, Peak:87.22M | Scene, ViewLayer | Updating Film
Fra:1 Mem:110.20M (Peak 111.37M) | Time:00:00.03 | Mem:87.22M, Peak:87.22M | Scene, ViewLayer | Updating Lookup Tables
Fra:1 Mem:110.20M (Peak 111.37M) | Time:00:00.03 | Mem:87.22M, Peak:87.22M | Scene, ViewLayer | Updating Baking
Fra:1 Mem:110.20M (Peak 111.37M) | Time:00:00.03 | Mem:87.22M, Peak:87.22M | Scene, ViewLayer | Updating Device | Writing constant memory
Fra:1 Mem:110.20M (Peak 111.37M) | Time:00:00.03 | Mem:87.22M, Peak:87.22M | Scene, ViewLayer | Sample 0/256
Fra:1 Mem:110.20M (Peak 111.37M) | Time:00:00.05 | Remaining:00:05.25 | Mem:87.22M, Peak:87.22M | Scene, ViewLayer | Sample 1/256
Fra:1 Mem:110.20M (Peak 111.37M) | Time:00:00.49 | Remaining:00:03.17 | Mem:87.22M, Peak:87.22M | Scene, ViewLayer | Sample 32/256
Fra:1 Mem:110.32M (Peak 111.37M) | Time:00:00.49 | Remaining:00:03.17 | Mem:87.22M, Peak:87.22M | Scene, ViewLayer | Sample 0/256
Fra:1 Mem:110.32M (Peak 111.37M) | Time:00:00.49 | Remaining:00:03.17 | Mem:87.22M, Peak:87.22M | Scene, ViewLayer | Finished
Saved: 'C:\Users\usman_pyywgw5\Downloads\fyp\out\sim\tmp\s000037\swir_neg1.exr'
Time: 00:00.50 (Saving: 00:00.00)

    swir neg1    crop 16x14 px @4x: 0.5s
[s000037] done in 369.7s  calibration 3.0, build 1.1, rgb 162.9, lwir 18.4, swir 180.4, write 2.5

Blender quit
